keyword,target_page,cluster,intent,priority
education loan for abroad studies,/financial-assistance,Education Loan,commercial,1 - head
study abroad education loan,/financial-assistance,Education Loan,commercial,1 - head
overseas education loan,/financial-assistance,Education Loan,commercial,1 - head
education loan without collateral for abroad studies,/financial-assistance,Education Loan,commercial,2 - body
unsecured education loan for study abroad,/financial-assistance,Education Loan,commercial,2 - body
education loan for MS in USA,/financial-assistance,Education Loan,commercial,2 - body
education loan for Canada study permit,/financial-assistance,Education Loan,commercial,2 - body
education loan interest rate for abroad studies,/financial-assistance,Education Loan,commercial,2 - body
collateral free education loan for study abroad,/financial-assistance,Education Loan,commercial,2 - body
education loan eligibility for abroad studies,/financial-assistance,Education Loan,commercial,2 - body
how much education loan can I get for abroad,/financial-assistance,Education Loan,commercial,2 - body
can I get education loan without collateral for abroad studies,/financial-assistance,Education Loan,informational,3 - long tail / AEO
which bank is best for education loan for abroad studies,/financial-assistance,Education Loan,informational,3 - long tail / AEO
documents required for education loan for abroad studies,/financial-assistance,Education Loan,informational,3 - long tail / AEO
education loan moratorium period for study abroad,/financial-assistance,Education Loan,informational,3 - long tail / AEO
what happens if education loan is rejected for study abroad,/financial-assistance,Education Loan,informational,3 - long tail / AEO
education loan tax benefit section 80E,/financial-assistance,Education Loan,informational,3 - long tail / AEO
education loan in Mumbai,/study-abroad-consultants-in-mumbai,Education Loan,local commercial,2 - body
education loan in Pune,/study-abroad-consultants-in-pune,Education Loan,local commercial,2 - body
education loan in Nagpur,/study-abroad-consultants-in-nagpur,Education Loan,local commercial,2 - body
education loan in Thane,/study-abroad-consultants-in-thane,Education Loan,local commercial,2 - body
education loan in Nashik,/study-abroad-consultants-in-nashik,Education Loan,local commercial,2 - body
education loan in Navi Mumbai,/study-abroad-consultants-in-navi-mumbai,Education Loan,local commercial,2 - body
education loan in Pimpri-Chinchwad,/study-abroad-consultants-in-pimpri-chinchwad,Education Loan,local commercial,2 - body
education loan in Kalyan-Dombivli,/study-abroad-consultants-in-kalyan-dombivli,Education Loan,local commercial,2 - body
education loan in Vasai-Virar,/study-abroad-consultants-in-vasai-virar,Education Loan,local commercial,2 - body
education loan in Chhatrapati Sambhajinagar,/study-abroad-consultants-in-chhatrapati-sambhajinagar,Education Loan,local commercial,2 - body
education loan in Solapur,/study-abroad-consultants-in-solapur,Education Loan,local commercial,2 - body
education loan in Kolhapur,/study-abroad-consultants-in-kolhapur,Education Loan,local commercial,2 - body
education loan in Amravati,/study-abroad-consultants-in-amravati,Education Loan,local commercial,2 - body
education loan in Mira-Bhayandar,/study-abroad-consultants-in-mira-bhayandar,Education Loan,local commercial,2 - body
education loan in Bengaluru,/study-abroad-consultants-in-bengaluru,Education Loan,local commercial,2 - body
education loan in Mysuru,/study-abroad-consultants-in-mysuru,Education Loan,local commercial,2 - body
education loan in Hubballi-Dharwad,/study-abroad-consultants-in-hubballi-dharwad,Education Loan,local commercial,2 - body
education loan in Mangaluru,/study-abroad-consultants-in-mangaluru,Education Loan,local commercial,2 - body
education loan in Belagavi,/study-abroad-consultants-in-belagavi,Education Loan,local commercial,2 - body
education loan in Kalaburagi,/study-abroad-consultants-in-kalaburagi,Education Loan,local commercial,2 - body
education loan in Davanagere,/study-abroad-consultants-in-davanagere,Education Loan,local commercial,2 - body
education loan in Ballari,/study-abroad-consultants-in-ballari,Education Loan,local commercial,2 - body
education loan in Chennai,/study-abroad-consultants-in-chennai,Education Loan,local commercial,2 - body
education loan in Coimbatore,/study-abroad-consultants-in-coimbatore,Education Loan,local commercial,2 - body
education loan in Madurai,/study-abroad-consultants-in-madurai,Education Loan,local commercial,2 - body
education loan in Tiruchirappalli,/study-abroad-consultants-in-tiruchirappalli,Education Loan,local commercial,2 - body
education loan in Salem,/study-abroad-consultants-in-salem,Education Loan,local commercial,2 - body
education loan in Tirunelveli,/study-abroad-consultants-in-tirunelveli,Education Loan,local commercial,2 - body
education loan in Tiruppur,/study-abroad-consultants-in-tiruppur,Education Loan,local commercial,2 - body
education loan in Erode,/study-abroad-consultants-in-erode,Education Loan,local commercial,2 - body
education loan in Vellore,/study-abroad-consultants-in-vellore,Education Loan,local commercial,2 - body
education loan in Hyderabad,/study-abroad-consultants-in-hyderabad,Education Loan,local commercial,2 - body
education loan in Warangal,/study-abroad-consultants-in-warangal,Education Loan,local commercial,2 - body
education loan in Nizamabad,/study-abroad-consultants-in-nizamabad,Education Loan,local commercial,2 - body
education loan in Karimnagar,/study-abroad-consultants-in-karimnagar,Education Loan,local commercial,2 - body
education loan in Khammam,/study-abroad-consultants-in-khammam,Education Loan,local commercial,2 - body
education loan in Secunderabad,/study-abroad-consultants-in-secunderabad,Education Loan,local commercial,2 - body
education loan in New Delhi,/study-abroad-consultants-in-new-delhi,Education Loan,local commercial,2 - body
education loan in Ahmedabad,/study-abroad-consultants-in-ahmedabad,Education Loan,local commercial,2 - body
education loan in Surat,/study-abroad-consultants-in-surat,Education Loan,local commercial,2 - body
education loan in Vadodara,/study-abroad-consultants-in-vadodara,Education Loan,local commercial,2 - body
education loan in Rajkot,/study-abroad-consultants-in-rajkot,Education Loan,local commercial,2 - body
education loan in Bhavnagar,/study-abroad-consultants-in-bhavnagar,Education Loan,local commercial,2 - body
education loan in Jamnagar,/study-abroad-consultants-in-jamnagar,Education Loan,local commercial,2 - body
education loan in Gandhinagar,/study-abroad-consultants-in-gandhinagar,Education Loan,local commercial,2 - body
education loan in Thiruvananthapuram,/study-abroad-consultants-in-thiruvananthapuram,Education Loan,local commercial,2 - body
education loan in Kochi,/study-abroad-consultants-in-kochi,Education Loan,local commercial,2 - body
education loan in Kozhikode,/study-abroad-consultants-in-kozhikode,Education Loan,local commercial,2 - body
education loan in Thrissur,/study-abroad-consultants-in-thrissur,Education Loan,local commercial,2 - body
education loan in Kollam,/study-abroad-consultants-in-kollam,Education Loan,local commercial,2 - body
education loan in Kannur,/study-abroad-consultants-in-kannur,Education Loan,local commercial,2 - body
education loan in Kolkata,/study-abroad-consultants-in-kolkata,Education Loan,local commercial,2 - body
education loan in Howrah,/study-abroad-consultants-in-howrah,Education Loan,local commercial,2 - body
education loan in Durgapur,/study-abroad-consultants-in-durgapur,Education Loan,local commercial,2 - body
education loan in Asansol,/study-abroad-consultants-in-asansol,Education Loan,local commercial,2 - body
education loan in Siliguri,/study-abroad-consultants-in-siliguri,Education Loan,local commercial,2 - body
education loan in Lucknow,/study-abroad-consultants-in-lucknow,Education Loan,local commercial,2 - body
education loan in Kanpur,/study-abroad-consultants-in-kanpur,Education Loan,local commercial,2 - body
education loan in Ghaziabad,/study-abroad-consultants-in-ghaziabad,Education Loan,local commercial,2 - body
education loan in Agra,/study-abroad-consultants-in-agra,Education Loan,local commercial,2 - body
education loan in Varanasi,/study-abroad-consultants-in-varanasi,Education Loan,local commercial,2 - body
education loan in Meerut,/study-abroad-consultants-in-meerut,Education Loan,local commercial,2 - body
education loan in Prayagraj,/study-abroad-consultants-in-prayagraj,Education Loan,local commercial,2 - body
education loan in Noida,/study-abroad-consultants-in-noida,Education Loan,local commercial,2 - body
education loan in Bareilly,/study-abroad-consultants-in-bareilly,Education Loan,local commercial,2 - body
education loan in Aligarh,/study-abroad-consultants-in-aligarh,Education Loan,local commercial,2 - body
education loan in Moradabad,/study-abroad-consultants-in-moradabad,Education Loan,local commercial,2 - body
education loan in Gorakhpur,/study-abroad-consultants-in-gorakhpur,Education Loan,local commercial,2 - body
education loan in Saharanpur,/study-abroad-consultants-in-saharanpur,Education Loan,local commercial,2 - body
education loan in Greater Noida,/study-abroad-consultants-in-greater-noida,Education Loan,local commercial,2 - body
education loan in Jaipur,/study-abroad-consultants-in-jaipur,Education Loan,local commercial,2 - body
education loan in Jodhpur,/study-abroad-consultants-in-jodhpur,Education Loan,local commercial,2 - body
education loan in Kota,/study-abroad-consultants-in-kota,Education Loan,local commercial,2 - body
education loan in Bikaner,/study-abroad-consultants-in-bikaner,Education Loan,local commercial,2 - body
education loan in Ajmer,/study-abroad-consultants-in-ajmer,Education Loan,local commercial,2 - body
education loan in Udaipur,/study-abroad-consultants-in-udaipur,Education Loan,local commercial,2 - body
education loan in Indore,/study-abroad-consultants-in-indore,Education Loan,local commercial,2 - body
education loan in Bhopal,/study-abroad-consultants-in-bhopal,Education Loan,local commercial,2 - body
education loan in Jabalpur,/study-abroad-consultants-in-jabalpur,Education Loan,local commercial,2 - body
education loan in Gwalior,/study-abroad-consultants-in-gwalior,Education Loan,local commercial,2 - body
education loan in Ujjain,/study-abroad-consultants-in-ujjain,Education Loan,local commercial,2 - body
education loan in Ludhiana,/study-abroad-consultants-in-ludhiana,Education Loan,local commercial,2 - body
education loan in Amritsar,/study-abroad-consultants-in-amritsar,Education Loan,local commercial,2 - body
education loan in Jalandhar,/study-abroad-consultants-in-jalandhar,Education Loan,local commercial,2 - body
education loan in Patiala,/study-abroad-consultants-in-patiala,Education Loan,local commercial,2 - body
education loan in Bathinda,/study-abroad-consultants-in-bathinda,Education Loan,local commercial,2 - body
education loan in Mohali,/study-abroad-consultants-in-mohali,Education Loan,local commercial,2 - body
education loan in Gurugram,/study-abroad-consultants-in-gurugram,Education Loan,local commercial,2 - body
education loan in Faridabad,/study-abroad-consultants-in-faridabad,Education Loan,local commercial,2 - body
education loan in Panipat,/study-abroad-consultants-in-panipat,Education Loan,local commercial,2 - body
education loan in Ambala,/study-abroad-consultants-in-ambala,Education Loan,local commercial,2 - body
education loan in Yamunanagar,/study-abroad-consultants-in-yamunanagar,Education Loan,local commercial,2 - body
education loan in Rohtak,/study-abroad-consultants-in-rohtak,Education Loan,local commercial,2 - body
education loan in Hisar,/study-abroad-consultants-in-hisar,Education Loan,local commercial,2 - body
education loan in Karnal,/study-abroad-consultants-in-karnal,Education Loan,local commercial,2 - body
education loan in Visakhapatnam,/study-abroad-consultants-in-visakhapatnam,Education Loan,local commercial,2 - body
education loan in Vijayawada,/study-abroad-consultants-in-vijayawada,Education Loan,local commercial,2 - body
education loan in Guntur,/study-abroad-consultants-in-guntur,Education Loan,local commercial,2 - body
education loan in Nellore,/study-abroad-consultants-in-nellore,Education Loan,local commercial,2 - body
education loan in Kurnool,/study-abroad-consultants-in-kurnool,Education Loan,local commercial,2 - body
education loan in Rajahmundry,/study-abroad-consultants-in-rajahmundry,Education Loan,local commercial,2 - body
education loan in Tirupati,/study-abroad-consultants-in-tirupati,Education Loan,local commercial,2 - body
education loan in Kakinada,/study-abroad-consultants-in-kakinada,Education Loan,local commercial,2 - body
education loan in Patna,/study-abroad-consultants-in-patna,Education Loan,local commercial,2 - body
education loan in Gaya,/study-abroad-consultants-in-gaya,Education Loan,local commercial,2 - body
education loan in Bhagalpur,/study-abroad-consultants-in-bhagalpur,Education Loan,local commercial,2 - body
education loan in Muzaffarpur,/study-abroad-consultants-in-muzaffarpur,Education Loan,local commercial,2 - body
education loan in Darbhanga,/study-abroad-consultants-in-darbhanga,Education Loan,local commercial,2 - body
education loan in Bhubaneswar,/study-abroad-consultants-in-bhubaneswar,Education Loan,local commercial,2 - body
education loan in Cuttack,/study-abroad-consultants-in-cuttack,Education Loan,local commercial,2 - body
education loan in Rourkela,/study-abroad-consultants-in-rourkela,Education Loan,local commercial,2 - body
education loan in Berhampur,/study-abroad-consultants-in-berhampur,Education Loan,local commercial,2 - body
education loan in Ranchi,/study-abroad-consultants-in-ranchi,Education Loan,local commercial,2 - body
education loan in Jamshedpur,/study-abroad-consultants-in-jamshedpur,Education Loan,local commercial,2 - body
education loan in Dhanbad,/study-abroad-consultants-in-dhanbad,Education Loan,local commercial,2 - body
education loan in Bokaro,/study-abroad-consultants-in-bokaro,Education Loan,local commercial,2 - body
education loan in Raipur,/study-abroad-consultants-in-raipur,Education Loan,local commercial,2 - body
education loan in Bhilai,/study-abroad-consultants-in-bhilai,Education Loan,local commercial,2 - body
education loan in Bilaspur,/study-abroad-consultants-in-bilaspur,Education Loan,local commercial,2 - body
education loan in Korba,/study-abroad-consultants-in-korba,Education Loan,local commercial,2 - body
education loan in Guwahati,/study-abroad-consultants-in-guwahati,Education Loan,local commercial,2 - body
education loan in Silchar,/study-abroad-consultants-in-silchar,Education Loan,local commercial,2 - body
education loan in Dehradun,/study-abroad-consultants-in-dehradun,Education Loan,local commercial,2 - body
education loan in Haridwar,/study-abroad-consultants-in-haridwar,Education Loan,local commercial,2 - body
education loan in Shimla,/study-abroad-consultants-in-shimla,Education Loan,local commercial,2 - body
education loan in Panaji,/study-abroad-consultants-in-panaji,Education Loan,local commercial,2 - body
education loan in Srinagar,/study-abroad-consultants-in-srinagar,Education Loan,local commercial,2 - body
education loan in Jammu,/study-abroad-consultants-in-jammu,Education Loan,local commercial,2 - body
education loan in Chandigarh,/study-abroad-consultants-in-chandigarh,Education Loan,local commercial,2 - body
education loan in Puducherry,/study-abroad-consultants-in-puducherry,Education Loan,local commercial,2 - body
education loan in Agartala,/study-abroad-consultants-in-agartala,Education Loan,local commercial,2 - body
education loan in Imphal,/study-abroad-consultants-in-imphal,Education Loan,local commercial,2 - body
education loan in Shillong,/study-abroad-consultants-in-shillong,Education Loan,local commercial,2 - body
education loan in Kohima,/study-abroad-consultants-in-kohima,Education Loan,local commercial,2 - body
education loan in Dimapur,/study-abroad-consultants-in-dimapur,Education Loan,local commercial,2 - body
education loan in Aizawl,/study-abroad-consultants-in-aizawl,Education Loan,local commercial,2 - body
education loan in Itanagar,/study-abroad-consultants-in-itanagar,Education Loan,local commercial,2 - body
education loan in Gangtok,/study-abroad-consultants-in-gangtok,Education Loan,local commercial,2 - body
education loan in Bhiwandi,/study-abroad-consultants-in-bhiwandi,Education Loan,local commercial,4 - long tail local
education loan in Nanded,/study-abroad-consultants-in-nanded,Education Loan,local commercial,4 - long tail local
education loan in Sangli,/study-abroad-consultants-in-sangli,Education Loan,local commercial,4 - long tail local
education loan in Jalgaon,/study-abroad-consultants-in-jalgaon,Education Loan,local commercial,4 - long tail local
education loan in Akola,/study-abroad-consultants-in-akola,Education Loan,local commercial,4 - long tail local
education loan in Latur,/study-abroad-consultants-in-latur,Education Loan,local commercial,4 - long tail local
education loan in Dhule,/study-abroad-consultants-in-dhule,Education Loan,local commercial,4 - long tail local
education loan in Ahmednagar,/study-abroad-consultants-in-ahmednagar,Education Loan,local commercial,4 - long tail local
education loan in Chandrapur,/study-abroad-consultants-in-chandrapur,Education Loan,local commercial,4 - long tail local
education loan in Parbhani,/study-abroad-consultants-in-parbhani,Education Loan,local commercial,4 - long tail local
education loan in Ichalkaranji,/study-abroad-consultants-in-ichalkaranji,Education Loan,local commercial,4 - long tail local
education loan in Jalna,/study-abroad-consultants-in-jalna,Education Loan,local commercial,4 - long tail local
education loan in Ambernath,/study-abroad-consultants-in-ambernath,Education Loan,local commercial,4 - long tail local
education loan in Badlapur,/study-abroad-consultants-in-badlapur,Education Loan,local commercial,4 - long tail local
education loan in Panvel,/study-abroad-consultants-in-panvel,Education Loan,local commercial,4 - long tail local
education loan in Satara,/study-abroad-consultants-in-satara,Education Loan,local commercial,4 - long tail local
education loan in Beed,/study-abroad-consultants-in-beed,Education Loan,local commercial,4 - long tail local
education loan in Yavatmal,/study-abroad-consultants-in-yavatmal,Education Loan,local commercial,4 - long tail local
education loan in Wardha,/study-abroad-consultants-in-wardha,Education Loan,local commercial,4 - long tail local
education loan in Ratnagiri,/study-abroad-consultants-in-ratnagiri,Education Loan,local commercial,4 - long tail local
education loan in Ulhasnagar,/study-abroad-consultants-in-ulhasnagar,Education Loan,local commercial,4 - long tail local
education loan in Andheri,/study-abroad-consultants-in-andheri,Education Loan,local commercial,4 - long tail local
education loan in Ghatkopar,/study-abroad-consultants-in-ghatkopar,Education Loan,local commercial,4 - long tail local
education loan in Borivali,/study-abroad-consultants-in-borivali,Education Loan,local commercial,4 - long tail local
education loan in Dadar,/study-abroad-consultants-in-dadar,Education Loan,local commercial,4 - long tail local
education loan in Powai,/study-abroad-consultants-in-powai,Education Loan,local commercial,4 - long tail local
education loan in Vijayapura,/study-abroad-consultants-in-vijayapura,Education Loan,local commercial,4 - long tail local
education loan in Shivamogga,/study-abroad-consultants-in-shivamogga,Education Loan,local commercial,4 - long tail local
education loan in Tumakuru,/study-abroad-consultants-in-tumakuru,Education Loan,local commercial,4 - long tail local
education loan in Raichur,/study-abroad-consultants-in-raichur,Education Loan,local commercial,4 - long tail local
education loan in Bidar,/study-abroad-consultants-in-bidar,Education Loan,local commercial,4 - long tail local
education loan in Hassan,/study-abroad-consultants-in-hassan,Education Loan,local commercial,4 - long tail local
education loan in Udupi,/study-abroad-consultants-in-udupi,Education Loan,local commercial,4 - long tail local
education loan in Gadag,/study-abroad-consultants-in-gadag,Education Loan,local commercial,4 - long tail local
education loan in Chitradurga,/study-abroad-consultants-in-chitradurga,Education Loan,local commercial,4 - long tail local
education loan in Kolar,/study-abroad-consultants-in-kolar,Education Loan,local commercial,4 - long tail local
education loan in Mandya,/study-abroad-consultants-in-mandya,Education Loan,local commercial,4 - long tail local
education loan in Bagalkot,/study-abroad-consultants-in-bagalkot,Education Loan,local commercial,4 - long tail local
education loan in Karwar,/study-abroad-consultants-in-karwar,Education Loan,local commercial,4 - long tail local
education loan in Chikkamagaluru,/study-abroad-consultants-in-chikkamagaluru,Education Loan,local commercial,4 - long tail local
education loan in Whitefield,/study-abroad-consultants-in-whitefield,Education Loan,local commercial,4 - long tail local
education loan in Electronic City,/study-abroad-consultants-in-electronic-city,Education Loan,local commercial,4 - long tail local
education loan in Jayanagar,/study-abroad-consultants-in-jayanagar,Education Loan,local commercial,4 - long tail local
education loan in Thoothukudi,/study-abroad-consultants-in-thoothukudi,Education Loan,local commercial,4 - long tail local
education loan in Thanjavur,/study-abroad-consultants-in-thanjavur,Education Loan,local commercial,4 - long tail local
education loan in Dindigul,/study-abroad-consultants-in-dindigul,Education Loan,local commercial,4 - long tail local
education loan in Cuddalore,/study-abroad-consultants-in-cuddalore,Education Loan,local commercial,4 - long tail local
education loan in Kanchipuram,/study-abroad-consultants-in-kanchipuram,Education Loan,local commercial,4 - long tail local
education loan in Karur,/study-abroad-consultants-in-karur,Education Loan,local commercial,4 - long tail local
education loan in Namakkal,/study-abroad-consultants-in-namakkal,Education Loan,local commercial,4 - long tail local
education loan in Hosur,/study-abroad-consultants-in-hosur,Education Loan,local commercial,4 - long tail local
education loan in Nagercoil,/study-abroad-consultants-in-nagercoil,Education Loan,local commercial,4 - long tail local
education loan in Kumbakonam,/study-abroad-consultants-in-kumbakonam,Education Loan,local commercial,4 - long tail local
education loan in Rajapalayam,/study-abroad-consultants-in-rajapalayam,Education Loan,local commercial,4 - long tail local
education loan in Sivakasi,/study-abroad-consultants-in-sivakasi,Education Loan,local commercial,4 - long tail local
education loan in Pudukkottai,/study-abroad-consultants-in-pudukkottai,Education Loan,local commercial,4 - long tail local
education loan in Ambur,/study-abroad-consultants-in-ambur,Education Loan,local commercial,4 - long tail local
education loan in Villupuram,/study-abroad-consultants-in-villupuram,Education Loan,local commercial,4 - long tail local
education loan in Tambaram,/study-abroad-consultants-in-tambaram,Education Loan,local commercial,4 - long tail local
education loan in Avadi,/study-abroad-consultants-in-avadi,Education Loan,local commercial,4 - long tail local
education loan in Ooty,/study-abroad-consultants-in-ooty,Education Loan,local commercial,4 - long tail local
education loan in Ramagundam,/study-abroad-consultants-in-ramagundam,Education Loan,local commercial,4 - long tail local
education loan in Mahbubnagar,/study-abroad-consultants-in-mahbubnagar,Education Loan,local commercial,4 - long tail local
education loan in Nalgonda,/study-abroad-consultants-in-nalgonda,Education Loan,local commercial,4 - long tail local
education loan in Adilabad,/study-abroad-consultants-in-adilabad,Education Loan,local commercial,4 - long tail local
education loan in Suryapet,/study-abroad-consultants-in-suryapet,Education Loan,local commercial,4 - long tail local
education loan in Siddipet,/study-abroad-consultants-in-siddipet,Education Loan,local commercial,4 - long tail local
education loan in Miryalaguda,/study-abroad-consultants-in-miryalaguda,Education Loan,local commercial,4 - long tail local
education loan in Gachibowli,/study-abroad-consultants-in-gachibowli,Education Loan,local commercial,4 - long tail local
education loan in Kukatpally,/study-abroad-consultants-in-kukatpally,Education Loan,local commercial,4 - long tail local
education loan in Madhapur,/study-abroad-consultants-in-madhapur,Education Loan,local commercial,4 - long tail local
education loan in Dwarka,/study-abroad-consultants-in-dwarka,Education Loan,local commercial,4 - long tail local
education loan in Rohini,/study-abroad-consultants-in-rohini,Education Loan,local commercial,4 - long tail local
education loan in Saket,/study-abroad-consultants-in-saket,Education Loan,local commercial,4 - long tail local
education loan in Laxmi Nagar,/study-abroad-consultants-in-laxmi-nagar,Education Loan,local commercial,4 - long tail local
education loan in Pitampura,/study-abroad-consultants-in-pitampura,Education Loan,local commercial,4 - long tail local
education loan in Janakpuri,/study-abroad-consultants-in-janakpuri,Education Loan,local commercial,4 - long tail local
education loan in Karol Bagh,/study-abroad-consultants-in-karol-bagh,Education Loan,local commercial,4 - long tail local
education loan in Connaught Place,/study-abroad-consultants-in-connaught-place,Education Loan,local commercial,4 - long tail local
education loan in Vasant Kunj,/study-abroad-consultants-in-vasant-kunj,Education Loan,local commercial,4 - long tail local
education loan in Mayur Vihar,/study-abroad-consultants-in-mayur-vihar,Education Loan,local commercial,4 - long tail local
education loan in Rajouri Garden,/study-abroad-consultants-in-rajouri-garden,Education Loan,local commercial,4 - long tail local
education loan in Junagadh,/study-abroad-consultants-in-junagadh,Education Loan,local commercial,4 - long tail local
education loan in Anand,/study-abroad-consultants-in-anand,Education Loan,local commercial,4 - long tail local
education loan in Nadiad,/study-abroad-consultants-in-nadiad,Education Loan,local commercial,4 - long tail local
education loan in Bharuch,/study-abroad-consultants-in-bharuch,Education Loan,local commercial,4 - long tail local
education loan in Mehsana,/study-abroad-consultants-in-mehsana,Education Loan,local commercial,4 - long tail local
education loan in Navsari,/study-abroad-consultants-in-navsari,Education Loan,local commercial,4 - long tail local
education loan in Morbi,/study-abroad-consultants-in-morbi,Education Loan,local commercial,4 - long tail local
education loan in Surendranagar,/study-abroad-consultants-in-surendranagar,Education Loan,local commercial,4 - long tail local
education loan in Gandhidham,/study-abroad-consultants-in-gandhidham,Education Loan,local commercial,4 - long tail local
education loan in Vapi,/study-abroad-consultants-in-vapi,Education Loan,local commercial,4 - long tail local
education loan in Valsad,/study-abroad-consultants-in-valsad,Education Loan,local commercial,4 - long tail local
education loan in Porbandar,/study-abroad-consultants-in-porbandar,Education Loan,local commercial,4 - long tail local
education loan in Veraval,/study-abroad-consultants-in-veraval,Education Loan,local commercial,4 - long tail local
education loan in Patan,/study-abroad-consultants-in-patan,Education Loan,local commercial,4 - long tail local
education loan in Bhuj,/study-abroad-consultants-in-bhuj,Education Loan,local commercial,4 - long tail local
education loan in Palanpur,/study-abroad-consultants-in-palanpur,Education Loan,local commercial,4 - long tail local
education loan in Godhra,/study-abroad-consultants-in-godhra,Education Loan,local commercial,4 - long tail local
education loan in Ankleshwar,/study-abroad-consultants-in-ankleshwar,Education Loan,local commercial,4 - long tail local
education loan in Alappuzha,/study-abroad-consultants-in-alappuzha,Education Loan,local commercial,4 - long tail local
education loan in Palakkad,/study-abroad-consultants-in-palakkad,Education Loan,local commercial,4 - long tail local
education loan in Malappuram,/study-abroad-consultants-in-malappuram,Education Loan,local commercial,4 - long tail local
education loan in Kottayam,/study-abroad-consultants-in-kottayam,Education Loan,local commercial,4 - long tail local
education loan in Pathanamthitta,/study-abroad-consultants-in-pathanamthitta,Education Loan,local commercial,4 - long tail local
education loan in Idukki,/study-abroad-consultants-in-idukki,Education Loan,local commercial,4 - long tail local
education loan in Kasaragod,/study-abroad-consultants-in-kasaragod,Education Loan,local commercial,4 - long tail local
education loan in Wayanad,/study-abroad-consultants-in-wayanad,Education Loan,local commercial,4 - long tail local
education loan in Ernakulam,/study-abroad-consultants-in-ernakulam,Education Loan,local commercial,4 - long tail local
education loan in Manjeri,/study-abroad-consultants-in-manjeri,Education Loan,local commercial,4 - long tail local
education loan in Ponnani,/study-abroad-consultants-in-ponnani,Education Loan,local commercial,4 - long tail local
education loan in Thalassery,/study-abroad-consultants-in-thalassery,Education Loan,local commercial,4 - long tail local
education loan in Bardhaman,/study-abroad-consultants-in-bardhaman,Education Loan,local commercial,4 - long tail local
education loan in Malda,/study-abroad-consultants-in-malda,Education Loan,local commercial,4 - long tail local
education loan in Kharagpur,/study-abroad-consultants-in-kharagpur,Education Loan,local commercial,4 - long tail local
education loan in Haldia,/study-abroad-consultants-in-haldia,Education Loan,local commercial,4 - long tail local
education loan in Darjeeling,/study-abroad-consultants-in-darjeeling,Education Loan,local commercial,4 - long tail local
education loan in Krishnanagar,/study-abroad-consultants-in-krishnanagar,Education Loan,local commercial,4 - long tail local
education loan in Barasat,/study-abroad-consultants-in-barasat,Education Loan,local commercial,4 - long tail local
education loan in Berhampore,/study-abroad-consultants-in-berhampore,Education Loan,local commercial,4 - long tail local
education loan in Bankura,/study-abroad-consultants-in-bankura,Education Loan,local commercial,4 - long tail local
education loan in Jalpaiguri,/study-abroad-consultants-in-jalpaiguri,Education Loan,local commercial,4 - long tail local
education loan in Cooch Behar,/study-abroad-consultants-in-cooch-behar,Education Loan,local commercial,4 - long tail local
education loan in Raiganj,/study-abroad-consultants-in-raiganj,Education Loan,local commercial,4 - long tail local
education loan in Salt Lake,/study-abroad-consultants-in-salt-lake,Education Loan,local commercial,4 - long tail local
education loan in Barrackpore,/study-abroad-consultants-in-barrackpore,Education Loan,local commercial,4 - long tail local
education loan in Serampore,/study-abroad-consultants-in-serampore,Education Loan,local commercial,4 - long tail local
education loan in Jhansi,/study-abroad-consultants-in-jhansi,Education Loan,local commercial,4 - long tail local
education loan in Firozabad,/study-abroad-consultants-in-firozabad,Education Loan,local commercial,4 - long tail local
education loan in Muzaffarnagar,/study-abroad-consultants-in-muzaffarnagar,Education Loan,local commercial,4 - long tail local
education loan in Mathura,/study-abroad-consultants-in-mathura,Education Loan,local commercial,4 - long tail local
education loan in Shahjahanpur,/study-abroad-consultants-in-shahjahanpur,Education Loan,local commercial,4 - long tail local
education loan in Rampur,/study-abroad-consultants-in-rampur,Education Loan,local commercial,4 - long tail local
education loan in Mau,/study-abroad-consultants-in-mau,Education Loan,local commercial,4 - long tail local
education loan in Farrukhabad,/study-abroad-consultants-in-farrukhabad,Education Loan,local commercial,4 - long tail local
education loan in Hapur,/study-abroad-consultants-in-hapur,Education Loan,local commercial,4 - long tail local
education loan in Etawah,/study-abroad-consultants-in-etawah,Education Loan,local commercial,4 - long tail local
education loan in Mirzapur,/study-abroad-consultants-in-mirzapur,Education Loan,local commercial,4 - long tail local
education loan in Bulandshahr,/study-abroad-consultants-in-bulandshahr,Education Loan,local commercial,4 - long tail local
education loan in Sambhal,/study-abroad-consultants-in-sambhal,Education Loan,local commercial,4 - long tail local
education loan in Amroha,/study-abroad-consultants-in-amroha,Education Loan,local commercial,4 - long tail local
education loan in Hardoi,/study-abroad-consultants-in-hardoi,Education Loan,local commercial,4 - long tail local
education loan in Fatehpur,/study-abroad-consultants-in-fatehpur,Education Loan,local commercial,4 - long tail local
education loan in Raebareli,/study-abroad-consultants-in-raebareli,Education Loan,local commercial,4 - long tail local
education loan in Sitapur,/study-abroad-consultants-in-sitapur,Education Loan,local commercial,4 - long tail local
education loan in Bahraich,/study-abroad-consultants-in-bahraich,Education Loan,local commercial,4 - long tail local
education loan in Unnao,/study-abroad-consultants-in-unnao,Education Loan,local commercial,4 - long tail local
education loan in Jaunpur,/study-abroad-consultants-in-jaunpur,Education Loan,local commercial,4 - long tail local
education loan in Lakhimpur,/study-abroad-consultants-in-lakhimpur,Education Loan,local commercial,4 - long tail local
education loan in Ayodhya,/study-abroad-consultants-in-ayodhya,Education Loan,local commercial,4 - long tail local
education loan in Banda,/study-abroad-consultants-in-banda,Education Loan,local commercial,4 - long tail local
education loan in Basti,/study-abroad-consultants-in-basti,Education Loan,local commercial,4 - long tail local
education loan in Deoria,/study-abroad-consultants-in-deoria,Education Loan,local commercial,4 - long tail local
education loan in Bhilwara,/study-abroad-consultants-in-bhilwara,Education Loan,local commercial,4 - long tail local
education loan in Alwar,/study-abroad-consultants-in-alwar,Education Loan,local commercial,4 - long tail local
education loan in Sikar,/study-abroad-consultants-in-sikar,Education Loan,local commercial,4 - long tail local
education loan in Pali,/study-abroad-consultants-in-pali,Education Loan,local commercial,4 - long tail local
education loan in Sri Ganganagar,/study-abroad-consultants-in-sri-ganganagar,Education Loan,local commercial,4 - long tail local
education loan in Bharatpur,/study-abroad-consultants-in-bharatpur,Education Loan,local commercial,4 - long tail local
education loan in Hanumangarh,/study-abroad-consultants-in-hanumangarh,Education Loan,local commercial,4 - long tail local
education loan in Chittorgarh,/study-abroad-consultants-in-chittorgarh,Education Loan,local commercial,4 - long tail local
education loan in Jhunjhunu,/study-abroad-consultants-in-jhunjhunu,Education Loan,local commercial,4 - long tail local
education loan in Banswara,/study-abroad-consultants-in-banswara,Education Loan,local commercial,4 - long tail local
education loan in Barmer,/study-abroad-consultants-in-barmer,Education Loan,local commercial,4 - long tail local
education loan in Jaisalmer,/study-abroad-consultants-in-jaisalmer,Education Loan,local commercial,4 - long tail local
education loan in Nagaur,/study-abroad-consultants-in-nagaur,Education Loan,local commercial,4 - long tail local
education loan in Tonk,/study-abroad-consultants-in-tonk,Education Loan,local commercial,4 - long tail local
education loan in Dausa,/study-abroad-consultants-in-dausa,Education Loan,local commercial,4 - long tail local
education loan in Baran,/study-abroad-consultants-in-baran,Education Loan,local commercial,4 - long tail local
education loan in Sagar,/study-abroad-consultants-in-sagar,Education Loan,local commercial,4 - long tail local
education loan in Dewas,/study-abroad-consultants-in-dewas,Education Loan,local commercial,4 - long tail local
education loan in Satna,/study-abroad-consultants-in-satna,Education Loan,local commercial,4 - long tail local
education loan in Ratlam,/study-abroad-consultants-in-ratlam,Education Loan,local commercial,4 - long tail local
education loan in Rewa,/study-abroad-consultants-in-rewa,Education Loan,local commercial,4 - long tail local
education loan in Katni,/study-abroad-consultants-in-katni,Education Loan,local commercial,4 - long tail local
education loan in Singrauli,/study-abroad-consultants-in-singrauli,Education Loan,local commercial,4 - long tail local
education loan in Burhanpur,/study-abroad-consultants-in-burhanpur,Education Loan,local commercial,4 - long tail local
education loan in Khandwa,/study-abroad-consultants-in-khandwa,Education Loan,local commercial,4 - long tail local
education loan in Morena,/study-abroad-consultants-in-morena,Education Loan,local commercial,4 - long tail local
education loan in Bhind,/study-abroad-consultants-in-bhind,Education Loan,local commercial,4 - long tail local
education loan in Chhindwara,/study-abroad-consultants-in-chhindwara,Education Loan,local commercial,4 - long tail local
education loan in Guna,/study-abroad-consultants-in-guna,Education Loan,local commercial,4 - long tail local
education loan in Shivpuri,/study-abroad-consultants-in-shivpuri,Education Loan,local commercial,4 - long tail local
education loan in Vidisha,/study-abroad-consultants-in-vidisha,Education Loan,local commercial,4 - long tail local
education loan in Chhatarpur,/study-abroad-consultants-in-chhatarpur,Education Loan,local commercial,4 - long tail local
education loan in Damoh,/study-abroad-consultants-in-damoh,Education Loan,local commercial,4 - long tail local
education loan in Mandsaur,/study-abroad-consultants-in-mandsaur,Education Loan,local commercial,4 - long tail local
education loan in Neemuch,/study-abroad-consultants-in-neemuch,Education Loan,local commercial,4 - long tail local
education loan in Narmadapuram,/study-abroad-consultants-in-narmadapuram,Education Loan,local commercial,4 - long tail local
education loan in Hoshiarpur,/study-abroad-consultants-in-hoshiarpur,Education Loan,local commercial,4 - long tail local
education loan in Pathankot,/study-abroad-consultants-in-pathankot,Education Loan,local commercial,4 - long tail local
education loan in Moga,/study-abroad-consultants-in-moga,Education Loan,local commercial,4 - long tail local
education loan in Batala,/study-abroad-consultants-in-batala,Education Loan,local commercial,4 - long tail local
education loan in Firozpur,/study-abroad-consultants-in-firozpur,Education Loan,local commercial,4 - long tail local
education loan in Kapurthala,/study-abroad-consultants-in-kapurthala,Education Loan,local commercial,4 - long tail local
education loan in Phagwara,/study-abroad-consultants-in-phagwara,Education Loan,local commercial,4 - long tail local
education loan in Barnala,/study-abroad-consultants-in-barnala,Education Loan,local commercial,4 - long tail local
education loan in Sangrur,/study-abroad-consultants-in-sangrur,Education Loan,local commercial,4 - long tail local
education loan in Khanna,/study-abroad-consultants-in-khanna,Education Loan,local commercial,4 - long tail local
education loan in Muktsar,/study-abroad-consultants-in-muktsar,Education Loan,local commercial,4 - long tail local
education loan in Faridkot,/study-abroad-consultants-in-faridkot,Education Loan,local commercial,4 - long tail local
education loan in Rajpura,/study-abroad-consultants-in-rajpura,Education Loan,local commercial,4 - long tail local
education loan in Gurdaspur,/study-abroad-consultants-in-gurdaspur,Education Loan,local commercial,4 - long tail local
education loan in Sonipat,/study-abroad-consultants-in-sonipat,Education Loan,local commercial,4 - long tail local
education loan in Panchkula,/study-abroad-consultants-in-panchkula,Education Loan,local commercial,4 - long tail local
education loan in Bhiwani,/study-abroad-consultants-in-bhiwani,Education Loan,local commercial,4 - long tail local
education loan in Sirsa,/study-abroad-consultants-in-sirsa,Education Loan,local commercial,4 - long tail local
education loan in Bahadurgarh,/study-abroad-consultants-in-bahadurgarh,Education Loan,local commercial,4 - long tail local
education loan in Jind,/study-abroad-consultants-in-jind,Education Loan,local commercial,4 - long tail local
education loan in Kurukshetra,/study-abroad-consultants-in-kurukshetra,Education Loan,local commercial,4 - long tail local
education loan in Kaithal,/study-abroad-consultants-in-kaithal,Education Loan,local commercial,4 - long tail local
education loan in Rewari,/study-abroad-consultants-in-rewari,Education Loan,local commercial,4 - long tail local
education loan in Palwal,/study-abroad-consultants-in-palwal,Education Loan,local commercial,4 - long tail local
education loan in Fatehabad,/study-abroad-consultants-in-fatehabad,Education Loan,local commercial,4 - long tail local
education loan in Narnaul,/study-abroad-consultants-in-narnaul,Education Loan,local commercial,4 - long tail local
education loan in Anantapur,/study-abroad-consultants-in-anantapur,Education Loan,local commercial,4 - long tail local
education loan in Kadapa,/study-abroad-consultants-in-kadapa,Education Loan,local commercial,4 - long tail local
education loan in Vizianagaram,/study-abroad-consultants-in-vizianagaram,Education Loan,local commercial,4 - long tail local
education loan in Eluru,/study-abroad-consultants-in-eluru,Education Loan,local commercial,4 - long tail local
education loan in Ongole,/study-abroad-consultants-in-ongole,Education Loan,local commercial,4 - long tail local
education loan in Nandyal,/study-abroad-consultants-in-nandyal,Education Loan,local commercial,4 - long tail local
education loan in Machilipatnam,/study-abroad-consultants-in-machilipatnam,Education Loan,local commercial,4 - long tail local
education loan in Adoni,/study-abroad-consultants-in-adoni,Education Loan,local commercial,4 - long tail local
education loan in Tenali,/study-abroad-consultants-in-tenali,Education Loan,local commercial,4 - long tail local
education loan in Proddatur,/study-abroad-consultants-in-proddatur,Education Loan,local commercial,4 - long tail local
education loan in Chittoor,/study-abroad-consultants-in-chittoor,Education Loan,local commercial,4 - long tail local
education loan in Hindupur,/study-abroad-consultants-in-hindupur,Education Loan,local commercial,4 - long tail local
education loan in Bhimavaram,/study-abroad-consultants-in-bhimavaram,Education Loan,local commercial,4 - long tail local
education loan in Srikakulam,/study-abroad-consultants-in-srikakulam,Education Loan,local commercial,4 - long tail local
education loan in Amaravati,/study-abroad-consultants-in-amaravati,Education Loan,local commercial,4 - long tail local
education loan in Purnia,/study-abroad-consultants-in-purnia,Education Loan,local commercial,4 - long tail local
education loan in Arrah,/study-abroad-consultants-in-arrah,Education Loan,local commercial,4 - long tail local
education loan in Begusarai,/study-abroad-consultants-in-begusarai,Education Loan,local commercial,4 - long tail local
education loan in Katihar,/study-abroad-consultants-in-katihar,Education Loan,local commercial,4 - long tail local
education loan in Munger,/study-abroad-consultants-in-munger,Education Loan,local commercial,4 - long tail local
education loan in Chhapra,/study-abroad-consultants-in-chhapra,Education Loan,local commercial,4 - long tail local
education loan in Danapur,/study-abroad-consultants-in-danapur,Education Loan,local commercial,4 - long tail local
education loan in Saharsa,/study-abroad-consultants-in-saharsa,Education Loan,local commercial,4 - long tail local
education loan in Sasaram,/study-abroad-consultants-in-sasaram,Education Loan,local commercial,4 - long tail local
education loan in Hajipur,/study-abroad-consultants-in-hajipur,Education Loan,local commercial,4 - long tail local
education loan in Dehri,/study-abroad-consultants-in-dehri,Education Loan,local commercial,4 - long tail local
education loan in Siwan,/study-abroad-consultants-in-siwan,Education Loan,local commercial,4 - long tail local
education loan in Motihari,/study-abroad-consultants-in-motihari,Education Loan,local commercial,4 - long tail local
education loan in Nawada,/study-abroad-consultants-in-nawada,Education Loan,local commercial,4 - long tail local
education loan in Bettiah,/study-abroad-consultants-in-bettiah,Education Loan,local commercial,4 - long tail local
education loan in Bihar Sharif,/study-abroad-consultants-in-bihar-sharif,Education Loan,local commercial,4 - long tail local
education loan in Sambalpur,/study-abroad-consultants-in-sambalpur,Education Loan,local commercial,4 - long tail local
education loan in Puri,/study-abroad-consultants-in-puri,Education Loan,local commercial,4 - long tail local
education loan in Balasore,/study-abroad-consultants-in-balasore,Education Loan,local commercial,4 - long tail local
education loan in Bhadrak,/study-abroad-consultants-in-bhadrak,Education Loan,local commercial,4 - long tail local
education loan in Baripada,/study-abroad-consultants-in-baripada,Education Loan,local commercial,4 - long tail local
education loan in Jharsuguda,/study-abroad-consultants-in-jharsuguda,Education Loan,local commercial,4 - long tail local
education loan in Jeypore,/study-abroad-consultants-in-jeypore,Education Loan,local commercial,4 - long tail local
education loan in Angul,/study-abroad-consultants-in-angul,Education Loan,local commercial,4 - long tail local
education loan in Dhenkanal,/study-abroad-consultants-in-dhenkanal,Education Loan,local commercial,4 - long tail local
education loan in Rayagada,/study-abroad-consultants-in-rayagada,Education Loan,local commercial,4 - long tail local
education loan in Deoghar,/study-abroad-consultants-in-deoghar,Education Loan,local commercial,4 - long tail local
education loan in Hazaribagh,/study-abroad-consultants-in-hazaribagh,Education Loan,local commercial,4 - long tail local
education loan in Giridih,/study-abroad-consultants-in-giridih,Education Loan,local commercial,4 - long tail local
education loan in Ramgarh,/study-abroad-consultants-in-ramgarh,Education Loan,local commercial,4 - long tail local
education loan in Phusro,/study-abroad-consultants-in-phusro,Education Loan,local commercial,4 - long tail local
education loan in Medininagar,/study-abroad-consultants-in-medininagar,Education Loan,local commercial,4 - long tail local
education loan in Chaibasa,/study-abroad-consultants-in-chaibasa,Education Loan,local commercial,4 - long tail local
education loan in Dumka,/study-abroad-consultants-in-dumka,Education Loan,local commercial,4 - long tail local
education loan in Durg,/study-abroad-consultants-in-durg,Education Loan,local commercial,4 - long tail local
education loan in Rajnandgaon,/study-abroad-consultants-in-rajnandgaon,Education Loan,local commercial,4 - long tail local
education loan in Jagdalpur,/study-abroad-consultants-in-jagdalpur,Education Loan,local commercial,4 - long tail local
education loan in Raigarh,/study-abroad-consultants-in-raigarh,Education Loan,local commercial,4 - long tail local
education loan in Ambikapur,/study-abroad-consultants-in-ambikapur,Education Loan,local commercial,4 - long tail local
education loan in Dhamtari,/study-abroad-consultants-in-dhamtari,Education Loan,local commercial,4 - long tail local
education loan in Mahasamund,/study-abroad-consultants-in-mahasamund,Education Loan,local commercial,4 - long tail local
education loan in Dibrugarh,/study-abroad-consultants-in-dibrugarh,Education Loan,local commercial,4 - long tail local
education loan in Jorhat,/study-abroad-consultants-in-jorhat,Education Loan,local commercial,4 - long tail local
education loan in Nagaon,/study-abroad-consultants-in-nagaon,Education Loan,local commercial,4 - long tail local
education loan in Tinsukia,/study-abroad-consultants-in-tinsukia,Education Loan,local commercial,4 - long tail local
education loan in Tezpur,/study-abroad-consultants-in-tezpur,Education Loan,local commercial,4 - long tail local
education loan in Bongaigaon,/study-abroad-consultants-in-bongaigaon,Education Loan,local commercial,4 - long tail local
education loan in Dhubri,/study-abroad-consultants-in-dhubri,Education Loan,local commercial,4 - long tail local
education loan in Sivasagar,/study-abroad-consultants-in-sivasagar,Education Loan,local commercial,4 - long tail local
education loan in Goalpara,/study-abroad-consultants-in-goalpara,Education Loan,local commercial,4 - long tail local
education loan in Diphu,/study-abroad-consultants-in-diphu,Education Loan,local commercial,4 - long tail local
education loan in Dispur,/study-abroad-consultants-in-dispur,Education Loan,local commercial,4 - long tail local
education loan in Haldwani,/study-abroad-consultants-in-haldwani,Education Loan,local commercial,4 - long tail local
education loan in Roorkee,/study-abroad-consultants-in-roorkee,Education Loan,local commercial,4 - long tail local
education loan in Rudrapur,/study-abroad-consultants-in-rudrapur,Education Loan,local commercial,4 - long tail local
education loan in Kashipur,/study-abroad-consultants-in-kashipur,Education Loan,local commercial,4 - long tail local
education loan in Rishikesh,/study-abroad-consultants-in-rishikesh,Education Loan,local commercial,4 - long tail local
education loan in Nainital,/study-abroad-consultants-in-nainital,Education Loan,local commercial,4 - long tail local
education loan in Pithoragarh,/study-abroad-consultants-in-pithoragarh,Education Loan,local commercial,4 - long tail local
education loan in Almora,/study-abroad-consultants-in-almora,Education Loan,local commercial,4 - long tail local
education loan in Mussoorie,/study-abroad-consultants-in-mussoorie,Education Loan,local commercial,4 - long tail local
education loan in Solan,/study-abroad-consultants-in-solan,Education Loan,local commercial,4 - long tail local
education loan in Dharamshala,/study-abroad-consultants-in-dharamshala,Education Loan,local commercial,4 - long tail local
education loan in Mandi,/study-abroad-consultants-in-mandi,Education Loan,local commercial,4 - long tail local
education loan in Kullu,/study-abroad-consultants-in-kullu,Education Loan,local commercial,4 - long tail local
education loan in Una,/study-abroad-consultants-in-una,Education Loan,local commercial,4 - long tail local
education loan in Hamirpur,/study-abroad-consultants-in-hamirpur,Education Loan,local commercial,4 - long tail local
education loan in Bilaspur,/study-abroad-consultants-in-bilaspur,Education Loan,local commercial,4 - long tail local
education loan in Chamba,/study-abroad-consultants-in-chamba,Education Loan,local commercial,4 - long tail local
education loan in Nahan,/study-abroad-consultants-in-nahan,Education Loan,local commercial,4 - long tail local
education loan in Baddi,/study-abroad-consultants-in-baddi,Education Loan,local commercial,4 - long tail local
education loan in Palampur,/study-abroad-consultants-in-palampur,Education Loan,local commercial,4 - long tail local
education loan in Margao,/study-abroad-consultants-in-margao,Education Loan,local commercial,4 - long tail local
education loan in Vasco da Gama,/study-abroad-consultants-in-vasco-da-gama,Education Loan,local commercial,4 - long tail local
education loan in Mapusa,/study-abroad-consultants-in-mapusa,Education Loan,local commercial,4 - long tail local
education loan in Ponda,/study-abroad-consultants-in-ponda,Education Loan,local commercial,4 - long tail local
education loan in Porvorim,/study-abroad-consultants-in-porvorim,Education Loan,local commercial,4 - long tail local
education loan in Anantnag,/study-abroad-consultants-in-anantnag,Education Loan,local commercial,4 - long tail local
education loan in Baramulla,/study-abroad-consultants-in-baramulla,Education Loan,local commercial,4 - long tail local
education loan in Udhampur,/study-abroad-consultants-in-udhampur,Education Loan,local commercial,4 - long tail local
education loan in Kathua,/study-abroad-consultants-in-kathua,Education Loan,local commercial,4 - long tail local
education loan in Sopore,/study-abroad-consultants-in-sopore,Education Loan,local commercial,4 - long tail local
education loan in Kupwara,/study-abroad-consultants-in-kupwara,Education Loan,local commercial,4 - long tail local
education loan in Karaikal,/study-abroad-consultants-in-karaikal,Education Loan,local commercial,4 - long tail local
education loan in Yanam,/study-abroad-consultants-in-yanam,Education Loan,local commercial,4 - long tail local
education loan in Mahe,/study-abroad-consultants-in-mahe,Education Loan,local commercial,4 - long tail local
education loan in Udaipur,/study-abroad-consultants-in-udaipur,Education Loan,local commercial,4 - long tail local
education loan in Dharmanagar,/study-abroad-consultants-in-dharmanagar,Education Loan,local commercial,4 - long tail local
education loan in Kailashahar,/study-abroad-consultants-in-kailashahar,Education Loan,local commercial,4 - long tail local
education loan in Thoubal,/study-abroad-consultants-in-thoubal,Education Loan,local commercial,4 - long tail local
education loan in Churachandpur,/study-abroad-consultants-in-churachandpur,Education Loan,local commercial,4 - long tail local
education loan in Bishnupur,/study-abroad-consultants-in-bishnupur,Education Loan,local commercial,4 - long tail local
education loan in Tura,/study-abroad-consultants-in-tura,Education Loan,local commercial,4 - long tail local
education loan in Jowai,/study-abroad-consultants-in-jowai,Education Loan,local commercial,4 - long tail local
education loan in Nongstoin,/study-abroad-consultants-in-nongstoin,Education Loan,local commercial,4 - long tail local
education loan in Mokokchung,/study-abroad-consultants-in-mokokchung,Education Loan,local commercial,4 - long tail local
education loan in Tuensang,/study-abroad-consultants-in-tuensang,Education Loan,local commercial,4 - long tail local
education loan in Lunglei,/study-abroad-consultants-in-lunglei,Education Loan,local commercial,4 - long tail local
education loan in Champhai,/study-abroad-consultants-in-champhai,Education Loan,local commercial,4 - long tail local
education loan in Naharlagun,/study-abroad-consultants-in-naharlagun,Education Loan,local commercial,4 - long tail local
education loan in Pasighat,/study-abroad-consultants-in-pasighat,Education Loan,local commercial,4 - long tail local
education loan in Tezu,/study-abroad-consultants-in-tezu,Education Loan,local commercial,4 - long tail local
education loan in Namchi,/study-abroad-consultants-in-namchi,Education Loan,local commercial,4 - long tail local
education loan in Gyalshing,/study-abroad-consultants-in-gyalshing,Education Loan,local commercial,4 - long tail local
education loan in Mangan,/study-abroad-consultants-in-mangan,Education Loan,local commercial,4 - long tail local
education loan in Port Blair,/study-abroad-consultants-in-port-blair,Education Loan,local commercial,4 - long tail local
education loan in Car Nicobar,/study-abroad-consultants-in-car-nicobar,Education Loan,local commercial,4 - long tail local
education loan in Leh,/study-abroad-consultants-in-leh,Education Loan,local commercial,4 - long tail local
education loan in Kargil,/study-abroad-consultants-in-kargil,Education Loan,local commercial,4 - long tail local
education loan in Silvassa,/study-abroad-consultants-in-silvassa,Education Loan,local commercial,4 - long tail local
education loan in Daman,/study-abroad-consultants-in-daman,Education Loan,local commercial,4 - long tail local
education loan in Diu,/study-abroad-consultants-in-diu,Education Loan,local commercial,4 - long tail local
student visa consultant,/visa-assistance,Student Visa,commercial,1 - head
student visa assistance,/visa-assistance,Student Visa,commercial,1 - head
study visa consultant,/visa-assistance,Student Visa,commercial,1 - head
F1 visa consultant India,/visa-assistance,Student Visa,commercial,2 - body
UK student visa consultant,/visa-assistance,Student Visa,commercial,2 - body
Canada study permit consultant,/visa-assistance,Student Visa,commercial,2 - body
student visa interview preparation,/visa-assistance,Student Visa,commercial,2 - body
student visa documents checklist,/visa-assistance,Student Visa,commercial,2 - body
student visa rejection reasons,/visa-assistance,Student Visa,commercial,2 - body
SOP for student visa,/visa-assistance,Student Visa,commercial,2 - body
how to prepare for F1 visa interview,/visa-assistance,Student Visa,informational,3 - long tail / AEO
why was my student visa rejected,/visa-assistance,Student Visa,informational,3 - long tail / AEO
how long does a student visa take,/visa-assistance,Student Visa,informational,3 - long tail / AEO
what financial documents for student visa,/visa-assistance,Student Visa,informational,3 - long tail / AEO
can I reapply after student visa rejection,/visa-assistance,Student Visa,informational,3 - long tail / AEO
student visa consultants in Mumbai,/study-abroad-consultants-in-mumbai,Student Visa,local commercial,2 - body
student visa consultants in Pune,/study-abroad-consultants-in-pune,Student Visa,local commercial,2 - body
student visa consultants in Nagpur,/study-abroad-consultants-in-nagpur,Student Visa,local commercial,2 - body
student visa consultants in Thane,/study-abroad-consultants-in-thane,Student Visa,local commercial,2 - body
student visa consultants in Nashik,/study-abroad-consultants-in-nashik,Student Visa,local commercial,2 - body
student visa consultants in Navi Mumbai,/study-abroad-consultants-in-navi-mumbai,Student Visa,local commercial,2 - body
student visa consultants in Pimpri-Chinchwad,/study-abroad-consultants-in-pimpri-chinchwad,Student Visa,local commercial,2 - body
student visa consultants in Kalyan-Dombivli,/study-abroad-consultants-in-kalyan-dombivli,Student Visa,local commercial,2 - body
student visa consultants in Vasai-Virar,/study-abroad-consultants-in-vasai-virar,Student Visa,local commercial,2 - body
student visa consultants in Chhatrapati Sambhajinagar,/study-abroad-consultants-in-chhatrapati-sambhajinagar,Student Visa,local commercial,2 - body
student visa consultants in Solapur,/study-abroad-consultants-in-solapur,Student Visa,local commercial,2 - body
student visa consultants in Kolhapur,/study-abroad-consultants-in-kolhapur,Student Visa,local commercial,2 - body
student visa consultants in Amravati,/study-abroad-consultants-in-amravati,Student Visa,local commercial,2 - body
student visa consultants in Mira-Bhayandar,/study-abroad-consultants-in-mira-bhayandar,Student Visa,local commercial,2 - body
student visa consultants in Bengaluru,/study-abroad-consultants-in-bengaluru,Student Visa,local commercial,2 - body
student visa consultants in Mysuru,/study-abroad-consultants-in-mysuru,Student Visa,local commercial,2 - body
student visa consultants in Hubballi-Dharwad,/study-abroad-consultants-in-hubballi-dharwad,Student Visa,local commercial,2 - body
student visa consultants in Mangaluru,/study-abroad-consultants-in-mangaluru,Student Visa,local commercial,2 - body
student visa consultants in Belagavi,/study-abroad-consultants-in-belagavi,Student Visa,local commercial,2 - body
student visa consultants in Kalaburagi,/study-abroad-consultants-in-kalaburagi,Student Visa,local commercial,2 - body
student visa consultants in Davanagere,/study-abroad-consultants-in-davanagere,Student Visa,local commercial,2 - body
student visa consultants in Ballari,/study-abroad-consultants-in-ballari,Student Visa,local commercial,2 - body
student visa consultants in Chennai,/study-abroad-consultants-in-chennai,Student Visa,local commercial,2 - body
student visa consultants in Coimbatore,/study-abroad-consultants-in-coimbatore,Student Visa,local commercial,2 - body
student visa consultants in Madurai,/study-abroad-consultants-in-madurai,Student Visa,local commercial,2 - body
student visa consultants in Tiruchirappalli,/study-abroad-consultants-in-tiruchirappalli,Student Visa,local commercial,2 - body
student visa consultants in Salem,/study-abroad-consultants-in-salem,Student Visa,local commercial,2 - body
student visa consultants in Tirunelveli,/study-abroad-consultants-in-tirunelveli,Student Visa,local commercial,2 - body
student visa consultants in Tiruppur,/study-abroad-consultants-in-tiruppur,Student Visa,local commercial,2 - body
student visa consultants in Erode,/study-abroad-consultants-in-erode,Student Visa,local commercial,2 - body
student visa consultants in Vellore,/study-abroad-consultants-in-vellore,Student Visa,local commercial,2 - body
student visa consultants in Hyderabad,/study-abroad-consultants-in-hyderabad,Student Visa,local commercial,2 - body
student visa consultants in Warangal,/study-abroad-consultants-in-warangal,Student Visa,local commercial,2 - body
student visa consultants in Nizamabad,/study-abroad-consultants-in-nizamabad,Student Visa,local commercial,2 - body
student visa consultants in Karimnagar,/study-abroad-consultants-in-karimnagar,Student Visa,local commercial,2 - body
student visa consultants in Khammam,/study-abroad-consultants-in-khammam,Student Visa,local commercial,2 - body
student visa consultants in Secunderabad,/study-abroad-consultants-in-secunderabad,Student Visa,local commercial,2 - body
student visa consultants in New Delhi,/study-abroad-consultants-in-new-delhi,Student Visa,local commercial,2 - body
student visa consultants in Ahmedabad,/study-abroad-consultants-in-ahmedabad,Student Visa,local commercial,2 - body
student visa consultants in Surat,/study-abroad-consultants-in-surat,Student Visa,local commercial,2 - body
student visa consultants in Vadodara,/study-abroad-consultants-in-vadodara,Student Visa,local commercial,2 - body
student visa consultants in Rajkot,/study-abroad-consultants-in-rajkot,Student Visa,local commercial,2 - body
student visa consultants in Bhavnagar,/study-abroad-consultants-in-bhavnagar,Student Visa,local commercial,2 - body
student visa consultants in Jamnagar,/study-abroad-consultants-in-jamnagar,Student Visa,local commercial,2 - body
student visa consultants in Gandhinagar,/study-abroad-consultants-in-gandhinagar,Student Visa,local commercial,2 - body
student visa consultants in Thiruvananthapuram,/study-abroad-consultants-in-thiruvananthapuram,Student Visa,local commercial,2 - body
student visa consultants in Kochi,/study-abroad-consultants-in-kochi,Student Visa,local commercial,2 - body
student visa consultants in Kozhikode,/study-abroad-consultants-in-kozhikode,Student Visa,local commercial,2 - body
student visa consultants in Thrissur,/study-abroad-consultants-in-thrissur,Student Visa,local commercial,2 - body
student visa consultants in Kollam,/study-abroad-consultants-in-kollam,Student Visa,local commercial,2 - body
student visa consultants in Kannur,/study-abroad-consultants-in-kannur,Student Visa,local commercial,2 - body
student visa consultants in Kolkata,/study-abroad-consultants-in-kolkata,Student Visa,local commercial,2 - body
student visa consultants in Howrah,/study-abroad-consultants-in-howrah,Student Visa,local commercial,2 - body
student visa consultants in Durgapur,/study-abroad-consultants-in-durgapur,Student Visa,local commercial,2 - body
student visa consultants in Asansol,/study-abroad-consultants-in-asansol,Student Visa,local commercial,2 - body
student visa consultants in Siliguri,/study-abroad-consultants-in-siliguri,Student Visa,local commercial,2 - body
student visa consultants in Lucknow,/study-abroad-consultants-in-lucknow,Student Visa,local commercial,2 - body
student visa consultants in Kanpur,/study-abroad-consultants-in-kanpur,Student Visa,local commercial,2 - body
student visa consultants in Ghaziabad,/study-abroad-consultants-in-ghaziabad,Student Visa,local commercial,2 - body
student visa consultants in Agra,/study-abroad-consultants-in-agra,Student Visa,local commercial,2 - body
student visa consultants in Varanasi,/study-abroad-consultants-in-varanasi,Student Visa,local commercial,2 - body
student visa consultants in Meerut,/study-abroad-consultants-in-meerut,Student Visa,local commercial,2 - body
student visa consultants in Prayagraj,/study-abroad-consultants-in-prayagraj,Student Visa,local commercial,2 - body
student visa consultants in Noida,/study-abroad-consultants-in-noida,Student Visa,local commercial,2 - body
student visa consultants in Bareilly,/study-abroad-consultants-in-bareilly,Student Visa,local commercial,2 - body
student visa consultants in Aligarh,/study-abroad-consultants-in-aligarh,Student Visa,local commercial,2 - body
student visa consultants in Moradabad,/study-abroad-consultants-in-moradabad,Student Visa,local commercial,2 - body
student visa consultants in Gorakhpur,/study-abroad-consultants-in-gorakhpur,Student Visa,local commercial,2 - body
student visa consultants in Saharanpur,/study-abroad-consultants-in-saharanpur,Student Visa,local commercial,2 - body
student visa consultants in Greater Noida,/study-abroad-consultants-in-greater-noida,Student Visa,local commercial,2 - body
student visa consultants in Jaipur,/study-abroad-consultants-in-jaipur,Student Visa,local commercial,2 - body
student visa consultants in Jodhpur,/study-abroad-consultants-in-jodhpur,Student Visa,local commercial,2 - body
student visa consultants in Kota,/study-abroad-consultants-in-kota,Student Visa,local commercial,2 - body
student visa consultants in Bikaner,/study-abroad-consultants-in-bikaner,Student Visa,local commercial,2 - body
student visa consultants in Ajmer,/study-abroad-consultants-in-ajmer,Student Visa,local commercial,2 - body
student visa consultants in Udaipur,/study-abroad-consultants-in-udaipur,Student Visa,local commercial,2 - body
student visa consultants in Indore,/study-abroad-consultants-in-indore,Student Visa,local commercial,2 - body
student visa consultants in Bhopal,/study-abroad-consultants-in-bhopal,Student Visa,local commercial,2 - body
student visa consultants in Jabalpur,/study-abroad-consultants-in-jabalpur,Student Visa,local commercial,2 - body
student visa consultants in Gwalior,/study-abroad-consultants-in-gwalior,Student Visa,local commercial,2 - body
student visa consultants in Ujjain,/study-abroad-consultants-in-ujjain,Student Visa,local commercial,2 - body
student visa consultants in Ludhiana,/study-abroad-consultants-in-ludhiana,Student Visa,local commercial,2 - body
student visa consultants in Amritsar,/study-abroad-consultants-in-amritsar,Student Visa,local commercial,2 - body
student visa consultants in Jalandhar,/study-abroad-consultants-in-jalandhar,Student Visa,local commercial,2 - body
student visa consultants in Patiala,/study-abroad-consultants-in-patiala,Student Visa,local commercial,2 - body
student visa consultants in Bathinda,/study-abroad-consultants-in-bathinda,Student Visa,local commercial,2 - body
student visa consultants in Mohali,/study-abroad-consultants-in-mohali,Student Visa,local commercial,2 - body
student visa consultants in Gurugram,/study-abroad-consultants-in-gurugram,Student Visa,local commercial,2 - body
student visa consultants in Faridabad,/study-abroad-consultants-in-faridabad,Student Visa,local commercial,2 - body
student visa consultants in Panipat,/study-abroad-consultants-in-panipat,Student Visa,local commercial,2 - body
student visa consultants in Ambala,/study-abroad-consultants-in-ambala,Student Visa,local commercial,2 - body
student visa consultants in Yamunanagar,/study-abroad-consultants-in-yamunanagar,Student Visa,local commercial,2 - body
student visa consultants in Rohtak,/study-abroad-consultants-in-rohtak,Student Visa,local commercial,2 - body
student visa consultants in Hisar,/study-abroad-consultants-in-hisar,Student Visa,local commercial,2 - body
student visa consultants in Karnal,/study-abroad-consultants-in-karnal,Student Visa,local commercial,2 - body
student visa consultants in Visakhapatnam,/study-abroad-consultants-in-visakhapatnam,Student Visa,local commercial,2 - body
student visa consultants in Vijayawada,/study-abroad-consultants-in-vijayawada,Student Visa,local commercial,2 - body
student visa consultants in Guntur,/study-abroad-consultants-in-guntur,Student Visa,local commercial,2 - body
student visa consultants in Nellore,/study-abroad-consultants-in-nellore,Student Visa,local commercial,2 - body
student visa consultants in Kurnool,/study-abroad-consultants-in-kurnool,Student Visa,local commercial,2 - body
student visa consultants in Rajahmundry,/study-abroad-consultants-in-rajahmundry,Student Visa,local commercial,2 - body
student visa consultants in Tirupati,/study-abroad-consultants-in-tirupati,Student Visa,local commercial,2 - body
student visa consultants in Kakinada,/study-abroad-consultants-in-kakinada,Student Visa,local commercial,2 - body
student visa consultants in Patna,/study-abroad-consultants-in-patna,Student Visa,local commercial,2 - body
student visa consultants in Gaya,/study-abroad-consultants-in-gaya,Student Visa,local commercial,2 - body
student visa consultants in Bhagalpur,/study-abroad-consultants-in-bhagalpur,Student Visa,local commercial,2 - body
student visa consultants in Muzaffarpur,/study-abroad-consultants-in-muzaffarpur,Student Visa,local commercial,2 - body
student visa consultants in Darbhanga,/study-abroad-consultants-in-darbhanga,Student Visa,local commercial,2 - body
student visa consultants in Bhubaneswar,/study-abroad-consultants-in-bhubaneswar,Student Visa,local commercial,2 - body
student visa consultants in Cuttack,/study-abroad-consultants-in-cuttack,Student Visa,local commercial,2 - body
student visa consultants in Rourkela,/study-abroad-consultants-in-rourkela,Student Visa,local commercial,2 - body
student visa consultants in Berhampur,/study-abroad-consultants-in-berhampur,Student Visa,local commercial,2 - body
student visa consultants in Ranchi,/study-abroad-consultants-in-ranchi,Student Visa,local commercial,2 - body
student visa consultants in Jamshedpur,/study-abroad-consultants-in-jamshedpur,Student Visa,local commercial,2 - body
student visa consultants in Dhanbad,/study-abroad-consultants-in-dhanbad,Student Visa,local commercial,2 - body
student visa consultants in Bokaro,/study-abroad-consultants-in-bokaro,Student Visa,local commercial,2 - body
student visa consultants in Raipur,/study-abroad-consultants-in-raipur,Student Visa,local commercial,2 - body
student visa consultants in Bhilai,/study-abroad-consultants-in-bhilai,Student Visa,local commercial,2 - body
student visa consultants in Bilaspur,/study-abroad-consultants-in-bilaspur,Student Visa,local commercial,2 - body
student visa consultants in Korba,/study-abroad-consultants-in-korba,Student Visa,local commercial,2 - body
student visa consultants in Guwahati,/study-abroad-consultants-in-guwahati,Student Visa,local commercial,2 - body
student visa consultants in Silchar,/study-abroad-consultants-in-silchar,Student Visa,local commercial,2 - body
student visa consultants in Dehradun,/study-abroad-consultants-in-dehradun,Student Visa,local commercial,2 - body
student visa consultants in Haridwar,/study-abroad-consultants-in-haridwar,Student Visa,local commercial,2 - body
student visa consultants in Shimla,/study-abroad-consultants-in-shimla,Student Visa,local commercial,2 - body
student visa consultants in Panaji,/study-abroad-consultants-in-panaji,Student Visa,local commercial,2 - body
student visa consultants in Srinagar,/study-abroad-consultants-in-srinagar,Student Visa,local commercial,2 - body
student visa consultants in Jammu,/study-abroad-consultants-in-jammu,Student Visa,local commercial,2 - body
student visa consultants in Chandigarh,/study-abroad-consultants-in-chandigarh,Student Visa,local commercial,2 - body
student visa consultants in Puducherry,/study-abroad-consultants-in-puducherry,Student Visa,local commercial,2 - body
student visa consultants in Agartala,/study-abroad-consultants-in-agartala,Student Visa,local commercial,2 - body
student visa consultants in Imphal,/study-abroad-consultants-in-imphal,Student Visa,local commercial,2 - body
student visa consultants in Shillong,/study-abroad-consultants-in-shillong,Student Visa,local commercial,2 - body
student visa consultants in Kohima,/study-abroad-consultants-in-kohima,Student Visa,local commercial,2 - body
student visa consultants in Dimapur,/study-abroad-consultants-in-dimapur,Student Visa,local commercial,2 - body
student visa consultants in Aizawl,/study-abroad-consultants-in-aizawl,Student Visa,local commercial,2 - body
student visa consultants in Itanagar,/study-abroad-consultants-in-itanagar,Student Visa,local commercial,2 - body
student visa consultants in Gangtok,/study-abroad-consultants-in-gangtok,Student Visa,local commercial,2 - body
student visa consultants in Bhiwandi,/study-abroad-consultants-in-bhiwandi,Student Visa,local commercial,4 - long tail local
student visa consultants in Nanded,/study-abroad-consultants-in-nanded,Student Visa,local commercial,4 - long tail local
student visa consultants in Sangli,/study-abroad-consultants-in-sangli,Student Visa,local commercial,4 - long tail local
student visa consultants in Jalgaon,/study-abroad-consultants-in-jalgaon,Student Visa,local commercial,4 - long tail local
student visa consultants in Akola,/study-abroad-consultants-in-akola,Student Visa,local commercial,4 - long tail local
student visa consultants in Latur,/study-abroad-consultants-in-latur,Student Visa,local commercial,4 - long tail local
student visa consultants in Dhule,/study-abroad-consultants-in-dhule,Student Visa,local commercial,4 - long tail local
student visa consultants in Ahmednagar,/study-abroad-consultants-in-ahmednagar,Student Visa,local commercial,4 - long tail local
student visa consultants in Chandrapur,/study-abroad-consultants-in-chandrapur,Student Visa,local commercial,4 - long tail local
student visa consultants in Parbhani,/study-abroad-consultants-in-parbhani,Student Visa,local commercial,4 - long tail local
student visa consultants in Ichalkaranji,/study-abroad-consultants-in-ichalkaranji,Student Visa,local commercial,4 - long tail local
student visa consultants in Jalna,/study-abroad-consultants-in-jalna,Student Visa,local commercial,4 - long tail local
student visa consultants in Ambernath,/study-abroad-consultants-in-ambernath,Student Visa,local commercial,4 - long tail local
student visa consultants in Badlapur,/study-abroad-consultants-in-badlapur,Student Visa,local commercial,4 - long tail local
student visa consultants in Panvel,/study-abroad-consultants-in-panvel,Student Visa,local commercial,4 - long tail local
student visa consultants in Satara,/study-abroad-consultants-in-satara,Student Visa,local commercial,4 - long tail local
student visa consultants in Beed,/study-abroad-consultants-in-beed,Student Visa,local commercial,4 - long tail local
student visa consultants in Yavatmal,/study-abroad-consultants-in-yavatmal,Student Visa,local commercial,4 - long tail local
student visa consultants in Wardha,/study-abroad-consultants-in-wardha,Student Visa,local commercial,4 - long tail local
student visa consultants in Ratnagiri,/study-abroad-consultants-in-ratnagiri,Student Visa,local commercial,4 - long tail local
student visa consultants in Ulhasnagar,/study-abroad-consultants-in-ulhasnagar,Student Visa,local commercial,4 - long tail local
student visa consultants in Andheri,/study-abroad-consultants-in-andheri,Student Visa,local commercial,4 - long tail local
student visa consultants in Ghatkopar,/study-abroad-consultants-in-ghatkopar,Student Visa,local commercial,4 - long tail local
student visa consultants in Borivali,/study-abroad-consultants-in-borivali,Student Visa,local commercial,4 - long tail local
student visa consultants in Dadar,/study-abroad-consultants-in-dadar,Student Visa,local commercial,4 - long tail local
student visa consultants in Powai,/study-abroad-consultants-in-powai,Student Visa,local commercial,4 - long tail local
student visa consultants in Vijayapura,/study-abroad-consultants-in-vijayapura,Student Visa,local commercial,4 - long tail local
student visa consultants in Shivamogga,/study-abroad-consultants-in-shivamogga,Student Visa,local commercial,4 - long tail local
student visa consultants in Tumakuru,/study-abroad-consultants-in-tumakuru,Student Visa,local commercial,4 - long tail local
student visa consultants in Raichur,/study-abroad-consultants-in-raichur,Student Visa,local commercial,4 - long tail local
student visa consultants in Bidar,/study-abroad-consultants-in-bidar,Student Visa,local commercial,4 - long tail local
student visa consultants in Hassan,/study-abroad-consultants-in-hassan,Student Visa,local commercial,4 - long tail local
student visa consultants in Udupi,/study-abroad-consultants-in-udupi,Student Visa,local commercial,4 - long tail local
student visa consultants in Gadag,/study-abroad-consultants-in-gadag,Student Visa,local commercial,4 - long tail local
student visa consultants in Chitradurga,/study-abroad-consultants-in-chitradurga,Student Visa,local commercial,4 - long tail local
student visa consultants in Kolar,/study-abroad-consultants-in-kolar,Student Visa,local commercial,4 - long tail local
student visa consultants in Mandya,/study-abroad-consultants-in-mandya,Student Visa,local commercial,4 - long tail local
student visa consultants in Bagalkot,/study-abroad-consultants-in-bagalkot,Student Visa,local commercial,4 - long tail local
student visa consultants in Karwar,/study-abroad-consultants-in-karwar,Student Visa,local commercial,4 - long tail local
student visa consultants in Chikkamagaluru,/study-abroad-consultants-in-chikkamagaluru,Student Visa,local commercial,4 - long tail local
student visa consultants in Whitefield,/study-abroad-consultants-in-whitefield,Student Visa,local commercial,4 - long tail local
student visa consultants in Electronic City,/study-abroad-consultants-in-electronic-city,Student Visa,local commercial,4 - long tail local
student visa consultants in Jayanagar,/study-abroad-consultants-in-jayanagar,Student Visa,local commercial,4 - long tail local
student visa consultants in Thoothukudi,/study-abroad-consultants-in-thoothukudi,Student Visa,local commercial,4 - long tail local
student visa consultants in Thanjavur,/study-abroad-consultants-in-thanjavur,Student Visa,local commercial,4 - long tail local
student visa consultants in Dindigul,/study-abroad-consultants-in-dindigul,Student Visa,local commercial,4 - long tail local
student visa consultants in Cuddalore,/study-abroad-consultants-in-cuddalore,Student Visa,local commercial,4 - long tail local
student visa consultants in Kanchipuram,/study-abroad-consultants-in-kanchipuram,Student Visa,local commercial,4 - long tail local
student visa consultants in Karur,/study-abroad-consultants-in-karur,Student Visa,local commercial,4 - long tail local
student visa consultants in Namakkal,/study-abroad-consultants-in-namakkal,Student Visa,local commercial,4 - long tail local
student visa consultants in Hosur,/study-abroad-consultants-in-hosur,Student Visa,local commercial,4 - long tail local
student visa consultants in Nagercoil,/study-abroad-consultants-in-nagercoil,Student Visa,local commercial,4 - long tail local
student visa consultants in Kumbakonam,/study-abroad-consultants-in-kumbakonam,Student Visa,local commercial,4 - long tail local
student visa consultants in Rajapalayam,/study-abroad-consultants-in-rajapalayam,Student Visa,local commercial,4 - long tail local
student visa consultants in Sivakasi,/study-abroad-consultants-in-sivakasi,Student Visa,local commercial,4 - long tail local
student visa consultants in Pudukkottai,/study-abroad-consultants-in-pudukkottai,Student Visa,local commercial,4 - long tail local
student visa consultants in Ambur,/study-abroad-consultants-in-ambur,Student Visa,local commercial,4 - long tail local
student visa consultants in Villupuram,/study-abroad-consultants-in-villupuram,Student Visa,local commercial,4 - long tail local
student visa consultants in Tambaram,/study-abroad-consultants-in-tambaram,Student Visa,local commercial,4 - long tail local
student visa consultants in Avadi,/study-abroad-consultants-in-avadi,Student Visa,local commercial,4 - long tail local
student visa consultants in Ooty,/study-abroad-consultants-in-ooty,Student Visa,local commercial,4 - long tail local
student visa consultants in Ramagundam,/study-abroad-consultants-in-ramagundam,Student Visa,local commercial,4 - long tail local
student visa consultants in Mahbubnagar,/study-abroad-consultants-in-mahbubnagar,Student Visa,local commercial,4 - long tail local
student visa consultants in Nalgonda,/study-abroad-consultants-in-nalgonda,Student Visa,local commercial,4 - long tail local
student visa consultants in Adilabad,/study-abroad-consultants-in-adilabad,Student Visa,local commercial,4 - long tail local
student visa consultants in Suryapet,/study-abroad-consultants-in-suryapet,Student Visa,local commercial,4 - long tail local
student visa consultants in Siddipet,/study-abroad-consultants-in-siddipet,Student Visa,local commercial,4 - long tail local
student visa consultants in Miryalaguda,/study-abroad-consultants-in-miryalaguda,Student Visa,local commercial,4 - long tail local
student visa consultants in Gachibowli,/study-abroad-consultants-in-gachibowli,Student Visa,local commercial,4 - long tail local
student visa consultants in Kukatpally,/study-abroad-consultants-in-kukatpally,Student Visa,local commercial,4 - long tail local
student visa consultants in Madhapur,/study-abroad-consultants-in-madhapur,Student Visa,local commercial,4 - long tail local
student visa consultants in Dwarka,/study-abroad-consultants-in-dwarka,Student Visa,local commercial,4 - long tail local
student visa consultants in Rohini,/study-abroad-consultants-in-rohini,Student Visa,local commercial,4 - long tail local
student visa consultants in Saket,/study-abroad-consultants-in-saket,Student Visa,local commercial,4 - long tail local
student visa consultants in Laxmi Nagar,/study-abroad-consultants-in-laxmi-nagar,Student Visa,local commercial,4 - long tail local
student visa consultants in Pitampura,/study-abroad-consultants-in-pitampura,Student Visa,local commercial,4 - long tail local
student visa consultants in Janakpuri,/study-abroad-consultants-in-janakpuri,Student Visa,local commercial,4 - long tail local
student visa consultants in Karol Bagh,/study-abroad-consultants-in-karol-bagh,Student Visa,local commercial,4 - long tail local
student visa consultants in Connaught Place,/study-abroad-consultants-in-connaught-place,Student Visa,local commercial,4 - long tail local
student visa consultants in Vasant Kunj,/study-abroad-consultants-in-vasant-kunj,Student Visa,local commercial,4 - long tail local
student visa consultants in Mayur Vihar,/study-abroad-consultants-in-mayur-vihar,Student Visa,local commercial,4 - long tail local
student visa consultants in Rajouri Garden,/study-abroad-consultants-in-rajouri-garden,Student Visa,local commercial,4 - long tail local
student visa consultants in Junagadh,/study-abroad-consultants-in-junagadh,Student Visa,local commercial,4 - long tail local
student visa consultants in Anand,/study-abroad-consultants-in-anand,Student Visa,local commercial,4 - long tail local
student visa consultants in Nadiad,/study-abroad-consultants-in-nadiad,Student Visa,local commercial,4 - long tail local
student visa consultants in Bharuch,/study-abroad-consultants-in-bharuch,Student Visa,local commercial,4 - long tail local
student visa consultants in Mehsana,/study-abroad-consultants-in-mehsana,Student Visa,local commercial,4 - long tail local
student visa consultants in Navsari,/study-abroad-consultants-in-navsari,Student Visa,local commercial,4 - long tail local
student visa consultants in Morbi,/study-abroad-consultants-in-morbi,Student Visa,local commercial,4 - long tail local
student visa consultants in Surendranagar,/study-abroad-consultants-in-surendranagar,Student Visa,local commercial,4 - long tail local
student visa consultants in Gandhidham,/study-abroad-consultants-in-gandhidham,Student Visa,local commercial,4 - long tail local
student visa consultants in Vapi,/study-abroad-consultants-in-vapi,Student Visa,local commercial,4 - long tail local
student visa consultants in Valsad,/study-abroad-consultants-in-valsad,Student Visa,local commercial,4 - long tail local
student visa consultants in Porbandar,/study-abroad-consultants-in-porbandar,Student Visa,local commercial,4 - long tail local
student visa consultants in Veraval,/study-abroad-consultants-in-veraval,Student Visa,local commercial,4 - long tail local
student visa consultants in Patan,/study-abroad-consultants-in-patan,Student Visa,local commercial,4 - long tail local
student visa consultants in Bhuj,/study-abroad-consultants-in-bhuj,Student Visa,local commercial,4 - long tail local
student visa consultants in Palanpur,/study-abroad-consultants-in-palanpur,Student Visa,local commercial,4 - long tail local
student visa consultants in Godhra,/study-abroad-consultants-in-godhra,Student Visa,local commercial,4 - long tail local
student visa consultants in Ankleshwar,/study-abroad-consultants-in-ankleshwar,Student Visa,local commercial,4 - long tail local
student visa consultants in Alappuzha,/study-abroad-consultants-in-alappuzha,Student Visa,local commercial,4 - long tail local
student visa consultants in Palakkad,/study-abroad-consultants-in-palakkad,Student Visa,local commercial,4 - long tail local
student visa consultants in Malappuram,/study-abroad-consultants-in-malappuram,Student Visa,local commercial,4 - long tail local
student visa consultants in Kottayam,/study-abroad-consultants-in-kottayam,Student Visa,local commercial,4 - long tail local
student visa consultants in Pathanamthitta,/study-abroad-consultants-in-pathanamthitta,Student Visa,local commercial,4 - long tail local
student visa consultants in Idukki,/study-abroad-consultants-in-idukki,Student Visa,local commercial,4 - long tail local
student visa consultants in Kasaragod,/study-abroad-consultants-in-kasaragod,Student Visa,local commercial,4 - long tail local
student visa consultants in Wayanad,/study-abroad-consultants-in-wayanad,Student Visa,local commercial,4 - long tail local
student visa consultants in Ernakulam,/study-abroad-consultants-in-ernakulam,Student Visa,local commercial,4 - long tail local
student visa consultants in Manjeri,/study-abroad-consultants-in-manjeri,Student Visa,local commercial,4 - long tail local
student visa consultants in Ponnani,/study-abroad-consultants-in-ponnani,Student Visa,local commercial,4 - long tail local
student visa consultants in Thalassery,/study-abroad-consultants-in-thalassery,Student Visa,local commercial,4 - long tail local
student visa consultants in Bardhaman,/study-abroad-consultants-in-bardhaman,Student Visa,local commercial,4 - long tail local
student visa consultants in Malda,/study-abroad-consultants-in-malda,Student Visa,local commercial,4 - long tail local
student visa consultants in Kharagpur,/study-abroad-consultants-in-kharagpur,Student Visa,local commercial,4 - long tail local
student visa consultants in Haldia,/study-abroad-consultants-in-haldia,Student Visa,local commercial,4 - long tail local
student visa consultants in Darjeeling,/study-abroad-consultants-in-darjeeling,Student Visa,local commercial,4 - long tail local
student visa consultants in Krishnanagar,/study-abroad-consultants-in-krishnanagar,Student Visa,local commercial,4 - long tail local
student visa consultants in Barasat,/study-abroad-consultants-in-barasat,Student Visa,local commercial,4 - long tail local
student visa consultants in Berhampore,/study-abroad-consultants-in-berhampore,Student Visa,local commercial,4 - long tail local
student visa consultants in Bankura,/study-abroad-consultants-in-bankura,Student Visa,local commercial,4 - long tail local
student visa consultants in Jalpaiguri,/study-abroad-consultants-in-jalpaiguri,Student Visa,local commercial,4 - long tail local
student visa consultants in Cooch Behar,/study-abroad-consultants-in-cooch-behar,Student Visa,local commercial,4 - long tail local
student visa consultants in Raiganj,/study-abroad-consultants-in-raiganj,Student Visa,local commercial,4 - long tail local
student visa consultants in Salt Lake,/study-abroad-consultants-in-salt-lake,Student Visa,local commercial,4 - long tail local
student visa consultants in Barrackpore,/study-abroad-consultants-in-barrackpore,Student Visa,local commercial,4 - long tail local
student visa consultants in Serampore,/study-abroad-consultants-in-serampore,Student Visa,local commercial,4 - long tail local
student visa consultants in Jhansi,/study-abroad-consultants-in-jhansi,Student Visa,local commercial,4 - long tail local
student visa consultants in Firozabad,/study-abroad-consultants-in-firozabad,Student Visa,local commercial,4 - long tail local
student visa consultants in Muzaffarnagar,/study-abroad-consultants-in-muzaffarnagar,Student Visa,local commercial,4 - long tail local
student visa consultants in Mathura,/study-abroad-consultants-in-mathura,Student Visa,local commercial,4 - long tail local
student visa consultants in Shahjahanpur,/study-abroad-consultants-in-shahjahanpur,Student Visa,local commercial,4 - long tail local
student visa consultants in Rampur,/study-abroad-consultants-in-rampur,Student Visa,local commercial,4 - long tail local
student visa consultants in Mau,/study-abroad-consultants-in-mau,Student Visa,local commercial,4 - long tail local
student visa consultants in Farrukhabad,/study-abroad-consultants-in-farrukhabad,Student Visa,local commercial,4 - long tail local
student visa consultants in Hapur,/study-abroad-consultants-in-hapur,Student Visa,local commercial,4 - long tail local
student visa consultants in Etawah,/study-abroad-consultants-in-etawah,Student Visa,local commercial,4 - long tail local
student visa consultants in Mirzapur,/study-abroad-consultants-in-mirzapur,Student Visa,local commercial,4 - long tail local
student visa consultants in Bulandshahr,/study-abroad-consultants-in-bulandshahr,Student Visa,local commercial,4 - long tail local
student visa consultants in Sambhal,/study-abroad-consultants-in-sambhal,Student Visa,local commercial,4 - long tail local
student visa consultants in Amroha,/study-abroad-consultants-in-amroha,Student Visa,local commercial,4 - long tail local
student visa consultants in Hardoi,/study-abroad-consultants-in-hardoi,Student Visa,local commercial,4 - long tail local
student visa consultants in Fatehpur,/study-abroad-consultants-in-fatehpur,Student Visa,local commercial,4 - long tail local
student visa consultants in Raebareli,/study-abroad-consultants-in-raebareli,Student Visa,local commercial,4 - long tail local
student visa consultants in Sitapur,/study-abroad-consultants-in-sitapur,Student Visa,local commercial,4 - long tail local
student visa consultants in Bahraich,/study-abroad-consultants-in-bahraich,Student Visa,local commercial,4 - long tail local
student visa consultants in Unnao,/study-abroad-consultants-in-unnao,Student Visa,local commercial,4 - long tail local
student visa consultants in Jaunpur,/study-abroad-consultants-in-jaunpur,Student Visa,local commercial,4 - long tail local
student visa consultants in Lakhimpur,/study-abroad-consultants-in-lakhimpur,Student Visa,local commercial,4 - long tail local
student visa consultants in Ayodhya,/study-abroad-consultants-in-ayodhya,Student Visa,local commercial,4 - long tail local
student visa consultants in Banda,/study-abroad-consultants-in-banda,Student Visa,local commercial,4 - long tail local
student visa consultants in Basti,/study-abroad-consultants-in-basti,Student Visa,local commercial,4 - long tail local
student visa consultants in Deoria,/study-abroad-consultants-in-deoria,Student Visa,local commercial,4 - long tail local
student visa consultants in Bhilwara,/study-abroad-consultants-in-bhilwara,Student Visa,local commercial,4 - long tail local
student visa consultants in Alwar,/study-abroad-consultants-in-alwar,Student Visa,local commercial,4 - long tail local
student visa consultants in Sikar,/study-abroad-consultants-in-sikar,Student Visa,local commercial,4 - long tail local
student visa consultants in Pali,/study-abroad-consultants-in-pali,Student Visa,local commercial,4 - long tail local
student visa consultants in Sri Ganganagar,/study-abroad-consultants-in-sri-ganganagar,Student Visa,local commercial,4 - long tail local
student visa consultants in Bharatpur,/study-abroad-consultants-in-bharatpur,Student Visa,local commercial,4 - long tail local
student visa consultants in Hanumangarh,/study-abroad-consultants-in-hanumangarh,Student Visa,local commercial,4 - long tail local
student visa consultants in Chittorgarh,/study-abroad-consultants-in-chittorgarh,Student Visa,local commercial,4 - long tail local
student visa consultants in Jhunjhunu,/study-abroad-consultants-in-jhunjhunu,Student Visa,local commercial,4 - long tail local
student visa consultants in Banswara,/study-abroad-consultants-in-banswara,Student Visa,local commercial,4 - long tail local
student visa consultants in Barmer,/study-abroad-consultants-in-barmer,Student Visa,local commercial,4 - long tail local
student visa consultants in Jaisalmer,/study-abroad-consultants-in-jaisalmer,Student Visa,local commercial,4 - long tail local
student visa consultants in Nagaur,/study-abroad-consultants-in-nagaur,Student Visa,local commercial,4 - long tail local
student visa consultants in Tonk,/study-abroad-consultants-in-tonk,Student Visa,local commercial,4 - long tail local
student visa consultants in Dausa,/study-abroad-consultants-in-dausa,Student Visa,local commercial,4 - long tail local
student visa consultants in Baran,/study-abroad-consultants-in-baran,Student Visa,local commercial,4 - long tail local
student visa consultants in Sagar,/study-abroad-consultants-in-sagar,Student Visa,local commercial,4 - long tail local
student visa consultants in Dewas,/study-abroad-consultants-in-dewas,Student Visa,local commercial,4 - long tail local
student visa consultants in Satna,/study-abroad-consultants-in-satna,Student Visa,local commercial,4 - long tail local
student visa consultants in Ratlam,/study-abroad-consultants-in-ratlam,Student Visa,local commercial,4 - long tail local
student visa consultants in Rewa,/study-abroad-consultants-in-rewa,Student Visa,local commercial,4 - long tail local
student visa consultants in Katni,/study-abroad-consultants-in-katni,Student Visa,local commercial,4 - long tail local
student visa consultants in Singrauli,/study-abroad-consultants-in-singrauli,Student Visa,local commercial,4 - long tail local
student visa consultants in Burhanpur,/study-abroad-consultants-in-burhanpur,Student Visa,local commercial,4 - long tail local
student visa consultants in Khandwa,/study-abroad-consultants-in-khandwa,Student Visa,local commercial,4 - long tail local
student visa consultants in Morena,/study-abroad-consultants-in-morena,Student Visa,local commercial,4 - long tail local
student visa consultants in Bhind,/study-abroad-consultants-in-bhind,Student Visa,local commercial,4 - long tail local
student visa consultants in Chhindwara,/study-abroad-consultants-in-chhindwara,Student Visa,local commercial,4 - long tail local
student visa consultants in Guna,/study-abroad-consultants-in-guna,Student Visa,local commercial,4 - long tail local
student visa consultants in Shivpuri,/study-abroad-consultants-in-shivpuri,Student Visa,local commercial,4 - long tail local
student visa consultants in Vidisha,/study-abroad-consultants-in-vidisha,Student Visa,local commercial,4 - long tail local
student visa consultants in Chhatarpur,/study-abroad-consultants-in-chhatarpur,Student Visa,local commercial,4 - long tail local
student visa consultants in Damoh,/study-abroad-consultants-in-damoh,Student Visa,local commercial,4 - long tail local
student visa consultants in Mandsaur,/study-abroad-consultants-in-mandsaur,Student Visa,local commercial,4 - long tail local
student visa consultants in Neemuch,/study-abroad-consultants-in-neemuch,Student Visa,local commercial,4 - long tail local
student visa consultants in Narmadapuram,/study-abroad-consultants-in-narmadapuram,Student Visa,local commercial,4 - long tail local
student visa consultants in Hoshiarpur,/study-abroad-consultants-in-hoshiarpur,Student Visa,local commercial,4 - long tail local
student visa consultants in Pathankot,/study-abroad-consultants-in-pathankot,Student Visa,local commercial,4 - long tail local
student visa consultants in Moga,/study-abroad-consultants-in-moga,Student Visa,local commercial,4 - long tail local
student visa consultants in Batala,/study-abroad-consultants-in-batala,Student Visa,local commercial,4 - long tail local
student visa consultants in Firozpur,/study-abroad-consultants-in-firozpur,Student Visa,local commercial,4 - long tail local
student visa consultants in Kapurthala,/study-abroad-consultants-in-kapurthala,Student Visa,local commercial,4 - long tail local
student visa consultants in Phagwara,/study-abroad-consultants-in-phagwara,Student Visa,local commercial,4 - long tail local
student visa consultants in Barnala,/study-abroad-consultants-in-barnala,Student Visa,local commercial,4 - long tail local
student visa consultants in Sangrur,/study-abroad-consultants-in-sangrur,Student Visa,local commercial,4 - long tail local
student visa consultants in Khanna,/study-abroad-consultants-in-khanna,Student Visa,local commercial,4 - long tail local
student visa consultants in Muktsar,/study-abroad-consultants-in-muktsar,Student Visa,local commercial,4 - long tail local
student visa consultants in Faridkot,/study-abroad-consultants-in-faridkot,Student Visa,local commercial,4 - long tail local
student visa consultants in Rajpura,/study-abroad-consultants-in-rajpura,Student Visa,local commercial,4 - long tail local
student visa consultants in Gurdaspur,/study-abroad-consultants-in-gurdaspur,Student Visa,local commercial,4 - long tail local
student visa consultants in Sonipat,/study-abroad-consultants-in-sonipat,Student Visa,local commercial,4 - long tail local
student visa consultants in Panchkula,/study-abroad-consultants-in-panchkula,Student Visa,local commercial,4 - long tail local
student visa consultants in Bhiwani,/study-abroad-consultants-in-bhiwani,Student Visa,local commercial,4 - long tail local
student visa consultants in Sirsa,/study-abroad-consultants-in-sirsa,Student Visa,local commercial,4 - long tail local
student visa consultants in Bahadurgarh,/study-abroad-consultants-in-bahadurgarh,Student Visa,local commercial,4 - long tail local
student visa consultants in Jind,/study-abroad-consultants-in-jind,Student Visa,local commercial,4 - long tail local
student visa consultants in Kurukshetra,/study-abroad-consultants-in-kurukshetra,Student Visa,local commercial,4 - long tail local
student visa consultants in Kaithal,/study-abroad-consultants-in-kaithal,Student Visa,local commercial,4 - long tail local
student visa consultants in Rewari,/study-abroad-consultants-in-rewari,Student Visa,local commercial,4 - long tail local
student visa consultants in Palwal,/study-abroad-consultants-in-palwal,Student Visa,local commercial,4 - long tail local
student visa consultants in Fatehabad,/study-abroad-consultants-in-fatehabad,Student Visa,local commercial,4 - long tail local
student visa consultants in Narnaul,/study-abroad-consultants-in-narnaul,Student Visa,local commercial,4 - long tail local
student visa consultants in Anantapur,/study-abroad-consultants-in-anantapur,Student Visa,local commercial,4 - long tail local
student visa consultants in Kadapa,/study-abroad-consultants-in-kadapa,Student Visa,local commercial,4 - long tail local
student visa consultants in Vizianagaram,/study-abroad-consultants-in-vizianagaram,Student Visa,local commercial,4 - long tail local
student visa consultants in Eluru,/study-abroad-consultants-in-eluru,Student Visa,local commercial,4 - long tail local
student visa consultants in Ongole,/study-abroad-consultants-in-ongole,Student Visa,local commercial,4 - long tail local
student visa consultants in Nandyal,/study-abroad-consultants-in-nandyal,Student Visa,local commercial,4 - long tail local
student visa consultants in Machilipatnam,/study-abroad-consultants-in-machilipatnam,Student Visa,local commercial,4 - long tail local
student visa consultants in Adoni,/study-abroad-consultants-in-adoni,Student Visa,local commercial,4 - long tail local
student visa consultants in Tenali,/study-abroad-consultants-in-tenali,Student Visa,local commercial,4 - long tail local
student visa consultants in Proddatur,/study-abroad-consultants-in-proddatur,Student Visa,local commercial,4 - long tail local
student visa consultants in Chittoor,/study-abroad-consultants-in-chittoor,Student Visa,local commercial,4 - long tail local
student visa consultants in Hindupur,/study-abroad-consultants-in-hindupur,Student Visa,local commercial,4 - long tail local
student visa consultants in Bhimavaram,/study-abroad-consultants-in-bhimavaram,Student Visa,local commercial,4 - long tail local
student visa consultants in Srikakulam,/study-abroad-consultants-in-srikakulam,Student Visa,local commercial,4 - long tail local
student visa consultants in Amaravati,/study-abroad-consultants-in-amaravati,Student Visa,local commercial,4 - long tail local
student visa consultants in Purnia,/study-abroad-consultants-in-purnia,Student Visa,local commercial,4 - long tail local
student visa consultants in Arrah,/study-abroad-consultants-in-arrah,Student Visa,local commercial,4 - long tail local
student visa consultants in Begusarai,/study-abroad-consultants-in-begusarai,Student Visa,local commercial,4 - long tail local
student visa consultants in Katihar,/study-abroad-consultants-in-katihar,Student Visa,local commercial,4 - long tail local
student visa consultants in Munger,/study-abroad-consultants-in-munger,Student Visa,local commercial,4 - long tail local
student visa consultants in Chhapra,/study-abroad-consultants-in-chhapra,Student Visa,local commercial,4 - long tail local
student visa consultants in Danapur,/study-abroad-consultants-in-danapur,Student Visa,local commercial,4 - long tail local
student visa consultants in Saharsa,/study-abroad-consultants-in-saharsa,Student Visa,local commercial,4 - long tail local
student visa consultants in Sasaram,/study-abroad-consultants-in-sasaram,Student Visa,local commercial,4 - long tail local
student visa consultants in Hajipur,/study-abroad-consultants-in-hajipur,Student Visa,local commercial,4 - long tail local
student visa consultants in Dehri,/study-abroad-consultants-in-dehri,Student Visa,local commercial,4 - long tail local
student visa consultants in Siwan,/study-abroad-consultants-in-siwan,Student Visa,local commercial,4 - long tail local
student visa consultants in Motihari,/study-abroad-consultants-in-motihari,Student Visa,local commercial,4 - long tail local
student visa consultants in Nawada,/study-abroad-consultants-in-nawada,Student Visa,local commercial,4 - long tail local
student visa consultants in Bettiah,/study-abroad-consultants-in-bettiah,Student Visa,local commercial,4 - long tail local
student visa consultants in Bihar Sharif,/study-abroad-consultants-in-bihar-sharif,Student Visa,local commercial,4 - long tail local
student visa consultants in Sambalpur,/study-abroad-consultants-in-sambalpur,Student Visa,local commercial,4 - long tail local
student visa consultants in Puri,/study-abroad-consultants-in-puri,Student Visa,local commercial,4 - long tail local
student visa consultants in Balasore,/study-abroad-consultants-in-balasore,Student Visa,local commercial,4 - long tail local
student visa consultants in Bhadrak,/study-abroad-consultants-in-bhadrak,Student Visa,local commercial,4 - long tail local
student visa consultants in Baripada,/study-abroad-consultants-in-baripada,Student Visa,local commercial,4 - long tail local
student visa consultants in Jharsuguda,/study-abroad-consultants-in-jharsuguda,Student Visa,local commercial,4 - long tail local
student visa consultants in Jeypore,/study-abroad-consultants-in-jeypore,Student Visa,local commercial,4 - long tail local
student visa consultants in Angul,/study-abroad-consultants-in-angul,Student Visa,local commercial,4 - long tail local
student visa consultants in Dhenkanal,/study-abroad-consultants-in-dhenkanal,Student Visa,local commercial,4 - long tail local
student visa consultants in Rayagada,/study-abroad-consultants-in-rayagada,Student Visa,local commercial,4 - long tail local
student visa consultants in Deoghar,/study-abroad-consultants-in-deoghar,Student Visa,local commercial,4 - long tail local
student visa consultants in Hazaribagh,/study-abroad-consultants-in-hazaribagh,Student Visa,local commercial,4 - long tail local
student visa consultants in Giridih,/study-abroad-consultants-in-giridih,Student Visa,local commercial,4 - long tail local
student visa consultants in Ramgarh,/study-abroad-consultants-in-ramgarh,Student Visa,local commercial,4 - long tail local
student visa consultants in Phusro,/study-abroad-consultants-in-phusro,Student Visa,local commercial,4 - long tail local
student visa consultants in Medininagar,/study-abroad-consultants-in-medininagar,Student Visa,local commercial,4 - long tail local
student visa consultants in Chaibasa,/study-abroad-consultants-in-chaibasa,Student Visa,local commercial,4 - long tail local
student visa consultants in Dumka,/study-abroad-consultants-in-dumka,Student Visa,local commercial,4 - long tail local
student visa consultants in Durg,/study-abroad-consultants-in-durg,Student Visa,local commercial,4 - long tail local
student visa consultants in Rajnandgaon,/study-abroad-consultants-in-rajnandgaon,Student Visa,local commercial,4 - long tail local
student visa consultants in Jagdalpur,/study-abroad-consultants-in-jagdalpur,Student Visa,local commercial,4 - long tail local
student visa consultants in Raigarh,/study-abroad-consultants-in-raigarh,Student Visa,local commercial,4 - long tail local
student visa consultants in Ambikapur,/study-abroad-consultants-in-ambikapur,Student Visa,local commercial,4 - long tail local
student visa consultants in Dhamtari,/study-abroad-consultants-in-dhamtari,Student Visa,local commercial,4 - long tail local
student visa consultants in Mahasamund,/study-abroad-consultants-in-mahasamund,Student Visa,local commercial,4 - long tail local
student visa consultants in Dibrugarh,/study-abroad-consultants-in-dibrugarh,Student Visa,local commercial,4 - long tail local
student visa consultants in Jorhat,/study-abroad-consultants-in-jorhat,Student Visa,local commercial,4 - long tail local
student visa consultants in Nagaon,/study-abroad-consultants-in-nagaon,Student Visa,local commercial,4 - long tail local
student visa consultants in Tinsukia,/study-abroad-consultants-in-tinsukia,Student Visa,local commercial,4 - long tail local
student visa consultants in Tezpur,/study-abroad-consultants-in-tezpur,Student Visa,local commercial,4 - long tail local
student visa consultants in Bongaigaon,/study-abroad-consultants-in-bongaigaon,Student Visa,local commercial,4 - long tail local
student visa consultants in Dhubri,/study-abroad-consultants-in-dhubri,Student Visa,local commercial,4 - long tail local
student visa consultants in Sivasagar,/study-abroad-consultants-in-sivasagar,Student Visa,local commercial,4 - long tail local
student visa consultants in Goalpara,/study-abroad-consultants-in-goalpara,Student Visa,local commercial,4 - long tail local
student visa consultants in Diphu,/study-abroad-consultants-in-diphu,Student Visa,local commercial,4 - long tail local
student visa consultants in Dispur,/study-abroad-consultants-in-dispur,Student Visa,local commercial,4 - long tail local
student visa consultants in Haldwani,/study-abroad-consultants-in-haldwani,Student Visa,local commercial,4 - long tail local
student visa consultants in Roorkee,/study-abroad-consultants-in-roorkee,Student Visa,local commercial,4 - long tail local
student visa consultants in Rudrapur,/study-abroad-consultants-in-rudrapur,Student Visa,local commercial,4 - long tail local
student visa consultants in Kashipur,/study-abroad-consultants-in-kashipur,Student Visa,local commercial,4 - long tail local
student visa consultants in Rishikesh,/study-abroad-consultants-in-rishikesh,Student Visa,local commercial,4 - long tail local
student visa consultants in Nainital,/study-abroad-consultants-in-nainital,Student Visa,local commercial,4 - long tail local
student visa consultants in Pithoragarh,/study-abroad-consultants-in-pithoragarh,Student Visa,local commercial,4 - long tail local
student visa consultants in Almora,/study-abroad-consultants-in-almora,Student Visa,local commercial,4 - long tail local
student visa consultants in Mussoorie,/study-abroad-consultants-in-mussoorie,Student Visa,local commercial,4 - long tail local
student visa consultants in Solan,/study-abroad-consultants-in-solan,Student Visa,local commercial,4 - long tail local
student visa consultants in Dharamshala,/study-abroad-consultants-in-dharamshala,Student Visa,local commercial,4 - long tail local
student visa consultants in Mandi,/study-abroad-consultants-in-mandi,Student Visa,local commercial,4 - long tail local
student visa consultants in Kullu,/study-abroad-consultants-in-kullu,Student Visa,local commercial,4 - long tail local
student visa consultants in Una,/study-abroad-consultants-in-una,Student Visa,local commercial,4 - long tail local
student visa consultants in Hamirpur,/study-abroad-consultants-in-hamirpur,Student Visa,local commercial,4 - long tail local
student visa consultants in Bilaspur,/study-abroad-consultants-in-bilaspur,Student Visa,local commercial,4 - long tail local
student visa consultants in Chamba,/study-abroad-consultants-in-chamba,Student Visa,local commercial,4 - long tail local
student visa consultants in Nahan,/study-abroad-consultants-in-nahan,Student Visa,local commercial,4 - long tail local
student visa consultants in Baddi,/study-abroad-consultants-in-baddi,Student Visa,local commercial,4 - long tail local
student visa consultants in Palampur,/study-abroad-consultants-in-palampur,Student Visa,local commercial,4 - long tail local
student visa consultants in Margao,/study-abroad-consultants-in-margao,Student Visa,local commercial,4 - long tail local
student visa consultants in Vasco da Gama,/study-abroad-consultants-in-vasco-da-gama,Student Visa,local commercial,4 - long tail local
student visa consultants in Mapusa,/study-abroad-consultants-in-mapusa,Student Visa,local commercial,4 - long tail local
student visa consultants in Ponda,/study-abroad-consultants-in-ponda,Student Visa,local commercial,4 - long tail local
student visa consultants in Porvorim,/study-abroad-consultants-in-porvorim,Student Visa,local commercial,4 - long tail local
student visa consultants in Anantnag,/study-abroad-consultants-in-anantnag,Student Visa,local commercial,4 - long tail local
student visa consultants in Baramulla,/study-abroad-consultants-in-baramulla,Student Visa,local commercial,4 - long tail local
student visa consultants in Udhampur,/study-abroad-consultants-in-udhampur,Student Visa,local commercial,4 - long tail local
student visa consultants in Kathua,/study-abroad-consultants-in-kathua,Student Visa,local commercial,4 - long tail local
student visa consultants in Sopore,/study-abroad-consultants-in-sopore,Student Visa,local commercial,4 - long tail local
student visa consultants in Kupwara,/study-abroad-consultants-in-kupwara,Student Visa,local commercial,4 - long tail local
student visa consultants in Karaikal,/study-abroad-consultants-in-karaikal,Student Visa,local commercial,4 - long tail local
student visa consultants in Yanam,/study-abroad-consultants-in-yanam,Student Visa,local commercial,4 - long tail local
student visa consultants in Mahe,/study-abroad-consultants-in-mahe,Student Visa,local commercial,4 - long tail local
student visa consultants in Udaipur,/study-abroad-consultants-in-udaipur,Student Visa,local commercial,4 - long tail local
student visa consultants in Dharmanagar,/study-abroad-consultants-in-dharmanagar,Student Visa,local commercial,4 - long tail local
student visa consultants in Kailashahar,/study-abroad-consultants-in-kailashahar,Student Visa,local commercial,4 - long tail local
student visa consultants in Thoubal,/study-abroad-consultants-in-thoubal,Student Visa,local commercial,4 - long tail local
student visa consultants in Churachandpur,/study-abroad-consultants-in-churachandpur,Student Visa,local commercial,4 - long tail local
student visa consultants in Bishnupur,/study-abroad-consultants-in-bishnupur,Student Visa,local commercial,4 - long tail local
student visa consultants in Tura,/study-abroad-consultants-in-tura,Student Visa,local commercial,4 - long tail local
student visa consultants in Jowai,/study-abroad-consultants-in-jowai,Student Visa,local commercial,4 - long tail local
student visa consultants in Nongstoin,/study-abroad-consultants-in-nongstoin,Student Visa,local commercial,4 - long tail local
student visa consultants in Mokokchung,/study-abroad-consultants-in-mokokchung,Student Visa,local commercial,4 - long tail local
student visa consultants in Tuensang,/study-abroad-consultants-in-tuensang,Student Visa,local commercial,4 - long tail local
student visa consultants in Lunglei,/study-abroad-consultants-in-lunglei,Student Visa,local commercial,4 - long tail local
student visa consultants in Champhai,/study-abroad-consultants-in-champhai,Student Visa,local commercial,4 - long tail local
student visa consultants in Naharlagun,/study-abroad-consultants-in-naharlagun,Student Visa,local commercial,4 - long tail local
student visa consultants in Pasighat,/study-abroad-consultants-in-pasighat,Student Visa,local commercial,4 - long tail local
student visa consultants in Tezu,/study-abroad-consultants-in-tezu,Student Visa,local commercial,4 - long tail local
student visa consultants in Namchi,/study-abroad-consultants-in-namchi,Student Visa,local commercial,4 - long tail local
student visa consultants in Gyalshing,/study-abroad-consultants-in-gyalshing,Student Visa,local commercial,4 - long tail local
student visa consultants in Mangan,/study-abroad-consultants-in-mangan,Student Visa,local commercial,4 - long tail local
student visa consultants in Port Blair,/study-abroad-consultants-in-port-blair,Student Visa,local commercial,4 - long tail local
student visa consultants in Car Nicobar,/study-abroad-consultants-in-car-nicobar,Student Visa,local commercial,4 - long tail local
student visa consultants in Leh,/study-abroad-consultants-in-leh,Student Visa,local commercial,4 - long tail local
student visa consultants in Kargil,/study-abroad-consultants-in-kargil,Student Visa,local commercial,4 - long tail local
student visa consultants in Silvassa,/study-abroad-consultants-in-silvassa,Student Visa,local commercial,4 - long tail local
student visa consultants in Daman,/study-abroad-consultants-in-daman,Student Visa,local commercial,4 - long tail local
student visa consultants in Diu,/study-abroad-consultants-in-diu,Student Visa,local commercial,4 - long tail local
study abroad admission consultant,/admission-guidance,Admission Guidance,commercial,1 - head
foreign university admission consultant,/admission-guidance,Admission Guidance,commercial,1 - head
university shortlisting service,/admission-guidance,Admission Guidance,commercial,2 - body
SOP writing help for university application,/admission-guidance,Admission Guidance,commercial,2 - body
LOR guidance for abroad application,/admission-guidance,Admission Guidance,commercial,2 - body
how to apply to foreign universities from India,/admission-guidance,Admission Guidance,commercial,2 - body
study abroad application deadlines,/admission-guidance,Admission Guidance,commercial,2 - body
profile evaluation for study abroad,/admission-guidance,Admission Guidance,commercial,2 - body
how to get admission abroad after 12th,/admission-guidance,Admission Guidance,informational,3 - long tail / AEO
what GPA do I need for MS abroad,/admission-guidance,Admission Guidance,informational,3 - long tail / AEO
how many universities should I apply to,/admission-guidance,Admission Guidance,informational,3 - long tail / AEO
when to start university applications for fall intake,/admission-guidance,Admission Guidance,informational,3 - long tail / AEO
admission guidance in Mumbai,/study-abroad-consultants-in-mumbai,Admission Guidance,local commercial,2 - body
admission guidance in Pune,/study-abroad-consultants-in-pune,Admission Guidance,local commercial,2 - body
admission guidance in Nagpur,/study-abroad-consultants-in-nagpur,Admission Guidance,local commercial,2 - body
admission guidance in Thane,/study-abroad-consultants-in-thane,Admission Guidance,local commercial,2 - body
admission guidance in Nashik,/study-abroad-consultants-in-nashik,Admission Guidance,local commercial,2 - body
admission guidance in Navi Mumbai,/study-abroad-consultants-in-navi-mumbai,Admission Guidance,local commercial,2 - body
admission guidance in Pimpri-Chinchwad,/study-abroad-consultants-in-pimpri-chinchwad,Admission Guidance,local commercial,2 - body
admission guidance in Kalyan-Dombivli,/study-abroad-consultants-in-kalyan-dombivli,Admission Guidance,local commercial,2 - body
admission guidance in Vasai-Virar,/study-abroad-consultants-in-vasai-virar,Admission Guidance,local commercial,2 - body
admission guidance in Chhatrapati Sambhajinagar,/study-abroad-consultants-in-chhatrapati-sambhajinagar,Admission Guidance,local commercial,2 - body
admission guidance in Solapur,/study-abroad-consultants-in-solapur,Admission Guidance,local commercial,2 - body
admission guidance in Kolhapur,/study-abroad-consultants-in-kolhapur,Admission Guidance,local commercial,2 - body
admission guidance in Amravati,/study-abroad-consultants-in-amravati,Admission Guidance,local commercial,2 - body
admission guidance in Mira-Bhayandar,/study-abroad-consultants-in-mira-bhayandar,Admission Guidance,local commercial,2 - body
admission guidance in Bengaluru,/study-abroad-consultants-in-bengaluru,Admission Guidance,local commercial,2 - body
admission guidance in Mysuru,/study-abroad-consultants-in-mysuru,Admission Guidance,local commercial,2 - body
admission guidance in Hubballi-Dharwad,/study-abroad-consultants-in-hubballi-dharwad,Admission Guidance,local commercial,2 - body
admission guidance in Mangaluru,/study-abroad-consultants-in-mangaluru,Admission Guidance,local commercial,2 - body
admission guidance in Belagavi,/study-abroad-consultants-in-belagavi,Admission Guidance,local commercial,2 - body
admission guidance in Kalaburagi,/study-abroad-consultants-in-kalaburagi,Admission Guidance,local commercial,2 - body
admission guidance in Davanagere,/study-abroad-consultants-in-davanagere,Admission Guidance,local commercial,2 - body
admission guidance in Ballari,/study-abroad-consultants-in-ballari,Admission Guidance,local commercial,2 - body
admission guidance in Chennai,/study-abroad-consultants-in-chennai,Admission Guidance,local commercial,2 - body
admission guidance in Coimbatore,/study-abroad-consultants-in-coimbatore,Admission Guidance,local commercial,2 - body
admission guidance in Madurai,/study-abroad-consultants-in-madurai,Admission Guidance,local commercial,2 - body
admission guidance in Tiruchirappalli,/study-abroad-consultants-in-tiruchirappalli,Admission Guidance,local commercial,2 - body
admission guidance in Salem,/study-abroad-consultants-in-salem,Admission Guidance,local commercial,2 - body
admission guidance in Tirunelveli,/study-abroad-consultants-in-tirunelveli,Admission Guidance,local commercial,2 - body
admission guidance in Tiruppur,/study-abroad-consultants-in-tiruppur,Admission Guidance,local commercial,2 - body
admission guidance in Erode,/study-abroad-consultants-in-erode,Admission Guidance,local commercial,2 - body
admission guidance in Vellore,/study-abroad-consultants-in-vellore,Admission Guidance,local commercial,2 - body
admission guidance in Hyderabad,/study-abroad-consultants-in-hyderabad,Admission Guidance,local commercial,2 - body
admission guidance in Warangal,/study-abroad-consultants-in-warangal,Admission Guidance,local commercial,2 - body
admission guidance in Nizamabad,/study-abroad-consultants-in-nizamabad,Admission Guidance,local commercial,2 - body
admission guidance in Karimnagar,/study-abroad-consultants-in-karimnagar,Admission Guidance,local commercial,2 - body
admission guidance in Khammam,/study-abroad-consultants-in-khammam,Admission Guidance,local commercial,2 - body
admission guidance in Secunderabad,/study-abroad-consultants-in-secunderabad,Admission Guidance,local commercial,2 - body
admission guidance in New Delhi,/study-abroad-consultants-in-new-delhi,Admission Guidance,local commercial,2 - body
admission guidance in Ahmedabad,/study-abroad-consultants-in-ahmedabad,Admission Guidance,local commercial,2 - body
admission guidance in Surat,/study-abroad-consultants-in-surat,Admission Guidance,local commercial,2 - body
admission guidance in Vadodara,/study-abroad-consultants-in-vadodara,Admission Guidance,local commercial,2 - body
admission guidance in Rajkot,/study-abroad-consultants-in-rajkot,Admission Guidance,local commercial,2 - body
admission guidance in Bhavnagar,/study-abroad-consultants-in-bhavnagar,Admission Guidance,local commercial,2 - body
admission guidance in Jamnagar,/study-abroad-consultants-in-jamnagar,Admission Guidance,local commercial,2 - body
admission guidance in Gandhinagar,/study-abroad-consultants-in-gandhinagar,Admission Guidance,local commercial,2 - body
admission guidance in Thiruvananthapuram,/study-abroad-consultants-in-thiruvananthapuram,Admission Guidance,local commercial,2 - body
admission guidance in Kochi,/study-abroad-consultants-in-kochi,Admission Guidance,local commercial,2 - body
admission guidance in Kozhikode,/study-abroad-consultants-in-kozhikode,Admission Guidance,local commercial,2 - body
admission guidance in Thrissur,/study-abroad-consultants-in-thrissur,Admission Guidance,local commercial,2 - body
admission guidance in Kollam,/study-abroad-consultants-in-kollam,Admission Guidance,local commercial,2 - body
admission guidance in Kannur,/study-abroad-consultants-in-kannur,Admission Guidance,local commercial,2 - body
admission guidance in Kolkata,/study-abroad-consultants-in-kolkata,Admission Guidance,local commercial,2 - body
admission guidance in Howrah,/study-abroad-consultants-in-howrah,Admission Guidance,local commercial,2 - body
admission guidance in Durgapur,/study-abroad-consultants-in-durgapur,Admission Guidance,local commercial,2 - body
admission guidance in Asansol,/study-abroad-consultants-in-asansol,Admission Guidance,local commercial,2 - body
admission guidance in Siliguri,/study-abroad-consultants-in-siliguri,Admission Guidance,local commercial,2 - body
admission guidance in Lucknow,/study-abroad-consultants-in-lucknow,Admission Guidance,local commercial,2 - body
admission guidance in Kanpur,/study-abroad-consultants-in-kanpur,Admission Guidance,local commercial,2 - body
admission guidance in Ghaziabad,/study-abroad-consultants-in-ghaziabad,Admission Guidance,local commercial,2 - body
admission guidance in Agra,/study-abroad-consultants-in-agra,Admission Guidance,local commercial,2 - body
admission guidance in Varanasi,/study-abroad-consultants-in-varanasi,Admission Guidance,local commercial,2 - body
admission guidance in Meerut,/study-abroad-consultants-in-meerut,Admission Guidance,local commercial,2 - body
admission guidance in Prayagraj,/study-abroad-consultants-in-prayagraj,Admission Guidance,local commercial,2 - body
admission guidance in Noida,/study-abroad-consultants-in-noida,Admission Guidance,local commercial,2 - body
admission guidance in Bareilly,/study-abroad-consultants-in-bareilly,Admission Guidance,local commercial,2 - body
admission guidance in Aligarh,/study-abroad-consultants-in-aligarh,Admission Guidance,local commercial,2 - body
admission guidance in Moradabad,/study-abroad-consultants-in-moradabad,Admission Guidance,local commercial,2 - body
admission guidance in Gorakhpur,/study-abroad-consultants-in-gorakhpur,Admission Guidance,local commercial,2 - body
admission guidance in Saharanpur,/study-abroad-consultants-in-saharanpur,Admission Guidance,local commercial,2 - body
admission guidance in Greater Noida,/study-abroad-consultants-in-greater-noida,Admission Guidance,local commercial,2 - body
admission guidance in Jaipur,/study-abroad-consultants-in-jaipur,Admission Guidance,local commercial,2 - body
admission guidance in Jodhpur,/study-abroad-consultants-in-jodhpur,Admission Guidance,local commercial,2 - body
admission guidance in Kota,/study-abroad-consultants-in-kota,Admission Guidance,local commercial,2 - body
admission guidance in Bikaner,/study-abroad-consultants-in-bikaner,Admission Guidance,local commercial,2 - body
admission guidance in Ajmer,/study-abroad-consultants-in-ajmer,Admission Guidance,local commercial,2 - body
admission guidance in Udaipur,/study-abroad-consultants-in-udaipur,Admission Guidance,local commercial,2 - body
admission guidance in Indore,/study-abroad-consultants-in-indore,Admission Guidance,local commercial,2 - body
admission guidance in Bhopal,/study-abroad-consultants-in-bhopal,Admission Guidance,local commercial,2 - body
admission guidance in Jabalpur,/study-abroad-consultants-in-jabalpur,Admission Guidance,local commercial,2 - body
admission guidance in Gwalior,/study-abroad-consultants-in-gwalior,Admission Guidance,local commercial,2 - body
admission guidance in Ujjain,/study-abroad-consultants-in-ujjain,Admission Guidance,local commercial,2 - body
admission guidance in Ludhiana,/study-abroad-consultants-in-ludhiana,Admission Guidance,local commercial,2 - body
admission guidance in Amritsar,/study-abroad-consultants-in-amritsar,Admission Guidance,local commercial,2 - body
admission guidance in Jalandhar,/study-abroad-consultants-in-jalandhar,Admission Guidance,local commercial,2 - body
admission guidance in Patiala,/study-abroad-consultants-in-patiala,Admission Guidance,local commercial,2 - body
admission guidance in Bathinda,/study-abroad-consultants-in-bathinda,Admission Guidance,local commercial,2 - body
admission guidance in Mohali,/study-abroad-consultants-in-mohali,Admission Guidance,local commercial,2 - body
admission guidance in Gurugram,/study-abroad-consultants-in-gurugram,Admission Guidance,local commercial,2 - body
admission guidance in Faridabad,/study-abroad-consultants-in-faridabad,Admission Guidance,local commercial,2 - body
admission guidance in Panipat,/study-abroad-consultants-in-panipat,Admission Guidance,local commercial,2 - body
admission guidance in Ambala,/study-abroad-consultants-in-ambala,Admission Guidance,local commercial,2 - body
admission guidance in Yamunanagar,/study-abroad-consultants-in-yamunanagar,Admission Guidance,local commercial,2 - body
admission guidance in Rohtak,/study-abroad-consultants-in-rohtak,Admission Guidance,local commercial,2 - body
admission guidance in Hisar,/study-abroad-consultants-in-hisar,Admission Guidance,local commercial,2 - body
admission guidance in Karnal,/study-abroad-consultants-in-karnal,Admission Guidance,local commercial,2 - body
admission guidance in Visakhapatnam,/study-abroad-consultants-in-visakhapatnam,Admission Guidance,local commercial,2 - body
admission guidance in Vijayawada,/study-abroad-consultants-in-vijayawada,Admission Guidance,local commercial,2 - body
admission guidance in Guntur,/study-abroad-consultants-in-guntur,Admission Guidance,local commercial,2 - body
admission guidance in Nellore,/study-abroad-consultants-in-nellore,Admission Guidance,local commercial,2 - body
admission guidance in Kurnool,/study-abroad-consultants-in-kurnool,Admission Guidance,local commercial,2 - body
admission guidance in Rajahmundry,/study-abroad-consultants-in-rajahmundry,Admission Guidance,local commercial,2 - body
admission guidance in Tirupati,/study-abroad-consultants-in-tirupati,Admission Guidance,local commercial,2 - body
admission guidance in Kakinada,/study-abroad-consultants-in-kakinada,Admission Guidance,local commercial,2 - body
admission guidance in Patna,/study-abroad-consultants-in-patna,Admission Guidance,local commercial,2 - body
admission guidance in Gaya,/study-abroad-consultants-in-gaya,Admission Guidance,local commercial,2 - body
admission guidance in Bhagalpur,/study-abroad-consultants-in-bhagalpur,Admission Guidance,local commercial,2 - body
admission guidance in Muzaffarpur,/study-abroad-consultants-in-muzaffarpur,Admission Guidance,local commercial,2 - body
admission guidance in Darbhanga,/study-abroad-consultants-in-darbhanga,Admission Guidance,local commercial,2 - body
admission guidance in Bhubaneswar,/study-abroad-consultants-in-bhubaneswar,Admission Guidance,local commercial,2 - body
admission guidance in Cuttack,/study-abroad-consultants-in-cuttack,Admission Guidance,local commercial,2 - body
admission guidance in Rourkela,/study-abroad-consultants-in-rourkela,Admission Guidance,local commercial,2 - body
admission guidance in Berhampur,/study-abroad-consultants-in-berhampur,Admission Guidance,local commercial,2 - body
admission guidance in Ranchi,/study-abroad-consultants-in-ranchi,Admission Guidance,local commercial,2 - body
admission guidance in Jamshedpur,/study-abroad-consultants-in-jamshedpur,Admission Guidance,local commercial,2 - body
admission guidance in Dhanbad,/study-abroad-consultants-in-dhanbad,Admission Guidance,local commercial,2 - body
admission guidance in Bokaro,/study-abroad-consultants-in-bokaro,Admission Guidance,local commercial,2 - body
admission guidance in Raipur,/study-abroad-consultants-in-raipur,Admission Guidance,local commercial,2 - body
admission guidance in Bhilai,/study-abroad-consultants-in-bhilai,Admission Guidance,local commercial,2 - body
admission guidance in Bilaspur,/study-abroad-consultants-in-bilaspur,Admission Guidance,local commercial,2 - body
admission guidance in Korba,/study-abroad-consultants-in-korba,Admission Guidance,local commercial,2 - body
admission guidance in Guwahati,/study-abroad-consultants-in-guwahati,Admission Guidance,local commercial,2 - body
admission guidance in Silchar,/study-abroad-consultants-in-silchar,Admission Guidance,local commercial,2 - body
admission guidance in Dehradun,/study-abroad-consultants-in-dehradun,Admission Guidance,local commercial,2 - body
admission guidance in Haridwar,/study-abroad-consultants-in-haridwar,Admission Guidance,local commercial,2 - body
admission guidance in Shimla,/study-abroad-consultants-in-shimla,Admission Guidance,local commercial,2 - body
admission guidance in Panaji,/study-abroad-consultants-in-panaji,Admission Guidance,local commercial,2 - body
admission guidance in Srinagar,/study-abroad-consultants-in-srinagar,Admission Guidance,local commercial,2 - body
admission guidance in Jammu,/study-abroad-consultants-in-jammu,Admission Guidance,local commercial,2 - body
admission guidance in Chandigarh,/study-abroad-consultants-in-chandigarh,Admission Guidance,local commercial,2 - body
admission guidance in Puducherry,/study-abroad-consultants-in-puducherry,Admission Guidance,local commercial,2 - body
admission guidance in Agartala,/study-abroad-consultants-in-agartala,Admission Guidance,local commercial,2 - body
admission guidance in Imphal,/study-abroad-consultants-in-imphal,Admission Guidance,local commercial,2 - body
admission guidance in Shillong,/study-abroad-consultants-in-shillong,Admission Guidance,local commercial,2 - body
admission guidance in Kohima,/study-abroad-consultants-in-kohima,Admission Guidance,local commercial,2 - body
admission guidance in Dimapur,/study-abroad-consultants-in-dimapur,Admission Guidance,local commercial,2 - body
admission guidance in Aizawl,/study-abroad-consultants-in-aizawl,Admission Guidance,local commercial,2 - body
admission guidance in Itanagar,/study-abroad-consultants-in-itanagar,Admission Guidance,local commercial,2 - body
admission guidance in Gangtok,/study-abroad-consultants-in-gangtok,Admission Guidance,local commercial,2 - body
admission guidance in Bhiwandi,/study-abroad-consultants-in-bhiwandi,Admission Guidance,local commercial,4 - long tail local
admission guidance in Nanded,/study-abroad-consultants-in-nanded,Admission Guidance,local commercial,4 - long tail local
admission guidance in Sangli,/study-abroad-consultants-in-sangli,Admission Guidance,local commercial,4 - long tail local
admission guidance in Jalgaon,/study-abroad-consultants-in-jalgaon,Admission Guidance,local commercial,4 - long tail local
admission guidance in Akola,/study-abroad-consultants-in-akola,Admission Guidance,local commercial,4 - long tail local
admission guidance in Latur,/study-abroad-consultants-in-latur,Admission Guidance,local commercial,4 - long tail local
admission guidance in Dhule,/study-abroad-consultants-in-dhule,Admission Guidance,local commercial,4 - long tail local
admission guidance in Ahmednagar,/study-abroad-consultants-in-ahmednagar,Admission Guidance,local commercial,4 - long tail local
admission guidance in Chandrapur,/study-abroad-consultants-in-chandrapur,Admission Guidance,local commercial,4 - long tail local
admission guidance in Parbhani,/study-abroad-consultants-in-parbhani,Admission Guidance,local commercial,4 - long tail local
admission guidance in Ichalkaranji,/study-abroad-consultants-in-ichalkaranji,Admission Guidance,local commercial,4 - long tail local
admission guidance in Jalna,/study-abroad-consultants-in-jalna,Admission Guidance,local commercial,4 - long tail local
admission guidance in Ambernath,/study-abroad-consultants-in-ambernath,Admission Guidance,local commercial,4 - long tail local
admission guidance in Badlapur,/study-abroad-consultants-in-badlapur,Admission Guidance,local commercial,4 - long tail local
admission guidance in Panvel,/study-abroad-consultants-in-panvel,Admission Guidance,local commercial,4 - long tail local
admission guidance in Satara,/study-abroad-consultants-in-satara,Admission Guidance,local commercial,4 - long tail local
admission guidance in Beed,/study-abroad-consultants-in-beed,Admission Guidance,local commercial,4 - long tail local
admission guidance in Yavatmal,/study-abroad-consultants-in-yavatmal,Admission Guidance,local commercial,4 - long tail local
admission guidance in Wardha,/study-abroad-consultants-in-wardha,Admission Guidance,local commercial,4 - long tail local
admission guidance in Ratnagiri,/study-abroad-consultants-in-ratnagiri,Admission Guidance,local commercial,4 - long tail local
admission guidance in Ulhasnagar,/study-abroad-consultants-in-ulhasnagar,Admission Guidance,local commercial,4 - long tail local
admission guidance in Andheri,/study-abroad-consultants-in-andheri,Admission Guidance,local commercial,4 - long tail local
admission guidance in Ghatkopar,/study-abroad-consultants-in-ghatkopar,Admission Guidance,local commercial,4 - long tail local
admission guidance in Borivali,/study-abroad-consultants-in-borivali,Admission Guidance,local commercial,4 - long tail local
admission guidance in Dadar,/study-abroad-consultants-in-dadar,Admission Guidance,local commercial,4 - long tail local
admission guidance in Powai,/study-abroad-consultants-in-powai,Admission Guidance,local commercial,4 - long tail local
admission guidance in Vijayapura,/study-abroad-consultants-in-vijayapura,Admission Guidance,local commercial,4 - long tail local
admission guidance in Shivamogga,/study-abroad-consultants-in-shivamogga,Admission Guidance,local commercial,4 - long tail local
admission guidance in Tumakuru,/study-abroad-consultants-in-tumakuru,Admission Guidance,local commercial,4 - long tail local
admission guidance in Raichur,/study-abroad-consultants-in-raichur,Admission Guidance,local commercial,4 - long tail local
admission guidance in Bidar,/study-abroad-consultants-in-bidar,Admission Guidance,local commercial,4 - long tail local
admission guidance in Hassan,/study-abroad-consultants-in-hassan,Admission Guidance,local commercial,4 - long tail local
admission guidance in Udupi,/study-abroad-consultants-in-udupi,Admission Guidance,local commercial,4 - long tail local
admission guidance in Gadag,/study-abroad-consultants-in-gadag,Admission Guidance,local commercial,4 - long tail local
admission guidance in Chitradurga,/study-abroad-consultants-in-chitradurga,Admission Guidance,local commercial,4 - long tail local
admission guidance in Kolar,/study-abroad-consultants-in-kolar,Admission Guidance,local commercial,4 - long tail local
admission guidance in Mandya,/study-abroad-consultants-in-mandya,Admission Guidance,local commercial,4 - long tail local
admission guidance in Bagalkot,/study-abroad-consultants-in-bagalkot,Admission Guidance,local commercial,4 - long tail local
admission guidance in Karwar,/study-abroad-consultants-in-karwar,Admission Guidance,local commercial,4 - long tail local
admission guidance in Chikkamagaluru,/study-abroad-consultants-in-chikkamagaluru,Admission Guidance,local commercial,4 - long tail local
admission guidance in Whitefield,/study-abroad-consultants-in-whitefield,Admission Guidance,local commercial,4 - long tail local
admission guidance in Electronic City,/study-abroad-consultants-in-electronic-city,Admission Guidance,local commercial,4 - long tail local
admission guidance in Jayanagar,/study-abroad-consultants-in-jayanagar,Admission Guidance,local commercial,4 - long tail local
admission guidance in Thoothukudi,/study-abroad-consultants-in-thoothukudi,Admission Guidance,local commercial,4 - long tail local
admission guidance in Thanjavur,/study-abroad-consultants-in-thanjavur,Admission Guidance,local commercial,4 - long tail local
admission guidance in Dindigul,/study-abroad-consultants-in-dindigul,Admission Guidance,local commercial,4 - long tail local
admission guidance in Cuddalore,/study-abroad-consultants-in-cuddalore,Admission Guidance,local commercial,4 - long tail local
admission guidance in Kanchipuram,/study-abroad-consultants-in-kanchipuram,Admission Guidance,local commercial,4 - long tail local
admission guidance in Karur,/study-abroad-consultants-in-karur,Admission Guidance,local commercial,4 - long tail local
admission guidance in Namakkal,/study-abroad-consultants-in-namakkal,Admission Guidance,local commercial,4 - long tail local
admission guidance in Hosur,/study-abroad-consultants-in-hosur,Admission Guidance,local commercial,4 - long tail local
admission guidance in Nagercoil,/study-abroad-consultants-in-nagercoil,Admission Guidance,local commercial,4 - long tail local
admission guidance in Kumbakonam,/study-abroad-consultants-in-kumbakonam,Admission Guidance,local commercial,4 - long tail local
admission guidance in Rajapalayam,/study-abroad-consultants-in-rajapalayam,Admission Guidance,local commercial,4 - long tail local
admission guidance in Sivakasi,/study-abroad-consultants-in-sivakasi,Admission Guidance,local commercial,4 - long tail local
admission guidance in Pudukkottai,/study-abroad-consultants-in-pudukkottai,Admission Guidance,local commercial,4 - long tail local
admission guidance in Ambur,/study-abroad-consultants-in-ambur,Admission Guidance,local commercial,4 - long tail local
admission guidance in Villupuram,/study-abroad-consultants-in-villupuram,Admission Guidance,local commercial,4 - long tail local
admission guidance in Tambaram,/study-abroad-consultants-in-tambaram,Admission Guidance,local commercial,4 - long tail local
admission guidance in Avadi,/study-abroad-consultants-in-avadi,Admission Guidance,local commercial,4 - long tail local
admission guidance in Ooty,/study-abroad-consultants-in-ooty,Admission Guidance,local commercial,4 - long tail local
admission guidance in Ramagundam,/study-abroad-consultants-in-ramagundam,Admission Guidance,local commercial,4 - long tail local
admission guidance in Mahbubnagar,/study-abroad-consultants-in-mahbubnagar,Admission Guidance,local commercial,4 - long tail local
admission guidance in Nalgonda,/study-abroad-consultants-in-nalgonda,Admission Guidance,local commercial,4 - long tail local
admission guidance in Adilabad,/study-abroad-consultants-in-adilabad,Admission Guidance,local commercial,4 - long tail local
admission guidance in Suryapet,/study-abroad-consultants-in-suryapet,Admission Guidance,local commercial,4 - long tail local
admission guidance in Siddipet,/study-abroad-consultants-in-siddipet,Admission Guidance,local commercial,4 - long tail local
admission guidance in Miryalaguda,/study-abroad-consultants-in-miryalaguda,Admission Guidance,local commercial,4 - long tail local
admission guidance in Gachibowli,/study-abroad-consultants-in-gachibowli,Admission Guidance,local commercial,4 - long tail local
admission guidance in Kukatpally,/study-abroad-consultants-in-kukatpally,Admission Guidance,local commercial,4 - long tail local
admission guidance in Madhapur,/study-abroad-consultants-in-madhapur,Admission Guidance,local commercial,4 - long tail local
admission guidance in Dwarka,/study-abroad-consultants-in-dwarka,Admission Guidance,local commercial,4 - long tail local
admission guidance in Rohini,/study-abroad-consultants-in-rohini,Admission Guidance,local commercial,4 - long tail local
admission guidance in Saket,/study-abroad-consultants-in-saket,Admission Guidance,local commercial,4 - long tail local
admission guidance in Laxmi Nagar,/study-abroad-consultants-in-laxmi-nagar,Admission Guidance,local commercial,4 - long tail local
admission guidance in Pitampura,/study-abroad-consultants-in-pitampura,Admission Guidance,local commercial,4 - long tail local
admission guidance in Janakpuri,/study-abroad-consultants-in-janakpuri,Admission Guidance,local commercial,4 - long tail local
admission guidance in Karol Bagh,/study-abroad-consultants-in-karol-bagh,Admission Guidance,local commercial,4 - long tail local
admission guidance in Connaught Place,/study-abroad-consultants-in-connaught-place,Admission Guidance,local commercial,4 - long tail local
admission guidance in Vasant Kunj,/study-abroad-consultants-in-vasant-kunj,Admission Guidance,local commercial,4 - long tail local
admission guidance in Mayur Vihar,/study-abroad-consultants-in-mayur-vihar,Admission Guidance,local commercial,4 - long tail local
admission guidance in Rajouri Garden,/study-abroad-consultants-in-rajouri-garden,Admission Guidance,local commercial,4 - long tail local
admission guidance in Junagadh,/study-abroad-consultants-in-junagadh,Admission Guidance,local commercial,4 - long tail local
admission guidance in Anand,/study-abroad-consultants-in-anand,Admission Guidance,local commercial,4 - long tail local
admission guidance in Nadiad,/study-abroad-consultants-in-nadiad,Admission Guidance,local commercial,4 - long tail local
admission guidance in Bharuch,/study-abroad-consultants-in-bharuch,Admission Guidance,local commercial,4 - long tail local
admission guidance in Mehsana,/study-abroad-consultants-in-mehsana,Admission Guidance,local commercial,4 - long tail local
admission guidance in Navsari,/study-abroad-consultants-in-navsari,Admission Guidance,local commercial,4 - long tail local
admission guidance in Morbi,/study-abroad-consultants-in-morbi,Admission Guidance,local commercial,4 - long tail local
admission guidance in Surendranagar,/study-abroad-consultants-in-surendranagar,Admission Guidance,local commercial,4 - long tail local
admission guidance in Gandhidham,/study-abroad-consultants-in-gandhidham,Admission Guidance,local commercial,4 - long tail local
admission guidance in Vapi,/study-abroad-consultants-in-vapi,Admission Guidance,local commercial,4 - long tail local
admission guidance in Valsad,/study-abroad-consultants-in-valsad,Admission Guidance,local commercial,4 - long tail local
admission guidance in Porbandar,/study-abroad-consultants-in-porbandar,Admission Guidance,local commercial,4 - long tail local
admission guidance in Veraval,/study-abroad-consultants-in-veraval,Admission Guidance,local commercial,4 - long tail local
admission guidance in Patan,/study-abroad-consultants-in-patan,Admission Guidance,local commercial,4 - long tail local
admission guidance in Bhuj,/study-abroad-consultants-in-bhuj,Admission Guidance,local commercial,4 - long tail local
admission guidance in Palanpur,/study-abroad-consultants-in-palanpur,Admission Guidance,local commercial,4 - long tail local
admission guidance in Godhra,/study-abroad-consultants-in-godhra,Admission Guidance,local commercial,4 - long tail local
admission guidance in Ankleshwar,/study-abroad-consultants-in-ankleshwar,Admission Guidance,local commercial,4 - long tail local
admission guidance in Alappuzha,/study-abroad-consultants-in-alappuzha,Admission Guidance,local commercial,4 - long tail local
admission guidance in Palakkad,/study-abroad-consultants-in-palakkad,Admission Guidance,local commercial,4 - long tail local
admission guidance in Malappuram,/study-abroad-consultants-in-malappuram,Admission Guidance,local commercial,4 - long tail local
admission guidance in Kottayam,/study-abroad-consultants-in-kottayam,Admission Guidance,local commercial,4 - long tail local
admission guidance in Pathanamthitta,/study-abroad-consultants-in-pathanamthitta,Admission Guidance,local commercial,4 - long tail local
admission guidance in Idukki,/study-abroad-consultants-in-idukki,Admission Guidance,local commercial,4 - long tail local
admission guidance in Kasaragod,/study-abroad-consultants-in-kasaragod,Admission Guidance,local commercial,4 - long tail local
admission guidance in Wayanad,/study-abroad-consultants-in-wayanad,Admission Guidance,local commercial,4 - long tail local
admission guidance in Ernakulam,/study-abroad-consultants-in-ernakulam,Admission Guidance,local commercial,4 - long tail local
admission guidance in Manjeri,/study-abroad-consultants-in-manjeri,Admission Guidance,local commercial,4 - long tail local
admission guidance in Ponnani,/study-abroad-consultants-in-ponnani,Admission Guidance,local commercial,4 - long tail local
admission guidance in Thalassery,/study-abroad-consultants-in-thalassery,Admission Guidance,local commercial,4 - long tail local
admission guidance in Bardhaman,/study-abroad-consultants-in-bardhaman,Admission Guidance,local commercial,4 - long tail local
admission guidance in Malda,/study-abroad-consultants-in-malda,Admission Guidance,local commercial,4 - long tail local
admission guidance in Kharagpur,/study-abroad-consultants-in-kharagpur,Admission Guidance,local commercial,4 - long tail local
admission guidance in Haldia,/study-abroad-consultants-in-haldia,Admission Guidance,local commercial,4 - long tail local
admission guidance in Darjeeling,/study-abroad-consultants-in-darjeeling,Admission Guidance,local commercial,4 - long tail local
admission guidance in Krishnanagar,/study-abroad-consultants-in-krishnanagar,Admission Guidance,local commercial,4 - long tail local
admission guidance in Barasat,/study-abroad-consultants-in-barasat,Admission Guidance,local commercial,4 - long tail local
admission guidance in Berhampore,/study-abroad-consultants-in-berhampore,Admission Guidance,local commercial,4 - long tail local
admission guidance in Bankura,/study-abroad-consultants-in-bankura,Admission Guidance,local commercial,4 - long tail local
admission guidance in Jalpaiguri,/study-abroad-consultants-in-jalpaiguri,Admission Guidance,local commercial,4 - long tail local
admission guidance in Cooch Behar,/study-abroad-consultants-in-cooch-behar,Admission Guidance,local commercial,4 - long tail local
admission guidance in Raiganj,/study-abroad-consultants-in-raiganj,Admission Guidance,local commercial,4 - long tail local
admission guidance in Salt Lake,/study-abroad-consultants-in-salt-lake,Admission Guidance,local commercial,4 - long tail local
admission guidance in Barrackpore,/study-abroad-consultants-in-barrackpore,Admission Guidance,local commercial,4 - long tail local
admission guidance in Serampore,/study-abroad-consultants-in-serampore,Admission Guidance,local commercial,4 - long tail local
admission guidance in Jhansi,/study-abroad-consultants-in-jhansi,Admission Guidance,local commercial,4 - long tail local
admission guidance in Firozabad,/study-abroad-consultants-in-firozabad,Admission Guidance,local commercial,4 - long tail local
admission guidance in Muzaffarnagar,/study-abroad-consultants-in-muzaffarnagar,Admission Guidance,local commercial,4 - long tail local
admission guidance in Mathura,/study-abroad-consultants-in-mathura,Admission Guidance,local commercial,4 - long tail local
admission guidance in Shahjahanpur,/study-abroad-consultants-in-shahjahanpur,Admission Guidance,local commercial,4 - long tail local
admission guidance in Rampur,/study-abroad-consultants-in-rampur,Admission Guidance,local commercial,4 - long tail local
admission guidance in Mau,/study-abroad-consultants-in-mau,Admission Guidance,local commercial,4 - long tail local
admission guidance in Farrukhabad,/study-abroad-consultants-in-farrukhabad,Admission Guidance,local commercial,4 - long tail local
admission guidance in Hapur,/study-abroad-consultants-in-hapur,Admission Guidance,local commercial,4 - long tail local
admission guidance in Etawah,/study-abroad-consultants-in-etawah,Admission Guidance,local commercial,4 - long tail local
admission guidance in Mirzapur,/study-abroad-consultants-in-mirzapur,Admission Guidance,local commercial,4 - long tail local
admission guidance in Bulandshahr,/study-abroad-consultants-in-bulandshahr,Admission Guidance,local commercial,4 - long tail local
admission guidance in Sambhal,/study-abroad-consultants-in-sambhal,Admission Guidance,local commercial,4 - long tail local
admission guidance in Amroha,/study-abroad-consultants-in-amroha,Admission Guidance,local commercial,4 - long tail local
admission guidance in Hardoi,/study-abroad-consultants-in-hardoi,Admission Guidance,local commercial,4 - long tail local
admission guidance in Fatehpur,/study-abroad-consultants-in-fatehpur,Admission Guidance,local commercial,4 - long tail local
admission guidance in Raebareli,/study-abroad-consultants-in-raebareli,Admission Guidance,local commercial,4 - long tail local
admission guidance in Sitapur,/study-abroad-consultants-in-sitapur,Admission Guidance,local commercial,4 - long tail local
admission guidance in Bahraich,/study-abroad-consultants-in-bahraich,Admission Guidance,local commercial,4 - long tail local
admission guidance in Unnao,/study-abroad-consultants-in-unnao,Admission Guidance,local commercial,4 - long tail local
admission guidance in Jaunpur,/study-abroad-consultants-in-jaunpur,Admission Guidance,local commercial,4 - long tail local
admission guidance in Lakhimpur,/study-abroad-consultants-in-lakhimpur,Admission Guidance,local commercial,4 - long tail local
admission guidance in Ayodhya,/study-abroad-consultants-in-ayodhya,Admission Guidance,local commercial,4 - long tail local
admission guidance in Banda,/study-abroad-consultants-in-banda,Admission Guidance,local commercial,4 - long tail local
admission guidance in Basti,/study-abroad-consultants-in-basti,Admission Guidance,local commercial,4 - long tail local
admission guidance in Deoria,/study-abroad-consultants-in-deoria,Admission Guidance,local commercial,4 - long tail local
admission guidance in Bhilwara,/study-abroad-consultants-in-bhilwara,Admission Guidance,local commercial,4 - long tail local
admission guidance in Alwar,/study-abroad-consultants-in-alwar,Admission Guidance,local commercial,4 - long tail local
admission guidance in Sikar,/study-abroad-consultants-in-sikar,Admission Guidance,local commercial,4 - long tail local
admission guidance in Pali,/study-abroad-consultants-in-pali,Admission Guidance,local commercial,4 - long tail local
admission guidance in Sri Ganganagar,/study-abroad-consultants-in-sri-ganganagar,Admission Guidance,local commercial,4 - long tail local
admission guidance in Bharatpur,/study-abroad-consultants-in-bharatpur,Admission Guidance,local commercial,4 - long tail local
admission guidance in Hanumangarh,/study-abroad-consultants-in-hanumangarh,Admission Guidance,local commercial,4 - long tail local
admission guidance in Chittorgarh,/study-abroad-consultants-in-chittorgarh,Admission Guidance,local commercial,4 - long tail local
admission guidance in Jhunjhunu,/study-abroad-consultants-in-jhunjhunu,Admission Guidance,local commercial,4 - long tail local
admission guidance in Banswara,/study-abroad-consultants-in-banswara,Admission Guidance,local commercial,4 - long tail local
admission guidance in Barmer,/study-abroad-consultants-in-barmer,Admission Guidance,local commercial,4 - long tail local
admission guidance in Jaisalmer,/study-abroad-consultants-in-jaisalmer,Admission Guidance,local commercial,4 - long tail local
admission guidance in Nagaur,/study-abroad-consultants-in-nagaur,Admission Guidance,local commercial,4 - long tail local
admission guidance in Tonk,/study-abroad-consultants-in-tonk,Admission Guidance,local commercial,4 - long tail local
admission guidance in Dausa,/study-abroad-consultants-in-dausa,Admission Guidance,local commercial,4 - long tail local
admission guidance in Baran,/study-abroad-consultants-in-baran,Admission Guidance,local commercial,4 - long tail local
admission guidance in Sagar,/study-abroad-consultants-in-sagar,Admission Guidance,local commercial,4 - long tail local
admission guidance in Dewas,/study-abroad-consultants-in-dewas,Admission Guidance,local commercial,4 - long tail local
admission guidance in Satna,/study-abroad-consultants-in-satna,Admission Guidance,local commercial,4 - long tail local
admission guidance in Ratlam,/study-abroad-consultants-in-ratlam,Admission Guidance,local commercial,4 - long tail local
admission guidance in Rewa,/study-abroad-consultants-in-rewa,Admission Guidance,local commercial,4 - long tail local
admission guidance in Katni,/study-abroad-consultants-in-katni,Admission Guidance,local commercial,4 - long tail local
admission guidance in Singrauli,/study-abroad-consultants-in-singrauli,Admission Guidance,local commercial,4 - long tail local
admission guidance in Burhanpur,/study-abroad-consultants-in-burhanpur,Admission Guidance,local commercial,4 - long tail local
admission guidance in Khandwa,/study-abroad-consultants-in-khandwa,Admission Guidance,local commercial,4 - long tail local
admission guidance in Morena,/study-abroad-consultants-in-morena,Admission Guidance,local commercial,4 - long tail local
admission guidance in Bhind,/study-abroad-consultants-in-bhind,Admission Guidance,local commercial,4 - long tail local
admission guidance in Chhindwara,/study-abroad-consultants-in-chhindwara,Admission Guidance,local commercial,4 - long tail local
admission guidance in Guna,/study-abroad-consultants-in-guna,Admission Guidance,local commercial,4 - long tail local
admission guidance in Shivpuri,/study-abroad-consultants-in-shivpuri,Admission Guidance,local commercial,4 - long tail local
admission guidance in Vidisha,/study-abroad-consultants-in-vidisha,Admission Guidance,local commercial,4 - long tail local
admission guidance in Chhatarpur,/study-abroad-consultants-in-chhatarpur,Admission Guidance,local commercial,4 - long tail local
admission guidance in Damoh,/study-abroad-consultants-in-damoh,Admission Guidance,local commercial,4 - long tail local
admission guidance in Mandsaur,/study-abroad-consultants-in-mandsaur,Admission Guidance,local commercial,4 - long tail local
admission guidance in Neemuch,/study-abroad-consultants-in-neemuch,Admission Guidance,local commercial,4 - long tail local
admission guidance in Narmadapuram,/study-abroad-consultants-in-narmadapuram,Admission Guidance,local commercial,4 - long tail local
admission guidance in Hoshiarpur,/study-abroad-consultants-in-hoshiarpur,Admission Guidance,local commercial,4 - long tail local
admission guidance in Pathankot,/study-abroad-consultants-in-pathankot,Admission Guidance,local commercial,4 - long tail local
admission guidance in Moga,/study-abroad-consultants-in-moga,Admission Guidance,local commercial,4 - long tail local
admission guidance in Batala,/study-abroad-consultants-in-batala,Admission Guidance,local commercial,4 - long tail local
admission guidance in Firozpur,/study-abroad-consultants-in-firozpur,Admission Guidance,local commercial,4 - long tail local
admission guidance in Kapurthala,/study-abroad-consultants-in-kapurthala,Admission Guidance,local commercial,4 - long tail local
admission guidance in Phagwara,/study-abroad-consultants-in-phagwara,Admission Guidance,local commercial,4 - long tail local
admission guidance in Barnala,/study-abroad-consultants-in-barnala,Admission Guidance,local commercial,4 - long tail local
admission guidance in Sangrur,/study-abroad-consultants-in-sangrur,Admission Guidance,local commercial,4 - long tail local
admission guidance in Khanna,/study-abroad-consultants-in-khanna,Admission Guidance,local commercial,4 - long tail local
admission guidance in Muktsar,/study-abroad-consultants-in-muktsar,Admission Guidance,local commercial,4 - long tail local
admission guidance in Faridkot,/study-abroad-consultants-in-faridkot,Admission Guidance,local commercial,4 - long tail local
admission guidance in Rajpura,/study-abroad-consultants-in-rajpura,Admission Guidance,local commercial,4 - long tail local
admission guidance in Gurdaspur,/study-abroad-consultants-in-gurdaspur,Admission Guidance,local commercial,4 - long tail local
admission guidance in Sonipat,/study-abroad-consultants-in-sonipat,Admission Guidance,local commercial,4 - long tail local
admission guidance in Panchkula,/study-abroad-consultants-in-panchkula,Admission Guidance,local commercial,4 - long tail local
admission guidance in Bhiwani,/study-abroad-consultants-in-bhiwani,Admission Guidance,local commercial,4 - long tail local
admission guidance in Sirsa,/study-abroad-consultants-in-sirsa,Admission Guidance,local commercial,4 - long tail local
admission guidance in Bahadurgarh,/study-abroad-consultants-in-bahadurgarh,Admission Guidance,local commercial,4 - long tail local
admission guidance in Jind,/study-abroad-consultants-in-jind,Admission Guidance,local commercial,4 - long tail local
admission guidance in Kurukshetra,/study-abroad-consultants-in-kurukshetra,Admission Guidance,local commercial,4 - long tail local
admission guidance in Kaithal,/study-abroad-consultants-in-kaithal,Admission Guidance,local commercial,4 - long tail local
admission guidance in Rewari,/study-abroad-consultants-in-rewari,Admission Guidance,local commercial,4 - long tail local
admission guidance in Palwal,/study-abroad-consultants-in-palwal,Admission Guidance,local commercial,4 - long tail local
admission guidance in Fatehabad,/study-abroad-consultants-in-fatehabad,Admission Guidance,local commercial,4 - long tail local
admission guidance in Narnaul,/study-abroad-consultants-in-narnaul,Admission Guidance,local commercial,4 - long tail local
admission guidance in Anantapur,/study-abroad-consultants-in-anantapur,Admission Guidance,local commercial,4 - long tail local
admission guidance in Kadapa,/study-abroad-consultants-in-kadapa,Admission Guidance,local commercial,4 - long tail local
admission guidance in Vizianagaram,/study-abroad-consultants-in-vizianagaram,Admission Guidance,local commercial,4 - long tail local
admission guidance in Eluru,/study-abroad-consultants-in-eluru,Admission Guidance,local commercial,4 - long tail local
admission guidance in Ongole,/study-abroad-consultants-in-ongole,Admission Guidance,local commercial,4 - long tail local
admission guidance in Nandyal,/study-abroad-consultants-in-nandyal,Admission Guidance,local commercial,4 - long tail local
admission guidance in Machilipatnam,/study-abroad-consultants-in-machilipatnam,Admission Guidance,local commercial,4 - long tail local
admission guidance in Adoni,/study-abroad-consultants-in-adoni,Admission Guidance,local commercial,4 - long tail local
admission guidance in Tenali,/study-abroad-consultants-in-tenali,Admission Guidance,local commercial,4 - long tail local
admission guidance in Proddatur,/study-abroad-consultants-in-proddatur,Admission Guidance,local commercial,4 - long tail local
admission guidance in Chittoor,/study-abroad-consultants-in-chittoor,Admission Guidance,local commercial,4 - long tail local
admission guidance in Hindupur,/study-abroad-consultants-in-hindupur,Admission Guidance,local commercial,4 - long tail local
admission guidance in Bhimavaram,/study-abroad-consultants-in-bhimavaram,Admission Guidance,local commercial,4 - long tail local
admission guidance in Srikakulam,/study-abroad-consultants-in-srikakulam,Admission Guidance,local commercial,4 - long tail local
admission guidance in Amaravati,/study-abroad-consultants-in-amaravati,Admission Guidance,local commercial,4 - long tail local
admission guidance in Purnia,/study-abroad-consultants-in-purnia,Admission Guidance,local commercial,4 - long tail local
admission guidance in Arrah,/study-abroad-consultants-in-arrah,Admission Guidance,local commercial,4 - long tail local
admission guidance in Begusarai,/study-abroad-consultants-in-begusarai,Admission Guidance,local commercial,4 - long tail local
admission guidance in Katihar,/study-abroad-consultants-in-katihar,Admission Guidance,local commercial,4 - long tail local
admission guidance in Munger,/study-abroad-consultants-in-munger,Admission Guidance,local commercial,4 - long tail local
admission guidance in Chhapra,/study-abroad-consultants-in-chhapra,Admission Guidance,local commercial,4 - long tail local
admission guidance in Danapur,/study-abroad-consultants-in-danapur,Admission Guidance,local commercial,4 - long tail local
admission guidance in Saharsa,/study-abroad-consultants-in-saharsa,Admission Guidance,local commercial,4 - long tail local
admission guidance in Sasaram,/study-abroad-consultants-in-sasaram,Admission Guidance,local commercial,4 - long tail local
admission guidance in Hajipur,/study-abroad-consultants-in-hajipur,Admission Guidance,local commercial,4 - long tail local
admission guidance in Dehri,/study-abroad-consultants-in-dehri,Admission Guidance,local commercial,4 - long tail local
admission guidance in Siwan,/study-abroad-consultants-in-siwan,Admission Guidance,local commercial,4 - long tail local
admission guidance in Motihari,/study-abroad-consultants-in-motihari,Admission Guidance,local commercial,4 - long tail local
admission guidance in Nawada,/study-abroad-consultants-in-nawada,Admission Guidance,local commercial,4 - long tail local
admission guidance in Bettiah,/study-abroad-consultants-in-bettiah,Admission Guidance,local commercial,4 - long tail local
admission guidance in Bihar Sharif,/study-abroad-consultants-in-bihar-sharif,Admission Guidance,local commercial,4 - long tail local
admission guidance in Sambalpur,/study-abroad-consultants-in-sambalpur,Admission Guidance,local commercial,4 - long tail local
admission guidance in Puri,/study-abroad-consultants-in-puri,Admission Guidance,local commercial,4 - long tail local
admission guidance in Balasore,/study-abroad-consultants-in-balasore,Admission Guidance,local commercial,4 - long tail local
admission guidance in Bhadrak,/study-abroad-consultants-in-bhadrak,Admission Guidance,local commercial,4 - long tail local
admission guidance in Baripada,/study-abroad-consultants-in-baripada,Admission Guidance,local commercial,4 - long tail local
admission guidance in Jharsuguda,/study-abroad-consultants-in-jharsuguda,Admission Guidance,local commercial,4 - long tail local
admission guidance in Jeypore,/study-abroad-consultants-in-jeypore,Admission Guidance,local commercial,4 - long tail local
admission guidance in Angul,/study-abroad-consultants-in-angul,Admission Guidance,local commercial,4 - long tail local
admission guidance in Dhenkanal,/study-abroad-consultants-in-dhenkanal,Admission Guidance,local commercial,4 - long tail local
admission guidance in Rayagada,/study-abroad-consultants-in-rayagada,Admission Guidance,local commercial,4 - long tail local
admission guidance in Deoghar,/study-abroad-consultants-in-deoghar,Admission Guidance,local commercial,4 - long tail local
admission guidance in Hazaribagh,/study-abroad-consultants-in-hazaribagh,Admission Guidance,local commercial,4 - long tail local
admission guidance in Giridih,/study-abroad-consultants-in-giridih,Admission Guidance,local commercial,4 - long tail local
admission guidance in Ramgarh,/study-abroad-consultants-in-ramgarh,Admission Guidance,local commercial,4 - long tail local
admission guidance in Phusro,/study-abroad-consultants-in-phusro,Admission Guidance,local commercial,4 - long tail local
admission guidance in Medininagar,/study-abroad-consultants-in-medininagar,Admission Guidance,local commercial,4 - long tail local
admission guidance in Chaibasa,/study-abroad-consultants-in-chaibasa,Admission Guidance,local commercial,4 - long tail local
admission guidance in Dumka,/study-abroad-consultants-in-dumka,Admission Guidance,local commercial,4 - long tail local
admission guidance in Durg,/study-abroad-consultants-in-durg,Admission Guidance,local commercial,4 - long tail local
admission guidance in Rajnandgaon,/study-abroad-consultants-in-rajnandgaon,Admission Guidance,local commercial,4 - long tail local
admission guidance in Jagdalpur,/study-abroad-consultants-in-jagdalpur,Admission Guidance,local commercial,4 - long tail local
admission guidance in Raigarh,/study-abroad-consultants-in-raigarh,Admission Guidance,local commercial,4 - long tail local
admission guidance in Ambikapur,/study-abroad-consultants-in-ambikapur,Admission Guidance,local commercial,4 - long tail local
admission guidance in Dhamtari,/study-abroad-consultants-in-dhamtari,Admission Guidance,local commercial,4 - long tail local
admission guidance in Mahasamund,/study-abroad-consultants-in-mahasamund,Admission Guidance,local commercial,4 - long tail local
admission guidance in Dibrugarh,/study-abroad-consultants-in-dibrugarh,Admission Guidance,local commercial,4 - long tail local
admission guidance in Jorhat,/study-abroad-consultants-in-jorhat,Admission Guidance,local commercial,4 - long tail local
admission guidance in Nagaon,/study-abroad-consultants-in-nagaon,Admission Guidance,local commercial,4 - long tail local
admission guidance in Tinsukia,/study-abroad-consultants-in-tinsukia,Admission Guidance,local commercial,4 - long tail local
admission guidance in Tezpur,/study-abroad-consultants-in-tezpur,Admission Guidance,local commercial,4 - long tail local
admission guidance in Bongaigaon,/study-abroad-consultants-in-bongaigaon,Admission Guidance,local commercial,4 - long tail local
admission guidance in Dhubri,/study-abroad-consultants-in-dhubri,Admission Guidance,local commercial,4 - long tail local
admission guidance in Sivasagar,/study-abroad-consultants-in-sivasagar,Admission Guidance,local commercial,4 - long tail local
admission guidance in Goalpara,/study-abroad-consultants-in-goalpara,Admission Guidance,local commercial,4 - long tail local
admission guidance in Diphu,/study-abroad-consultants-in-diphu,Admission Guidance,local commercial,4 - long tail local
admission guidance in Dispur,/study-abroad-consultants-in-dispur,Admission Guidance,local commercial,4 - long tail local
admission guidance in Haldwani,/study-abroad-consultants-in-haldwani,Admission Guidance,local commercial,4 - long tail local
admission guidance in Roorkee,/study-abroad-consultants-in-roorkee,Admission Guidance,local commercial,4 - long tail local
admission guidance in Rudrapur,/study-abroad-consultants-in-rudrapur,Admission Guidance,local commercial,4 - long tail local
admission guidance in Kashipur,/study-abroad-consultants-in-kashipur,Admission Guidance,local commercial,4 - long tail local
admission guidance in Rishikesh,/study-abroad-consultants-in-rishikesh,Admission Guidance,local commercial,4 - long tail local
admission guidance in Nainital,/study-abroad-consultants-in-nainital,Admission Guidance,local commercial,4 - long tail local
admission guidance in Pithoragarh,/study-abroad-consultants-in-pithoragarh,Admission Guidance,local commercial,4 - long tail local
admission guidance in Almora,/study-abroad-consultants-in-almora,Admission Guidance,local commercial,4 - long tail local
admission guidance in Mussoorie,/study-abroad-consultants-in-mussoorie,Admission Guidance,local commercial,4 - long tail local
admission guidance in Solan,/study-abroad-consultants-in-solan,Admission Guidance,local commercial,4 - long tail local
admission guidance in Dharamshala,/study-abroad-consultants-in-dharamshala,Admission Guidance,local commercial,4 - long tail local
admission guidance in Mandi,/study-abroad-consultants-in-mandi,Admission Guidance,local commercial,4 - long tail local
admission guidance in Kullu,/study-abroad-consultants-in-kullu,Admission Guidance,local commercial,4 - long tail local
admission guidance in Una,/study-abroad-consultants-in-una,Admission Guidance,local commercial,4 - long tail local
admission guidance in Hamirpur,/study-abroad-consultants-in-hamirpur,Admission Guidance,local commercial,4 - long tail local
admission guidance in Bilaspur,/study-abroad-consultants-in-bilaspur,Admission Guidance,local commercial,4 - long tail local
admission guidance in Chamba,/study-abroad-consultants-in-chamba,Admission Guidance,local commercial,4 - long tail local
admission guidance in Nahan,/study-abroad-consultants-in-nahan,Admission Guidance,local commercial,4 - long tail local
admission guidance in Baddi,/study-abroad-consultants-in-baddi,Admission Guidance,local commercial,4 - long tail local
admission guidance in Palampur,/study-abroad-consultants-in-palampur,Admission Guidance,local commercial,4 - long tail local
admission guidance in Margao,/study-abroad-consultants-in-margao,Admission Guidance,local commercial,4 - long tail local
admission guidance in Vasco da Gama,/study-abroad-consultants-in-vasco-da-gama,Admission Guidance,local commercial,4 - long tail local
admission guidance in Mapusa,/study-abroad-consultants-in-mapusa,Admission Guidance,local commercial,4 - long tail local
admission guidance in Ponda,/study-abroad-consultants-in-ponda,Admission Guidance,local commercial,4 - long tail local
admission guidance in Porvorim,/study-abroad-consultants-in-porvorim,Admission Guidance,local commercial,4 - long tail local
admission guidance in Anantnag,/study-abroad-consultants-in-anantnag,Admission Guidance,local commercial,4 - long tail local
admission guidance in Baramulla,/study-abroad-consultants-in-baramulla,Admission Guidance,local commercial,4 - long tail local
admission guidance in Udhampur,/study-abroad-consultants-in-udhampur,Admission Guidance,local commercial,4 - long tail local
admission guidance in Kathua,/study-abroad-consultants-in-kathua,Admission Guidance,local commercial,4 - long tail local
admission guidance in Sopore,/study-abroad-consultants-in-sopore,Admission Guidance,local commercial,4 - long tail local
admission guidance in Kupwara,/study-abroad-consultants-in-kupwara,Admission Guidance,local commercial,4 - long tail local
admission guidance in Karaikal,/study-abroad-consultants-in-karaikal,Admission Guidance,local commercial,4 - long tail local
admission guidance in Yanam,/study-abroad-consultants-in-yanam,Admission Guidance,local commercial,4 - long tail local
admission guidance in Mahe,/study-abroad-consultants-in-mahe,Admission Guidance,local commercial,4 - long tail local
admission guidance in Udaipur,/study-abroad-consultants-in-udaipur,Admission Guidance,local commercial,4 - long tail local
admission guidance in Dharmanagar,/study-abroad-consultants-in-dharmanagar,Admission Guidance,local commercial,4 - long tail local
admission guidance in Kailashahar,/study-abroad-consultants-in-kailashahar,Admission Guidance,local commercial,4 - long tail local
admission guidance in Thoubal,/study-abroad-consultants-in-thoubal,Admission Guidance,local commercial,4 - long tail local
admission guidance in Churachandpur,/study-abroad-consultants-in-churachandpur,Admission Guidance,local commercial,4 - long tail local
admission guidance in Bishnupur,/study-abroad-consultants-in-bishnupur,Admission Guidance,local commercial,4 - long tail local
admission guidance in Tura,/study-abroad-consultants-in-tura,Admission Guidance,local commercial,4 - long tail local
admission guidance in Jowai,/study-abroad-consultants-in-jowai,Admission Guidance,local commercial,4 - long tail local
admission guidance in Nongstoin,/study-abroad-consultants-in-nongstoin,Admission Guidance,local commercial,4 - long tail local
admission guidance in Mokokchung,/study-abroad-consultants-in-mokokchung,Admission Guidance,local commercial,4 - long tail local
admission guidance in Tuensang,/study-abroad-consultants-in-tuensang,Admission Guidance,local commercial,4 - long tail local
admission guidance in Lunglei,/study-abroad-consultants-in-lunglei,Admission Guidance,local commercial,4 - long tail local
admission guidance in Champhai,/study-abroad-consultants-in-champhai,Admission Guidance,local commercial,4 - long tail local
admission guidance in Naharlagun,/study-abroad-consultants-in-naharlagun,Admission Guidance,local commercial,4 - long tail local
admission guidance in Pasighat,/study-abroad-consultants-in-pasighat,Admission Guidance,local commercial,4 - long tail local
admission guidance in Tezu,/study-abroad-consultants-in-tezu,Admission Guidance,local commercial,4 - long tail local
admission guidance in Namchi,/study-abroad-consultants-in-namchi,Admission Guidance,local commercial,4 - long tail local
admission guidance in Gyalshing,/study-abroad-consultants-in-gyalshing,Admission Guidance,local commercial,4 - long tail local
admission guidance in Mangan,/study-abroad-consultants-in-mangan,Admission Guidance,local commercial,4 - long tail local
admission guidance in Port Blair,/study-abroad-consultants-in-port-blair,Admission Guidance,local commercial,4 - long tail local
admission guidance in Car Nicobar,/study-abroad-consultants-in-car-nicobar,Admission Guidance,local commercial,4 - long tail local
admission guidance in Leh,/study-abroad-consultants-in-leh,Admission Guidance,local commercial,4 - long tail local
admission guidance in Kargil,/study-abroad-consultants-in-kargil,Admission Guidance,local commercial,4 - long tail local
admission guidance in Silvassa,/study-abroad-consultants-in-silvassa,Admission Guidance,local commercial,4 - long tail local
admission guidance in Daman,/study-abroad-consultants-in-daman,Admission Guidance,local commercial,4 - long tail local
admission guidance in Diu,/study-abroad-consultants-in-diu,Admission Guidance,local commercial,4 - long tail local
study abroad career counselling,/career-counselling,Career Counselling,commercial,1 - head
overseas education counselling,/career-counselling,Career Counselling,commercial,1 - head
free study abroad counselling,/career-counselling,Career Counselling,commercial,2 - body
which country is best for studying abroad,/career-counselling,Career Counselling,commercial,2 - body
course selection for study abroad,/career-counselling,Career Counselling,commercial,2 - body
career counselling after 12th for abroad,/career-counselling,Career Counselling,commercial,2 - body
which country is best for Indian students to study abroad,/career-counselling,Career Counselling,informational,3 - long tail / AEO
is studying abroad worth it for Indian students,/career-counselling,Career Counselling,informational,3 - long tail / AEO
MS or MBA which is better abroad,/career-counselling,Career Counselling,informational,3 - long tail / AEO
career counselling in Mumbai,/study-abroad-consultants-in-mumbai,Career Counselling,local commercial,2 - body
career counselling in Pune,/study-abroad-consultants-in-pune,Career Counselling,local commercial,2 - body
career counselling in Nagpur,/study-abroad-consultants-in-nagpur,Career Counselling,local commercial,2 - body
career counselling in Thane,/study-abroad-consultants-in-thane,Career Counselling,local commercial,2 - body
career counselling in Nashik,/study-abroad-consultants-in-nashik,Career Counselling,local commercial,2 - body
career counselling in Navi Mumbai,/study-abroad-consultants-in-navi-mumbai,Career Counselling,local commercial,2 - body
career counselling in Pimpri-Chinchwad,/study-abroad-consultants-in-pimpri-chinchwad,Career Counselling,local commercial,2 - body
career counselling in Kalyan-Dombivli,/study-abroad-consultants-in-kalyan-dombivli,Career Counselling,local commercial,2 - body
career counselling in Vasai-Virar,/study-abroad-consultants-in-vasai-virar,Career Counselling,local commercial,2 - body
career counselling in Chhatrapati Sambhajinagar,/study-abroad-consultants-in-chhatrapati-sambhajinagar,Career Counselling,local commercial,2 - body
career counselling in Solapur,/study-abroad-consultants-in-solapur,Career Counselling,local commercial,2 - body
career counselling in Kolhapur,/study-abroad-consultants-in-kolhapur,Career Counselling,local commercial,2 - body
career counselling in Amravati,/study-abroad-consultants-in-amravati,Career Counselling,local commercial,2 - body
career counselling in Mira-Bhayandar,/study-abroad-consultants-in-mira-bhayandar,Career Counselling,local commercial,2 - body
career counselling in Bengaluru,/study-abroad-consultants-in-bengaluru,Career Counselling,local commercial,2 - body
career counselling in Mysuru,/study-abroad-consultants-in-mysuru,Career Counselling,local commercial,2 - body
career counselling in Hubballi-Dharwad,/study-abroad-consultants-in-hubballi-dharwad,Career Counselling,local commercial,2 - body
career counselling in Mangaluru,/study-abroad-consultants-in-mangaluru,Career Counselling,local commercial,2 - body
career counselling in Belagavi,/study-abroad-consultants-in-belagavi,Career Counselling,local commercial,2 - body
career counselling in Kalaburagi,/study-abroad-consultants-in-kalaburagi,Career Counselling,local commercial,2 - body
career counselling in Davanagere,/study-abroad-consultants-in-davanagere,Career Counselling,local commercial,2 - body
career counselling in Ballari,/study-abroad-consultants-in-ballari,Career Counselling,local commercial,2 - body
career counselling in Chennai,/study-abroad-consultants-in-chennai,Career Counselling,local commercial,2 - body
career counselling in Coimbatore,/study-abroad-consultants-in-coimbatore,Career Counselling,local commercial,2 - body
career counselling in Madurai,/study-abroad-consultants-in-madurai,Career Counselling,local commercial,2 - body
career counselling in Tiruchirappalli,/study-abroad-consultants-in-tiruchirappalli,Career Counselling,local commercial,2 - body
career counselling in Salem,/study-abroad-consultants-in-salem,Career Counselling,local commercial,2 - body
career counselling in Tirunelveli,/study-abroad-consultants-in-tirunelveli,Career Counselling,local commercial,2 - body
career counselling in Tiruppur,/study-abroad-consultants-in-tiruppur,Career Counselling,local commercial,2 - body
career counselling in Erode,/study-abroad-consultants-in-erode,Career Counselling,local commercial,2 - body
career counselling in Vellore,/study-abroad-consultants-in-vellore,Career Counselling,local commercial,2 - body
career counselling in Hyderabad,/study-abroad-consultants-in-hyderabad,Career Counselling,local commercial,2 - body
career counselling in Warangal,/study-abroad-consultants-in-warangal,Career Counselling,local commercial,2 - body
career counselling in Nizamabad,/study-abroad-consultants-in-nizamabad,Career Counselling,local commercial,2 - body
career counselling in Karimnagar,/study-abroad-consultants-in-karimnagar,Career Counselling,local commercial,2 - body
career counselling in Khammam,/study-abroad-consultants-in-khammam,Career Counselling,local commercial,2 - body
career counselling in Secunderabad,/study-abroad-consultants-in-secunderabad,Career Counselling,local commercial,2 - body
career counselling in New Delhi,/study-abroad-consultants-in-new-delhi,Career Counselling,local commercial,2 - body
career counselling in Ahmedabad,/study-abroad-consultants-in-ahmedabad,Career Counselling,local commercial,2 - body
career counselling in Surat,/study-abroad-consultants-in-surat,Career Counselling,local commercial,2 - body
career counselling in Vadodara,/study-abroad-consultants-in-vadodara,Career Counselling,local commercial,2 - body
career counselling in Rajkot,/study-abroad-consultants-in-rajkot,Career Counselling,local commercial,2 - body
career counselling in Bhavnagar,/study-abroad-consultants-in-bhavnagar,Career Counselling,local commercial,2 - body
career counselling in Jamnagar,/study-abroad-consultants-in-jamnagar,Career Counselling,local commercial,2 - body
career counselling in Gandhinagar,/study-abroad-consultants-in-gandhinagar,Career Counselling,local commercial,2 - body
career counselling in Thiruvananthapuram,/study-abroad-consultants-in-thiruvananthapuram,Career Counselling,local commercial,2 - body
career counselling in Kochi,/study-abroad-consultants-in-kochi,Career Counselling,local commercial,2 - body
career counselling in Kozhikode,/study-abroad-consultants-in-kozhikode,Career Counselling,local commercial,2 - body
career counselling in Thrissur,/study-abroad-consultants-in-thrissur,Career Counselling,local commercial,2 - body
career counselling in Kollam,/study-abroad-consultants-in-kollam,Career Counselling,local commercial,2 - body
career counselling in Kannur,/study-abroad-consultants-in-kannur,Career Counselling,local commercial,2 - body
career counselling in Kolkata,/study-abroad-consultants-in-kolkata,Career Counselling,local commercial,2 - body
career counselling in Howrah,/study-abroad-consultants-in-howrah,Career Counselling,local commercial,2 - body
career counselling in Durgapur,/study-abroad-consultants-in-durgapur,Career Counselling,local commercial,2 - body
career counselling in Asansol,/study-abroad-consultants-in-asansol,Career Counselling,local commercial,2 - body
career counselling in Siliguri,/study-abroad-consultants-in-siliguri,Career Counselling,local commercial,2 - body
career counselling in Lucknow,/study-abroad-consultants-in-lucknow,Career Counselling,local commercial,2 - body
career counselling in Kanpur,/study-abroad-consultants-in-kanpur,Career Counselling,local commercial,2 - body
career counselling in Ghaziabad,/study-abroad-consultants-in-ghaziabad,Career Counselling,local commercial,2 - body
career counselling in Agra,/study-abroad-consultants-in-agra,Career Counselling,local commercial,2 - body
career counselling in Varanasi,/study-abroad-consultants-in-varanasi,Career Counselling,local commercial,2 - body
career counselling in Meerut,/study-abroad-consultants-in-meerut,Career Counselling,local commercial,2 - body
career counselling in Prayagraj,/study-abroad-consultants-in-prayagraj,Career Counselling,local commercial,2 - body
career counselling in Noida,/study-abroad-consultants-in-noida,Career Counselling,local commercial,2 - body
career counselling in Bareilly,/study-abroad-consultants-in-bareilly,Career Counselling,local commercial,2 - body
career counselling in Aligarh,/study-abroad-consultants-in-aligarh,Career Counselling,local commercial,2 - body
career counselling in Moradabad,/study-abroad-consultants-in-moradabad,Career Counselling,local commercial,2 - body
career counselling in Gorakhpur,/study-abroad-consultants-in-gorakhpur,Career Counselling,local commercial,2 - body
career counselling in Saharanpur,/study-abroad-consultants-in-saharanpur,Career Counselling,local commercial,2 - body
career counselling in Greater Noida,/study-abroad-consultants-in-greater-noida,Career Counselling,local commercial,2 - body
career counselling in Jaipur,/study-abroad-consultants-in-jaipur,Career Counselling,local commercial,2 - body
career counselling in Jodhpur,/study-abroad-consultants-in-jodhpur,Career Counselling,local commercial,2 - body
career counselling in Kota,/study-abroad-consultants-in-kota,Career Counselling,local commercial,2 - body
career counselling in Bikaner,/study-abroad-consultants-in-bikaner,Career Counselling,local commercial,2 - body
career counselling in Ajmer,/study-abroad-consultants-in-ajmer,Career Counselling,local commercial,2 - body
career counselling in Udaipur,/study-abroad-consultants-in-udaipur,Career Counselling,local commercial,2 - body
career counselling in Indore,/study-abroad-consultants-in-indore,Career Counselling,local commercial,2 - body
career counselling in Bhopal,/study-abroad-consultants-in-bhopal,Career Counselling,local commercial,2 - body
career counselling in Jabalpur,/study-abroad-consultants-in-jabalpur,Career Counselling,local commercial,2 - body
career counselling in Gwalior,/study-abroad-consultants-in-gwalior,Career Counselling,local commercial,2 - body
career counselling in Ujjain,/study-abroad-consultants-in-ujjain,Career Counselling,local commercial,2 - body
career counselling in Ludhiana,/study-abroad-consultants-in-ludhiana,Career Counselling,local commercial,2 - body
career counselling in Amritsar,/study-abroad-consultants-in-amritsar,Career Counselling,local commercial,2 - body
career counselling in Jalandhar,/study-abroad-consultants-in-jalandhar,Career Counselling,local commercial,2 - body
career counselling in Patiala,/study-abroad-consultants-in-patiala,Career Counselling,local commercial,2 - body
career counselling in Bathinda,/study-abroad-consultants-in-bathinda,Career Counselling,local commercial,2 - body
career counselling in Mohali,/study-abroad-consultants-in-mohali,Career Counselling,local commercial,2 - body
career counselling in Gurugram,/study-abroad-consultants-in-gurugram,Career Counselling,local commercial,2 - body
career counselling in Faridabad,/study-abroad-consultants-in-faridabad,Career Counselling,local commercial,2 - body
career counselling in Panipat,/study-abroad-consultants-in-panipat,Career Counselling,local commercial,2 - body
career counselling in Ambala,/study-abroad-consultants-in-ambala,Career Counselling,local commercial,2 - body
career counselling in Yamunanagar,/study-abroad-consultants-in-yamunanagar,Career Counselling,local commercial,2 - body
career counselling in Rohtak,/study-abroad-consultants-in-rohtak,Career Counselling,local commercial,2 - body
career counselling in Hisar,/study-abroad-consultants-in-hisar,Career Counselling,local commercial,2 - body
career counselling in Karnal,/study-abroad-consultants-in-karnal,Career Counselling,local commercial,2 - body
career counselling in Visakhapatnam,/study-abroad-consultants-in-visakhapatnam,Career Counselling,local commercial,2 - body
career counselling in Vijayawada,/study-abroad-consultants-in-vijayawada,Career Counselling,local commercial,2 - body
career counselling in Guntur,/study-abroad-consultants-in-guntur,Career Counselling,local commercial,2 - body
career counselling in Nellore,/study-abroad-consultants-in-nellore,Career Counselling,local commercial,2 - body
career counselling in Kurnool,/study-abroad-consultants-in-kurnool,Career Counselling,local commercial,2 - body
career counselling in Rajahmundry,/study-abroad-consultants-in-rajahmundry,Career Counselling,local commercial,2 - body
career counselling in Tirupati,/study-abroad-consultants-in-tirupati,Career Counselling,local commercial,2 - body
career counselling in Kakinada,/study-abroad-consultants-in-kakinada,Career Counselling,local commercial,2 - body
career counselling in Patna,/study-abroad-consultants-in-patna,Career Counselling,local commercial,2 - body
career counselling in Gaya,/study-abroad-consultants-in-gaya,Career Counselling,local commercial,2 - body
career counselling in Bhagalpur,/study-abroad-consultants-in-bhagalpur,Career Counselling,local commercial,2 - body
career counselling in Muzaffarpur,/study-abroad-consultants-in-muzaffarpur,Career Counselling,local commercial,2 - body
career counselling in Darbhanga,/study-abroad-consultants-in-darbhanga,Career Counselling,local commercial,2 - body
career counselling in Bhubaneswar,/study-abroad-consultants-in-bhubaneswar,Career Counselling,local commercial,2 - body
career counselling in Cuttack,/study-abroad-consultants-in-cuttack,Career Counselling,local commercial,2 - body
career counselling in Rourkela,/study-abroad-consultants-in-rourkela,Career Counselling,local commercial,2 - body
career counselling in Berhampur,/study-abroad-consultants-in-berhampur,Career Counselling,local commercial,2 - body
career counselling in Ranchi,/study-abroad-consultants-in-ranchi,Career Counselling,local commercial,2 - body
career counselling in Jamshedpur,/study-abroad-consultants-in-jamshedpur,Career Counselling,local commercial,2 - body
career counselling in Dhanbad,/study-abroad-consultants-in-dhanbad,Career Counselling,local commercial,2 - body
career counselling in Bokaro,/study-abroad-consultants-in-bokaro,Career Counselling,local commercial,2 - body
career counselling in Raipur,/study-abroad-consultants-in-raipur,Career Counselling,local commercial,2 - body
career counselling in Bhilai,/study-abroad-consultants-in-bhilai,Career Counselling,local commercial,2 - body
career counselling in Bilaspur,/study-abroad-consultants-in-bilaspur,Career Counselling,local commercial,2 - body
career counselling in Korba,/study-abroad-consultants-in-korba,Career Counselling,local commercial,2 - body
career counselling in Guwahati,/study-abroad-consultants-in-guwahati,Career Counselling,local commercial,2 - body
career counselling in Silchar,/study-abroad-consultants-in-silchar,Career Counselling,local commercial,2 - body
career counselling in Dehradun,/study-abroad-consultants-in-dehradun,Career Counselling,local commercial,2 - body
career counselling in Haridwar,/study-abroad-consultants-in-haridwar,Career Counselling,local commercial,2 - body
career counselling in Shimla,/study-abroad-consultants-in-shimla,Career Counselling,local commercial,2 - body
career counselling in Panaji,/study-abroad-consultants-in-panaji,Career Counselling,local commercial,2 - body
career counselling in Srinagar,/study-abroad-consultants-in-srinagar,Career Counselling,local commercial,2 - body
career counselling in Jammu,/study-abroad-consultants-in-jammu,Career Counselling,local commercial,2 - body
career counselling in Chandigarh,/study-abroad-consultants-in-chandigarh,Career Counselling,local commercial,2 - body
career counselling in Puducherry,/study-abroad-consultants-in-puducherry,Career Counselling,local commercial,2 - body
career counselling in Agartala,/study-abroad-consultants-in-agartala,Career Counselling,local commercial,2 - body
career counselling in Imphal,/study-abroad-consultants-in-imphal,Career Counselling,local commercial,2 - body
career counselling in Shillong,/study-abroad-consultants-in-shillong,Career Counselling,local commercial,2 - body
career counselling in Kohima,/study-abroad-consultants-in-kohima,Career Counselling,local commercial,2 - body
career counselling in Dimapur,/study-abroad-consultants-in-dimapur,Career Counselling,local commercial,2 - body
career counselling in Aizawl,/study-abroad-consultants-in-aizawl,Career Counselling,local commercial,2 - body
career counselling in Itanagar,/study-abroad-consultants-in-itanagar,Career Counselling,local commercial,2 - body
career counselling in Gangtok,/study-abroad-consultants-in-gangtok,Career Counselling,local commercial,2 - body
career counselling in Bhiwandi,/study-abroad-consultants-in-bhiwandi,Career Counselling,local commercial,4 - long tail local
career counselling in Nanded,/study-abroad-consultants-in-nanded,Career Counselling,local commercial,4 - long tail local
career counselling in Sangli,/study-abroad-consultants-in-sangli,Career Counselling,local commercial,4 - long tail local
career counselling in Jalgaon,/study-abroad-consultants-in-jalgaon,Career Counselling,local commercial,4 - long tail local
career counselling in Akola,/study-abroad-consultants-in-akola,Career Counselling,local commercial,4 - long tail local
career counselling in Latur,/study-abroad-consultants-in-latur,Career Counselling,local commercial,4 - long tail local
career counselling in Dhule,/study-abroad-consultants-in-dhule,Career Counselling,local commercial,4 - long tail local
career counselling in Ahmednagar,/study-abroad-consultants-in-ahmednagar,Career Counselling,local commercial,4 - long tail local
career counselling in Chandrapur,/study-abroad-consultants-in-chandrapur,Career Counselling,local commercial,4 - long tail local
career counselling in Parbhani,/study-abroad-consultants-in-parbhani,Career Counselling,local commercial,4 - long tail local
career counselling in Ichalkaranji,/study-abroad-consultants-in-ichalkaranji,Career Counselling,local commercial,4 - long tail local
career counselling in Jalna,/study-abroad-consultants-in-jalna,Career Counselling,local commercial,4 - long tail local
career counselling in Ambernath,/study-abroad-consultants-in-ambernath,Career Counselling,local commercial,4 - long tail local
career counselling in Badlapur,/study-abroad-consultants-in-badlapur,Career Counselling,local commercial,4 - long tail local
career counselling in Panvel,/study-abroad-consultants-in-panvel,Career Counselling,local commercial,4 - long tail local
career counselling in Satara,/study-abroad-consultants-in-satara,Career Counselling,local commercial,4 - long tail local
career counselling in Beed,/study-abroad-consultants-in-beed,Career Counselling,local commercial,4 - long tail local
career counselling in Yavatmal,/study-abroad-consultants-in-yavatmal,Career Counselling,local commercial,4 - long tail local
career counselling in Wardha,/study-abroad-consultants-in-wardha,Career Counselling,local commercial,4 - long tail local
career counselling in Ratnagiri,/study-abroad-consultants-in-ratnagiri,Career Counselling,local commercial,4 - long tail local
career counselling in Ulhasnagar,/study-abroad-consultants-in-ulhasnagar,Career Counselling,local commercial,4 - long tail local
career counselling in Andheri,/study-abroad-consultants-in-andheri,Career Counselling,local commercial,4 - long tail local
career counselling in Ghatkopar,/study-abroad-consultants-in-ghatkopar,Career Counselling,local commercial,4 - long tail local
career counselling in Borivali,/study-abroad-consultants-in-borivali,Career Counselling,local commercial,4 - long tail local
career counselling in Dadar,/study-abroad-consultants-in-dadar,Career Counselling,local commercial,4 - long tail local
career counselling in Powai,/study-abroad-consultants-in-powai,Career Counselling,local commercial,4 - long tail local
career counselling in Vijayapura,/study-abroad-consultants-in-vijayapura,Career Counselling,local commercial,4 - long tail local
career counselling in Shivamogga,/study-abroad-consultants-in-shivamogga,Career Counselling,local commercial,4 - long tail local
career counselling in Tumakuru,/study-abroad-consultants-in-tumakuru,Career Counselling,local commercial,4 - long tail local
career counselling in Raichur,/study-abroad-consultants-in-raichur,Career Counselling,local commercial,4 - long tail local
career counselling in Bidar,/study-abroad-consultants-in-bidar,Career Counselling,local commercial,4 - long tail local
career counselling in Hassan,/study-abroad-consultants-in-hassan,Career Counselling,local commercial,4 - long tail local
career counselling in Udupi,/study-abroad-consultants-in-udupi,Career Counselling,local commercial,4 - long tail local
career counselling in Gadag,/study-abroad-consultants-in-gadag,Career Counselling,local commercial,4 - long tail local
career counselling in Chitradurga,/study-abroad-consultants-in-chitradurga,Career Counselling,local commercial,4 - long tail local
career counselling in Kolar,/study-abroad-consultants-in-kolar,Career Counselling,local commercial,4 - long tail local
career counselling in Mandya,/study-abroad-consultants-in-mandya,Career Counselling,local commercial,4 - long tail local
career counselling in Bagalkot,/study-abroad-consultants-in-bagalkot,Career Counselling,local commercial,4 - long tail local
career counselling in Karwar,/study-abroad-consultants-in-karwar,Career Counselling,local commercial,4 - long tail local
career counselling in Chikkamagaluru,/study-abroad-consultants-in-chikkamagaluru,Career Counselling,local commercial,4 - long tail local
career counselling in Whitefield,/study-abroad-consultants-in-whitefield,Career Counselling,local commercial,4 - long tail local
career counselling in Electronic City,/study-abroad-consultants-in-electronic-city,Career Counselling,local commercial,4 - long tail local
career counselling in Jayanagar,/study-abroad-consultants-in-jayanagar,Career Counselling,local commercial,4 - long tail local
career counselling in Thoothukudi,/study-abroad-consultants-in-thoothukudi,Career Counselling,local commercial,4 - long tail local
career counselling in Thanjavur,/study-abroad-consultants-in-thanjavur,Career Counselling,local commercial,4 - long tail local
career counselling in Dindigul,/study-abroad-consultants-in-dindigul,Career Counselling,local commercial,4 - long tail local
career counselling in Cuddalore,/study-abroad-consultants-in-cuddalore,Career Counselling,local commercial,4 - long tail local
career counselling in Kanchipuram,/study-abroad-consultants-in-kanchipuram,Career Counselling,local commercial,4 - long tail local
career counselling in Karur,/study-abroad-consultants-in-karur,Career Counselling,local commercial,4 - long tail local
career counselling in Namakkal,/study-abroad-consultants-in-namakkal,Career Counselling,local commercial,4 - long tail local
career counselling in Hosur,/study-abroad-consultants-in-hosur,Career Counselling,local commercial,4 - long tail local
career counselling in Nagercoil,/study-abroad-consultants-in-nagercoil,Career Counselling,local commercial,4 - long tail local
career counselling in Kumbakonam,/study-abroad-consultants-in-kumbakonam,Career Counselling,local commercial,4 - long tail local
career counselling in Rajapalayam,/study-abroad-consultants-in-rajapalayam,Career Counselling,local commercial,4 - long tail local
career counselling in Sivakasi,/study-abroad-consultants-in-sivakasi,Career Counselling,local commercial,4 - long tail local
career counselling in Pudukkottai,/study-abroad-consultants-in-pudukkottai,Career Counselling,local commercial,4 - long tail local
career counselling in Ambur,/study-abroad-consultants-in-ambur,Career Counselling,local commercial,4 - long tail local
career counselling in Villupuram,/study-abroad-consultants-in-villupuram,Career Counselling,local commercial,4 - long tail local
career counselling in Tambaram,/study-abroad-consultants-in-tambaram,Career Counselling,local commercial,4 - long tail local
career counselling in Avadi,/study-abroad-consultants-in-avadi,Career Counselling,local commercial,4 - long tail local
career counselling in Ooty,/study-abroad-consultants-in-ooty,Career Counselling,local commercial,4 - long tail local
career counselling in Ramagundam,/study-abroad-consultants-in-ramagundam,Career Counselling,local commercial,4 - long tail local
career counselling in Mahbubnagar,/study-abroad-consultants-in-mahbubnagar,Career Counselling,local commercial,4 - long tail local
career counselling in Nalgonda,/study-abroad-consultants-in-nalgonda,Career Counselling,local commercial,4 - long tail local
career counselling in Adilabad,/study-abroad-consultants-in-adilabad,Career Counselling,local commercial,4 - long tail local
career counselling in Suryapet,/study-abroad-consultants-in-suryapet,Career Counselling,local commercial,4 - long tail local
career counselling in Siddipet,/study-abroad-consultants-in-siddipet,Career Counselling,local commercial,4 - long tail local
career counselling in Miryalaguda,/study-abroad-consultants-in-miryalaguda,Career Counselling,local commercial,4 - long tail local
career counselling in Gachibowli,/study-abroad-consultants-in-gachibowli,Career Counselling,local commercial,4 - long tail local
career counselling in Kukatpally,/study-abroad-consultants-in-kukatpally,Career Counselling,local commercial,4 - long tail local
career counselling in Madhapur,/study-abroad-consultants-in-madhapur,Career Counselling,local commercial,4 - long tail local
career counselling in Dwarka,/study-abroad-consultants-in-dwarka,Career Counselling,local commercial,4 - long tail local
career counselling in Rohini,/study-abroad-consultants-in-rohini,Career Counselling,local commercial,4 - long tail local
career counselling in Saket,/study-abroad-consultants-in-saket,Career Counselling,local commercial,4 - long tail local
career counselling in Laxmi Nagar,/study-abroad-consultants-in-laxmi-nagar,Career Counselling,local commercial,4 - long tail local
career counselling in Pitampura,/study-abroad-consultants-in-pitampura,Career Counselling,local commercial,4 - long tail local
career counselling in Janakpuri,/study-abroad-consultants-in-janakpuri,Career Counselling,local commercial,4 - long tail local
career counselling in Karol Bagh,/study-abroad-consultants-in-karol-bagh,Career Counselling,local commercial,4 - long tail local
career counselling in Connaught Place,/study-abroad-consultants-in-connaught-place,Career Counselling,local commercial,4 - long tail local
career counselling in Vasant Kunj,/study-abroad-consultants-in-vasant-kunj,Career Counselling,local commercial,4 - long tail local
career counselling in Mayur Vihar,/study-abroad-consultants-in-mayur-vihar,Career Counselling,local commercial,4 - long tail local
career counselling in Rajouri Garden,/study-abroad-consultants-in-rajouri-garden,Career Counselling,local commercial,4 - long tail local
career counselling in Junagadh,/study-abroad-consultants-in-junagadh,Career Counselling,local commercial,4 - long tail local
career counselling in Anand,/study-abroad-consultants-in-anand,Career Counselling,local commercial,4 - long tail local
career counselling in Nadiad,/study-abroad-consultants-in-nadiad,Career Counselling,local commercial,4 - long tail local
career counselling in Bharuch,/study-abroad-consultants-in-bharuch,Career Counselling,local commercial,4 - long tail local
career counselling in Mehsana,/study-abroad-consultants-in-mehsana,Career Counselling,local commercial,4 - long tail local
career counselling in Navsari,/study-abroad-consultants-in-navsari,Career Counselling,local commercial,4 - long tail local
career counselling in Morbi,/study-abroad-consultants-in-morbi,Career Counselling,local commercial,4 - long tail local
career counselling in Surendranagar,/study-abroad-consultants-in-surendranagar,Career Counselling,local commercial,4 - long tail local
career counselling in Gandhidham,/study-abroad-consultants-in-gandhidham,Career Counselling,local commercial,4 - long tail local
career counselling in Vapi,/study-abroad-consultants-in-vapi,Career Counselling,local commercial,4 - long tail local
career counselling in Valsad,/study-abroad-consultants-in-valsad,Career Counselling,local commercial,4 - long tail local
career counselling in Porbandar,/study-abroad-consultants-in-porbandar,Career Counselling,local commercial,4 - long tail local
career counselling in Veraval,/study-abroad-consultants-in-veraval,Career Counselling,local commercial,4 - long tail local
career counselling in Patan,/study-abroad-consultants-in-patan,Career Counselling,local commercial,4 - long tail local
career counselling in Bhuj,/study-abroad-consultants-in-bhuj,Career Counselling,local commercial,4 - long tail local
career counselling in Palanpur,/study-abroad-consultants-in-palanpur,Career Counselling,local commercial,4 - long tail local
career counselling in Godhra,/study-abroad-consultants-in-godhra,Career Counselling,local commercial,4 - long tail local
career counselling in Ankleshwar,/study-abroad-consultants-in-ankleshwar,Career Counselling,local commercial,4 - long tail local
career counselling in Alappuzha,/study-abroad-consultants-in-alappuzha,Career Counselling,local commercial,4 - long tail local
career counselling in Palakkad,/study-abroad-consultants-in-palakkad,Career Counselling,local commercial,4 - long tail local
career counselling in Malappuram,/study-abroad-consultants-in-malappuram,Career Counselling,local commercial,4 - long tail local
career counselling in Kottayam,/study-abroad-consultants-in-kottayam,Career Counselling,local commercial,4 - long tail local
career counselling in Pathanamthitta,/study-abroad-consultants-in-pathanamthitta,Career Counselling,local commercial,4 - long tail local
career counselling in Idukki,/study-abroad-consultants-in-idukki,Career Counselling,local commercial,4 - long tail local
career counselling in Kasaragod,/study-abroad-consultants-in-kasaragod,Career Counselling,local commercial,4 - long tail local
career counselling in Wayanad,/study-abroad-consultants-in-wayanad,Career Counselling,local commercial,4 - long tail local
career counselling in Ernakulam,/study-abroad-consultants-in-ernakulam,Career Counselling,local commercial,4 - long tail local
career counselling in Manjeri,/study-abroad-consultants-in-manjeri,Career Counselling,local commercial,4 - long tail local
career counselling in Ponnani,/study-abroad-consultants-in-ponnani,Career Counselling,local commercial,4 - long tail local
career counselling in Thalassery,/study-abroad-consultants-in-thalassery,Career Counselling,local commercial,4 - long tail local
career counselling in Bardhaman,/study-abroad-consultants-in-bardhaman,Career Counselling,local commercial,4 - long tail local
career counselling in Malda,/study-abroad-consultants-in-malda,Career Counselling,local commercial,4 - long tail local
career counselling in Kharagpur,/study-abroad-consultants-in-kharagpur,Career Counselling,local commercial,4 - long tail local
career counselling in Haldia,/study-abroad-consultants-in-haldia,Career Counselling,local commercial,4 - long tail local
career counselling in Darjeeling,/study-abroad-consultants-in-darjeeling,Career Counselling,local commercial,4 - long tail local
career counselling in Krishnanagar,/study-abroad-consultants-in-krishnanagar,Career Counselling,local commercial,4 - long tail local
career counselling in Barasat,/study-abroad-consultants-in-barasat,Career Counselling,local commercial,4 - long tail local
career counselling in Berhampore,/study-abroad-consultants-in-berhampore,Career Counselling,local commercial,4 - long tail local
career counselling in Bankura,/study-abroad-consultants-in-bankura,Career Counselling,local commercial,4 - long tail local
career counselling in Jalpaiguri,/study-abroad-consultants-in-jalpaiguri,Career Counselling,local commercial,4 - long tail local
career counselling in Cooch Behar,/study-abroad-consultants-in-cooch-behar,Career Counselling,local commercial,4 - long tail local
career counselling in Raiganj,/study-abroad-consultants-in-raiganj,Career Counselling,local commercial,4 - long tail local
career counselling in Salt Lake,/study-abroad-consultants-in-salt-lake,Career Counselling,local commercial,4 - long tail local
career counselling in Barrackpore,/study-abroad-consultants-in-barrackpore,Career Counselling,local commercial,4 - long tail local
career counselling in Serampore,/study-abroad-consultants-in-serampore,Career Counselling,local commercial,4 - long tail local
career counselling in Jhansi,/study-abroad-consultants-in-jhansi,Career Counselling,local commercial,4 - long tail local
career counselling in Firozabad,/study-abroad-consultants-in-firozabad,Career Counselling,local commercial,4 - long tail local
career counselling in Muzaffarnagar,/study-abroad-consultants-in-muzaffarnagar,Career Counselling,local commercial,4 - long tail local
career counselling in Mathura,/study-abroad-consultants-in-mathura,Career Counselling,local commercial,4 - long tail local
career counselling in Shahjahanpur,/study-abroad-consultants-in-shahjahanpur,Career Counselling,local commercial,4 - long tail local
career counselling in Rampur,/study-abroad-consultants-in-rampur,Career Counselling,local commercial,4 - long tail local
career counselling in Mau,/study-abroad-consultants-in-mau,Career Counselling,local commercial,4 - long tail local
career counselling in Farrukhabad,/study-abroad-consultants-in-farrukhabad,Career Counselling,local commercial,4 - long tail local
career counselling in Hapur,/study-abroad-consultants-in-hapur,Career Counselling,local commercial,4 - long tail local
career counselling in Etawah,/study-abroad-consultants-in-etawah,Career Counselling,local commercial,4 - long tail local
career counselling in Mirzapur,/study-abroad-consultants-in-mirzapur,Career Counselling,local commercial,4 - long tail local
career counselling in Bulandshahr,/study-abroad-consultants-in-bulandshahr,Career Counselling,local commercial,4 - long tail local
career counselling in Sambhal,/study-abroad-consultants-in-sambhal,Career Counselling,local commercial,4 - long tail local
career counselling in Amroha,/study-abroad-consultants-in-amroha,Career Counselling,local commercial,4 - long tail local
career counselling in Hardoi,/study-abroad-consultants-in-hardoi,Career Counselling,local commercial,4 - long tail local
career counselling in Fatehpur,/study-abroad-consultants-in-fatehpur,Career Counselling,local commercial,4 - long tail local
career counselling in Raebareli,/study-abroad-consultants-in-raebareli,Career Counselling,local commercial,4 - long tail local
career counselling in Sitapur,/study-abroad-consultants-in-sitapur,Career Counselling,local commercial,4 - long tail local
career counselling in Bahraich,/study-abroad-consultants-in-bahraich,Career Counselling,local commercial,4 - long tail local
career counselling in Unnao,/study-abroad-consultants-in-unnao,Career Counselling,local commercial,4 - long tail local
career counselling in Jaunpur,/study-abroad-consultants-in-jaunpur,Career Counselling,local commercial,4 - long tail local
career counselling in Lakhimpur,/study-abroad-consultants-in-lakhimpur,Career Counselling,local commercial,4 - long tail local
career counselling in Ayodhya,/study-abroad-consultants-in-ayodhya,Career Counselling,local commercial,4 - long tail local
career counselling in Banda,/study-abroad-consultants-in-banda,Career Counselling,local commercial,4 - long tail local
career counselling in Basti,/study-abroad-consultants-in-basti,Career Counselling,local commercial,4 - long tail local
career counselling in Deoria,/study-abroad-consultants-in-deoria,Career Counselling,local commercial,4 - long tail local
career counselling in Bhilwara,/study-abroad-consultants-in-bhilwara,Career Counselling,local commercial,4 - long tail local
career counselling in Alwar,/study-abroad-consultants-in-alwar,Career Counselling,local commercial,4 - long tail local
career counselling in Sikar,/study-abroad-consultants-in-sikar,Career Counselling,local commercial,4 - long tail local
career counselling in Pali,/study-abroad-consultants-in-pali,Career Counselling,local commercial,4 - long tail local
career counselling in Sri Ganganagar,/study-abroad-consultants-in-sri-ganganagar,Career Counselling,local commercial,4 - long tail local
career counselling in Bharatpur,/study-abroad-consultants-in-bharatpur,Career Counselling,local commercial,4 - long tail local
career counselling in Hanumangarh,/study-abroad-consultants-in-hanumangarh,Career Counselling,local commercial,4 - long tail local
career counselling in Chittorgarh,/study-abroad-consultants-in-chittorgarh,Career Counselling,local commercial,4 - long tail local
career counselling in Jhunjhunu,/study-abroad-consultants-in-jhunjhunu,Career Counselling,local commercial,4 - long tail local
career counselling in Banswara,/study-abroad-consultants-in-banswara,Career Counselling,local commercial,4 - long tail local
career counselling in Barmer,/study-abroad-consultants-in-barmer,Career Counselling,local commercial,4 - long tail local
career counselling in Jaisalmer,/study-abroad-consultants-in-jaisalmer,Career Counselling,local commercial,4 - long tail local
career counselling in Nagaur,/study-abroad-consultants-in-nagaur,Career Counselling,local commercial,4 - long tail local
career counselling in Tonk,/study-abroad-consultants-in-tonk,Career Counselling,local commercial,4 - long tail local
career counselling in Dausa,/study-abroad-consultants-in-dausa,Career Counselling,local commercial,4 - long tail local
career counselling in Baran,/study-abroad-consultants-in-baran,Career Counselling,local commercial,4 - long tail local
career counselling in Sagar,/study-abroad-consultants-in-sagar,Career Counselling,local commercial,4 - long tail local
career counselling in Dewas,/study-abroad-consultants-in-dewas,Career Counselling,local commercial,4 - long tail local
career counselling in Satna,/study-abroad-consultants-in-satna,Career Counselling,local commercial,4 - long tail local
career counselling in Ratlam,/study-abroad-consultants-in-ratlam,Career Counselling,local commercial,4 - long tail local
career counselling in Rewa,/study-abroad-consultants-in-rewa,Career Counselling,local commercial,4 - long tail local
career counselling in Katni,/study-abroad-consultants-in-katni,Career Counselling,local commercial,4 - long tail local
career counselling in Singrauli,/study-abroad-consultants-in-singrauli,Career Counselling,local commercial,4 - long tail local
career counselling in Burhanpur,/study-abroad-consultants-in-burhanpur,Career Counselling,local commercial,4 - long tail local
career counselling in Khandwa,/study-abroad-consultants-in-khandwa,Career Counselling,local commercial,4 - long tail local
career counselling in Morena,/study-abroad-consultants-in-morena,Career Counselling,local commercial,4 - long tail local
career counselling in Bhind,/study-abroad-consultants-in-bhind,Career Counselling,local commercial,4 - long tail local
career counselling in Chhindwara,/study-abroad-consultants-in-chhindwara,Career Counselling,local commercial,4 - long tail local
career counselling in Guna,/study-abroad-consultants-in-guna,Career Counselling,local commercial,4 - long tail local
career counselling in Shivpuri,/study-abroad-consultants-in-shivpuri,Career Counselling,local commercial,4 - long tail local
career counselling in Vidisha,/study-abroad-consultants-in-vidisha,Career Counselling,local commercial,4 - long tail local
career counselling in Chhatarpur,/study-abroad-consultants-in-chhatarpur,Career Counselling,local commercial,4 - long tail local
career counselling in Damoh,/study-abroad-consultants-in-damoh,Career Counselling,local commercial,4 - long tail local
career counselling in Mandsaur,/study-abroad-consultants-in-mandsaur,Career Counselling,local commercial,4 - long tail local
career counselling in Neemuch,/study-abroad-consultants-in-neemuch,Career Counselling,local commercial,4 - long tail local
career counselling in Narmadapuram,/study-abroad-consultants-in-narmadapuram,Career Counselling,local commercial,4 - long tail local
career counselling in Hoshiarpur,/study-abroad-consultants-in-hoshiarpur,Career Counselling,local commercial,4 - long tail local
career counselling in Pathankot,/study-abroad-consultants-in-pathankot,Career Counselling,local commercial,4 - long tail local
career counselling in Moga,/study-abroad-consultants-in-moga,Career Counselling,local commercial,4 - long tail local
career counselling in Batala,/study-abroad-consultants-in-batala,Career Counselling,local commercial,4 - long tail local
career counselling in Firozpur,/study-abroad-consultants-in-firozpur,Career Counselling,local commercial,4 - long tail local
career counselling in Kapurthala,/study-abroad-consultants-in-kapurthala,Career Counselling,local commercial,4 - long tail local
career counselling in Phagwara,/study-abroad-consultants-in-phagwara,Career Counselling,local commercial,4 - long tail local
career counselling in Barnala,/study-abroad-consultants-in-barnala,Career Counselling,local commercial,4 - long tail local
career counselling in Sangrur,/study-abroad-consultants-in-sangrur,Career Counselling,local commercial,4 - long tail local
career counselling in Khanna,/study-abroad-consultants-in-khanna,Career Counselling,local commercial,4 - long tail local
career counselling in Muktsar,/study-abroad-consultants-in-muktsar,Career Counselling,local commercial,4 - long tail local
career counselling in Faridkot,/study-abroad-consultants-in-faridkot,Career Counselling,local commercial,4 - long tail local
career counselling in Rajpura,/study-abroad-consultants-in-rajpura,Career Counselling,local commercial,4 - long tail local
career counselling in Gurdaspur,/study-abroad-consultants-in-gurdaspur,Career Counselling,local commercial,4 - long tail local
career counselling in Sonipat,/study-abroad-consultants-in-sonipat,Career Counselling,local commercial,4 - long tail local
career counselling in Panchkula,/study-abroad-consultants-in-panchkula,Career Counselling,local commercial,4 - long tail local
career counselling in Bhiwani,/study-abroad-consultants-in-bhiwani,Career Counselling,local commercial,4 - long tail local
career counselling in Sirsa,/study-abroad-consultants-in-sirsa,Career Counselling,local commercial,4 - long tail local
career counselling in Bahadurgarh,/study-abroad-consultants-in-bahadurgarh,Career Counselling,local commercial,4 - long tail local
career counselling in Jind,/study-abroad-consultants-in-jind,Career Counselling,local commercial,4 - long tail local
career counselling in Kurukshetra,/study-abroad-consultants-in-kurukshetra,Career Counselling,local commercial,4 - long tail local
career counselling in Kaithal,/study-abroad-consultants-in-kaithal,Career Counselling,local commercial,4 - long tail local
career counselling in Rewari,/study-abroad-consultants-in-rewari,Career Counselling,local commercial,4 - long tail local
career counselling in Palwal,/study-abroad-consultants-in-palwal,Career Counselling,local commercial,4 - long tail local
career counselling in Fatehabad,/study-abroad-consultants-in-fatehabad,Career Counselling,local commercial,4 - long tail local
career counselling in Narnaul,/study-abroad-consultants-in-narnaul,Career Counselling,local commercial,4 - long tail local
career counselling in Anantapur,/study-abroad-consultants-in-anantapur,Career Counselling,local commercial,4 - long tail local
career counselling in Kadapa,/study-abroad-consultants-in-kadapa,Career Counselling,local commercial,4 - long tail local
career counselling in Vizianagaram,/study-abroad-consultants-in-vizianagaram,Career Counselling,local commercial,4 - long tail local
career counselling in Eluru,/study-abroad-consultants-in-eluru,Career Counselling,local commercial,4 - long tail local
career counselling in Ongole,/study-abroad-consultants-in-ongole,Career Counselling,local commercial,4 - long tail local
career counselling in Nandyal,/study-abroad-consultants-in-nandyal,Career Counselling,local commercial,4 - long tail local
career counselling in Machilipatnam,/study-abroad-consultants-in-machilipatnam,Career Counselling,local commercial,4 - long tail local
career counselling in Adoni,/study-abroad-consultants-in-adoni,Career Counselling,local commercial,4 - long tail local
career counselling in Tenali,/study-abroad-consultants-in-tenali,Career Counselling,local commercial,4 - long tail local
career counselling in Proddatur,/study-abroad-consultants-in-proddatur,Career Counselling,local commercial,4 - long tail local
career counselling in Chittoor,/study-abroad-consultants-in-chittoor,Career Counselling,local commercial,4 - long tail local
career counselling in Hindupur,/study-abroad-consultants-in-hindupur,Career Counselling,local commercial,4 - long tail local
career counselling in Bhimavaram,/study-abroad-consultants-in-bhimavaram,Career Counselling,local commercial,4 - long tail local
career counselling in Srikakulam,/study-abroad-consultants-in-srikakulam,Career Counselling,local commercial,4 - long tail local
career counselling in Amaravati,/study-abroad-consultants-in-amaravati,Career Counselling,local commercial,4 - long tail local
career counselling in Purnia,/study-abroad-consultants-in-purnia,Career Counselling,local commercial,4 - long tail local
career counselling in Arrah,/study-abroad-consultants-in-arrah,Career Counselling,local commercial,4 - long tail local
career counselling in Begusarai,/study-abroad-consultants-in-begusarai,Career Counselling,local commercial,4 - long tail local
career counselling in Katihar,/study-abroad-consultants-in-katihar,Career Counselling,local commercial,4 - long tail local
career counselling in Munger,/study-abroad-consultants-in-munger,Career Counselling,local commercial,4 - long tail local
career counselling in Chhapra,/study-abroad-consultants-in-chhapra,Career Counselling,local commercial,4 - long tail local
career counselling in Danapur,/study-abroad-consultants-in-danapur,Career Counselling,local commercial,4 - long tail local
career counselling in Saharsa,/study-abroad-consultants-in-saharsa,Career Counselling,local commercial,4 - long tail local
career counselling in Sasaram,/study-abroad-consultants-in-sasaram,Career Counselling,local commercial,4 - long tail local
career counselling in Hajipur,/study-abroad-consultants-in-hajipur,Career Counselling,local commercial,4 - long tail local
career counselling in Dehri,/study-abroad-consultants-in-dehri,Career Counselling,local commercial,4 - long tail local
career counselling in Siwan,/study-abroad-consultants-in-siwan,Career Counselling,local commercial,4 - long tail local
career counselling in Motihari,/study-abroad-consultants-in-motihari,Career Counselling,local commercial,4 - long tail local
career counselling in Nawada,/study-abroad-consultants-in-nawada,Career Counselling,local commercial,4 - long tail local
career counselling in Bettiah,/study-abroad-consultants-in-bettiah,Career Counselling,local commercial,4 - long tail local
career counselling in Bihar Sharif,/study-abroad-consultants-in-bihar-sharif,Career Counselling,local commercial,4 - long tail local
career counselling in Sambalpur,/study-abroad-consultants-in-sambalpur,Career Counselling,local commercial,4 - long tail local
career counselling in Puri,/study-abroad-consultants-in-puri,Career Counselling,local commercial,4 - long tail local
career counselling in Balasore,/study-abroad-consultants-in-balasore,Career Counselling,local commercial,4 - long tail local
career counselling in Bhadrak,/study-abroad-consultants-in-bhadrak,Career Counselling,local commercial,4 - long tail local
career counselling in Baripada,/study-abroad-consultants-in-baripada,Career Counselling,local commercial,4 - long tail local
career counselling in Jharsuguda,/study-abroad-consultants-in-jharsuguda,Career Counselling,local commercial,4 - long tail local
career counselling in Jeypore,/study-abroad-consultants-in-jeypore,Career Counselling,local commercial,4 - long tail local
career counselling in Angul,/study-abroad-consultants-in-angul,Career Counselling,local commercial,4 - long tail local
career counselling in Dhenkanal,/study-abroad-consultants-in-dhenkanal,Career Counselling,local commercial,4 - long tail local
career counselling in Rayagada,/study-abroad-consultants-in-rayagada,Career Counselling,local commercial,4 - long tail local
career counselling in Deoghar,/study-abroad-consultants-in-deoghar,Career Counselling,local commercial,4 - long tail local
career counselling in Hazaribagh,/study-abroad-consultants-in-hazaribagh,Career Counselling,local commercial,4 - long tail local
career counselling in Giridih,/study-abroad-consultants-in-giridih,Career Counselling,local commercial,4 - long tail local
career counselling in Ramgarh,/study-abroad-consultants-in-ramgarh,Career Counselling,local commercial,4 - long tail local
career counselling in Phusro,/study-abroad-consultants-in-phusro,Career Counselling,local commercial,4 - long tail local
career counselling in Medininagar,/study-abroad-consultants-in-medininagar,Career Counselling,local commercial,4 - long tail local
career counselling in Chaibasa,/study-abroad-consultants-in-chaibasa,Career Counselling,local commercial,4 - long tail local
career counselling in Dumka,/study-abroad-consultants-in-dumka,Career Counselling,local commercial,4 - long tail local
career counselling in Durg,/study-abroad-consultants-in-durg,Career Counselling,local commercial,4 - long tail local
career counselling in Rajnandgaon,/study-abroad-consultants-in-rajnandgaon,Career Counselling,local commercial,4 - long tail local
career counselling in Jagdalpur,/study-abroad-consultants-in-jagdalpur,Career Counselling,local commercial,4 - long tail local
career counselling in Raigarh,/study-abroad-consultants-in-raigarh,Career Counselling,local commercial,4 - long tail local
career counselling in Ambikapur,/study-abroad-consultants-in-ambikapur,Career Counselling,local commercial,4 - long tail local
career counselling in Dhamtari,/study-abroad-consultants-in-dhamtari,Career Counselling,local commercial,4 - long tail local
career counselling in Mahasamund,/study-abroad-consultants-in-mahasamund,Career Counselling,local commercial,4 - long tail local
career counselling in Dibrugarh,/study-abroad-consultants-in-dibrugarh,Career Counselling,local commercial,4 - long tail local
career counselling in Jorhat,/study-abroad-consultants-in-jorhat,Career Counselling,local commercial,4 - long tail local
career counselling in Nagaon,/study-abroad-consultants-in-nagaon,Career Counselling,local commercial,4 - long tail local
career counselling in Tinsukia,/study-abroad-consultants-in-tinsukia,Career Counselling,local commercial,4 - long tail local
career counselling in Tezpur,/study-abroad-consultants-in-tezpur,Career Counselling,local commercial,4 - long tail local
career counselling in Bongaigaon,/study-abroad-consultants-in-bongaigaon,Career Counselling,local commercial,4 - long tail local
career counselling in Dhubri,/study-abroad-consultants-in-dhubri,Career Counselling,local commercial,4 - long tail local
career counselling in Sivasagar,/study-abroad-consultants-in-sivasagar,Career Counselling,local commercial,4 - long tail local
career counselling in Goalpara,/study-abroad-consultants-in-goalpara,Career Counselling,local commercial,4 - long tail local
career counselling in Diphu,/study-abroad-consultants-in-diphu,Career Counselling,local commercial,4 - long tail local
career counselling in Dispur,/study-abroad-consultants-in-dispur,Career Counselling,local commercial,4 - long tail local
career counselling in Haldwani,/study-abroad-consultants-in-haldwani,Career Counselling,local commercial,4 - long tail local
career counselling in Roorkee,/study-abroad-consultants-in-roorkee,Career Counselling,local commercial,4 - long tail local
career counselling in Rudrapur,/study-abroad-consultants-in-rudrapur,Career Counselling,local commercial,4 - long tail local
career counselling in Kashipur,/study-abroad-consultants-in-kashipur,Career Counselling,local commercial,4 - long tail local
career counselling in Rishikesh,/study-abroad-consultants-in-rishikesh,Career Counselling,local commercial,4 - long tail local
career counselling in Nainital,/study-abroad-consultants-in-nainital,Career Counselling,local commercial,4 - long tail local
career counselling in Pithoragarh,/study-abroad-consultants-in-pithoragarh,Career Counselling,local commercial,4 - long tail local
career counselling in Almora,/study-abroad-consultants-in-almora,Career Counselling,local commercial,4 - long tail local
career counselling in Mussoorie,/study-abroad-consultants-in-mussoorie,Career Counselling,local commercial,4 - long tail local
career counselling in Solan,/study-abroad-consultants-in-solan,Career Counselling,local commercial,4 - long tail local
career counselling in Dharamshala,/study-abroad-consultants-in-dharamshala,Career Counselling,local commercial,4 - long tail local
career counselling in Mandi,/study-abroad-consultants-in-mandi,Career Counselling,local commercial,4 - long tail local
career counselling in Kullu,/study-abroad-consultants-in-kullu,Career Counselling,local commercial,4 - long tail local
career counselling in Una,/study-abroad-consultants-in-una,Career Counselling,local commercial,4 - long tail local
career counselling in Hamirpur,/study-abroad-consultants-in-hamirpur,Career Counselling,local commercial,4 - long tail local
career counselling in Bilaspur,/study-abroad-consultants-in-bilaspur,Career Counselling,local commercial,4 - long tail local
career counselling in Chamba,/study-abroad-consultants-in-chamba,Career Counselling,local commercial,4 - long tail local
career counselling in Nahan,/study-abroad-consultants-in-nahan,Career Counselling,local commercial,4 - long tail local
career counselling in Baddi,/study-abroad-consultants-in-baddi,Career Counselling,local commercial,4 - long tail local
career counselling in Palampur,/study-abroad-consultants-in-palampur,Career Counselling,local commercial,4 - long tail local
career counselling in Margao,/study-abroad-consultants-in-margao,Career Counselling,local commercial,4 - long tail local
career counselling in Vasco da Gama,/study-abroad-consultants-in-vasco-da-gama,Career Counselling,local commercial,4 - long tail local
career counselling in Mapusa,/study-abroad-consultants-in-mapusa,Career Counselling,local commercial,4 - long tail local
career counselling in Ponda,/study-abroad-consultants-in-ponda,Career Counselling,local commercial,4 - long tail local
career counselling in Porvorim,/study-abroad-consultants-in-porvorim,Career Counselling,local commercial,4 - long tail local
career counselling in Anantnag,/study-abroad-consultants-in-anantnag,Career Counselling,local commercial,4 - long tail local
career counselling in Baramulla,/study-abroad-consultants-in-baramulla,Career Counselling,local commercial,4 - long tail local
career counselling in Udhampur,/study-abroad-consultants-in-udhampur,Career Counselling,local commercial,4 - long tail local
career counselling in Kathua,/study-abroad-consultants-in-kathua,Career Counselling,local commercial,4 - long tail local
career counselling in Sopore,/study-abroad-consultants-in-sopore,Career Counselling,local commercial,4 - long tail local
career counselling in Kupwara,/study-abroad-consultants-in-kupwara,Career Counselling,local commercial,4 - long tail local
career counselling in Karaikal,/study-abroad-consultants-in-karaikal,Career Counselling,local commercial,4 - long tail local
career counselling in Yanam,/study-abroad-consultants-in-yanam,Career Counselling,local commercial,4 - long tail local
career counselling in Mahe,/study-abroad-consultants-in-mahe,Career Counselling,local commercial,4 - long tail local
career counselling in Udaipur,/study-abroad-consultants-in-udaipur,Career Counselling,local commercial,4 - long tail local
career counselling in Dharmanagar,/study-abroad-consultants-in-dharmanagar,Career Counselling,local commercial,4 - long tail local
career counselling in Kailashahar,/study-abroad-consultants-in-kailashahar,Career Counselling,local commercial,4 - long tail local
career counselling in Thoubal,/study-abroad-consultants-in-thoubal,Career Counselling,local commercial,4 - long tail local
career counselling in Churachandpur,/study-abroad-consultants-in-churachandpur,Career Counselling,local commercial,4 - long tail local
career counselling in Bishnupur,/study-abroad-consultants-in-bishnupur,Career Counselling,local commercial,4 - long tail local
career counselling in Tura,/study-abroad-consultants-in-tura,Career Counselling,local commercial,4 - long tail local
career counselling in Jowai,/study-abroad-consultants-in-jowai,Career Counselling,local commercial,4 - long tail local
career counselling in Nongstoin,/study-abroad-consultants-in-nongstoin,Career Counselling,local commercial,4 - long tail local
career counselling in Mokokchung,/study-abroad-consultants-in-mokokchung,Career Counselling,local commercial,4 - long tail local
career counselling in Tuensang,/study-abroad-consultants-in-tuensang,Career Counselling,local commercial,4 - long tail local
career counselling in Lunglei,/study-abroad-consultants-in-lunglei,Career Counselling,local commercial,4 - long tail local
career counselling in Champhai,/study-abroad-consultants-in-champhai,Career Counselling,local commercial,4 - long tail local
career counselling in Naharlagun,/study-abroad-consultants-in-naharlagun,Career Counselling,local commercial,4 - long tail local
career counselling in Pasighat,/study-abroad-consultants-in-pasighat,Career Counselling,local commercial,4 - long tail local
career counselling in Tezu,/study-abroad-consultants-in-tezu,Career Counselling,local commercial,4 - long tail local
career counselling in Namchi,/study-abroad-consultants-in-namchi,Career Counselling,local commercial,4 - long tail local
career counselling in Gyalshing,/study-abroad-consultants-in-gyalshing,Career Counselling,local commercial,4 - long tail local
career counselling in Mangan,/study-abroad-consultants-in-mangan,Career Counselling,local commercial,4 - long tail local
career counselling in Port Blair,/study-abroad-consultants-in-port-blair,Career Counselling,local commercial,4 - long tail local
career counselling in Car Nicobar,/study-abroad-consultants-in-car-nicobar,Career Counselling,local commercial,4 - long tail local
career counselling in Leh,/study-abroad-consultants-in-leh,Career Counselling,local commercial,4 - long tail local
career counselling in Kargil,/study-abroad-consultants-in-kargil,Career Counselling,local commercial,4 - long tail local
career counselling in Silvassa,/study-abroad-consultants-in-silvassa,Career Counselling,local commercial,4 - long tail local
career counselling in Daman,/study-abroad-consultants-in-daman,Career Counselling,local commercial,4 - long tail local
career counselling in Diu,/study-abroad-consultants-in-diu,Career Counselling,local commercial,4 - long tail local
scholarships for Indian students abroad,/scholarship-assistance,Scholarships,commercial,1 - head
study abroad scholarship guidance,/scholarship-assistance,Scholarships,commercial,1 - head
fully funded scholarships for Indian students,/scholarship-assistance,Scholarships,commercial,2 - body
merit scholarships for MS abroad,/scholarship-assistance,Scholarships,commercial,2 - body
scholarship application help,/scholarship-assistance,Scholarships,commercial,2 - body
government scholarships for study abroad India,/scholarship-assistance,Scholarships,commercial,2 - body
how to get a full scholarship to study abroad,/scholarship-assistance,Scholarships,informational,3 - long tail / AEO
when to apply for study abroad scholarships,/scholarship-assistance,Scholarships,informational,3 - long tail / AEO
do Indian students get scholarships abroad,/scholarship-assistance,Scholarships,informational,3 - long tail / AEO
scholarship guidance in Mumbai,/study-abroad-consultants-in-mumbai,Scholarships,local commercial,2 - body
scholarship guidance in Pune,/study-abroad-consultants-in-pune,Scholarships,local commercial,2 - body
scholarship guidance in Nagpur,/study-abroad-consultants-in-nagpur,Scholarships,local commercial,2 - body
scholarship guidance in Thane,/study-abroad-consultants-in-thane,Scholarships,local commercial,2 - body
scholarship guidance in Nashik,/study-abroad-consultants-in-nashik,Scholarships,local commercial,2 - body
scholarship guidance in Navi Mumbai,/study-abroad-consultants-in-navi-mumbai,Scholarships,local commercial,2 - body
scholarship guidance in Pimpri-Chinchwad,/study-abroad-consultants-in-pimpri-chinchwad,Scholarships,local commercial,2 - body
scholarship guidance in Kalyan-Dombivli,/study-abroad-consultants-in-kalyan-dombivli,Scholarships,local commercial,2 - body
scholarship guidance in Vasai-Virar,/study-abroad-consultants-in-vasai-virar,Scholarships,local commercial,2 - body
scholarship guidance in Chhatrapati Sambhajinagar,/study-abroad-consultants-in-chhatrapati-sambhajinagar,Scholarships,local commercial,2 - body
scholarship guidance in Solapur,/study-abroad-consultants-in-solapur,Scholarships,local commercial,2 - body
scholarship guidance in Kolhapur,/study-abroad-consultants-in-kolhapur,Scholarships,local commercial,2 - body
scholarship guidance in Amravati,/study-abroad-consultants-in-amravati,Scholarships,local commercial,2 - body
scholarship guidance in Mira-Bhayandar,/study-abroad-consultants-in-mira-bhayandar,Scholarships,local commercial,2 - body
scholarship guidance in Bengaluru,/study-abroad-consultants-in-bengaluru,Scholarships,local commercial,2 - body
scholarship guidance in Mysuru,/study-abroad-consultants-in-mysuru,Scholarships,local commercial,2 - body
scholarship guidance in Hubballi-Dharwad,/study-abroad-consultants-in-hubballi-dharwad,Scholarships,local commercial,2 - body
scholarship guidance in Mangaluru,/study-abroad-consultants-in-mangaluru,Scholarships,local commercial,2 - body
scholarship guidance in Belagavi,/study-abroad-consultants-in-belagavi,Scholarships,local commercial,2 - body
scholarship guidance in Kalaburagi,/study-abroad-consultants-in-kalaburagi,Scholarships,local commercial,2 - body
scholarship guidance in Davanagere,/study-abroad-consultants-in-davanagere,Scholarships,local commercial,2 - body
scholarship guidance in Ballari,/study-abroad-consultants-in-ballari,Scholarships,local commercial,2 - body
scholarship guidance in Chennai,/study-abroad-consultants-in-chennai,Scholarships,local commercial,2 - body
scholarship guidance in Coimbatore,/study-abroad-consultants-in-coimbatore,Scholarships,local commercial,2 - body
scholarship guidance in Madurai,/study-abroad-consultants-in-madurai,Scholarships,local commercial,2 - body
scholarship guidance in Tiruchirappalli,/study-abroad-consultants-in-tiruchirappalli,Scholarships,local commercial,2 - body
scholarship guidance in Salem,/study-abroad-consultants-in-salem,Scholarships,local commercial,2 - body
scholarship guidance in Tirunelveli,/study-abroad-consultants-in-tirunelveli,Scholarships,local commercial,2 - body
scholarship guidance in Tiruppur,/study-abroad-consultants-in-tiruppur,Scholarships,local commercial,2 - body
scholarship guidance in Erode,/study-abroad-consultants-in-erode,Scholarships,local commercial,2 - body
scholarship guidance in Vellore,/study-abroad-consultants-in-vellore,Scholarships,local commercial,2 - body
scholarship guidance in Hyderabad,/study-abroad-consultants-in-hyderabad,Scholarships,local commercial,2 - body
scholarship guidance in Warangal,/study-abroad-consultants-in-warangal,Scholarships,local commercial,2 - body
scholarship guidance in Nizamabad,/study-abroad-consultants-in-nizamabad,Scholarships,local commercial,2 - body
scholarship guidance in Karimnagar,/study-abroad-consultants-in-karimnagar,Scholarships,local commercial,2 - body
scholarship guidance in Khammam,/study-abroad-consultants-in-khammam,Scholarships,local commercial,2 - body
scholarship guidance in Secunderabad,/study-abroad-consultants-in-secunderabad,Scholarships,local commercial,2 - body
scholarship guidance in New Delhi,/study-abroad-consultants-in-new-delhi,Scholarships,local commercial,2 - body
scholarship guidance in Ahmedabad,/study-abroad-consultants-in-ahmedabad,Scholarships,local commercial,2 - body
scholarship guidance in Surat,/study-abroad-consultants-in-surat,Scholarships,local commercial,2 - body
scholarship guidance in Vadodara,/study-abroad-consultants-in-vadodara,Scholarships,local commercial,2 - body
scholarship guidance in Rajkot,/study-abroad-consultants-in-rajkot,Scholarships,local commercial,2 - body
scholarship guidance in Bhavnagar,/study-abroad-consultants-in-bhavnagar,Scholarships,local commercial,2 - body
scholarship guidance in Jamnagar,/study-abroad-consultants-in-jamnagar,Scholarships,local commercial,2 - body
scholarship guidance in Gandhinagar,/study-abroad-consultants-in-gandhinagar,Scholarships,local commercial,2 - body
scholarship guidance in Thiruvananthapuram,/study-abroad-consultants-in-thiruvananthapuram,Scholarships,local commercial,2 - body
scholarship guidance in Kochi,/study-abroad-consultants-in-kochi,Scholarships,local commercial,2 - body
scholarship guidance in Kozhikode,/study-abroad-consultants-in-kozhikode,Scholarships,local commercial,2 - body
scholarship guidance in Thrissur,/study-abroad-consultants-in-thrissur,Scholarships,local commercial,2 - body
scholarship guidance in Kollam,/study-abroad-consultants-in-kollam,Scholarships,local commercial,2 - body
scholarship guidance in Kannur,/study-abroad-consultants-in-kannur,Scholarships,local commercial,2 - body
scholarship guidance in Kolkata,/study-abroad-consultants-in-kolkata,Scholarships,local commercial,2 - body
scholarship guidance in Howrah,/study-abroad-consultants-in-howrah,Scholarships,local commercial,2 - body
scholarship guidance in Durgapur,/study-abroad-consultants-in-durgapur,Scholarships,local commercial,2 - body
scholarship guidance in Asansol,/study-abroad-consultants-in-asansol,Scholarships,local commercial,2 - body
scholarship guidance in Siliguri,/study-abroad-consultants-in-siliguri,Scholarships,local commercial,2 - body
scholarship guidance in Lucknow,/study-abroad-consultants-in-lucknow,Scholarships,local commercial,2 - body
scholarship guidance in Kanpur,/study-abroad-consultants-in-kanpur,Scholarships,local commercial,2 - body
scholarship guidance in Ghaziabad,/study-abroad-consultants-in-ghaziabad,Scholarships,local commercial,2 - body
scholarship guidance in Agra,/study-abroad-consultants-in-agra,Scholarships,local commercial,2 - body
scholarship guidance in Varanasi,/study-abroad-consultants-in-varanasi,Scholarships,local commercial,2 - body
scholarship guidance in Meerut,/study-abroad-consultants-in-meerut,Scholarships,local commercial,2 - body
scholarship guidance in Prayagraj,/study-abroad-consultants-in-prayagraj,Scholarships,local commercial,2 - body
scholarship guidance in Noida,/study-abroad-consultants-in-noida,Scholarships,local commercial,2 - body
scholarship guidance in Bareilly,/study-abroad-consultants-in-bareilly,Scholarships,local commercial,2 - body
scholarship guidance in Aligarh,/study-abroad-consultants-in-aligarh,Scholarships,local commercial,2 - body
scholarship guidance in Moradabad,/study-abroad-consultants-in-moradabad,Scholarships,local commercial,2 - body
scholarship guidance in Gorakhpur,/study-abroad-consultants-in-gorakhpur,Scholarships,local commercial,2 - body
scholarship guidance in Saharanpur,/study-abroad-consultants-in-saharanpur,Scholarships,local commercial,2 - body
scholarship guidance in Greater Noida,/study-abroad-consultants-in-greater-noida,Scholarships,local commercial,2 - body
scholarship guidance in Jaipur,/study-abroad-consultants-in-jaipur,Scholarships,local commercial,2 - body
scholarship guidance in Jodhpur,/study-abroad-consultants-in-jodhpur,Scholarships,local commercial,2 - body
scholarship guidance in Kota,/study-abroad-consultants-in-kota,Scholarships,local commercial,2 - body
scholarship guidance in Bikaner,/study-abroad-consultants-in-bikaner,Scholarships,local commercial,2 - body
scholarship guidance in Ajmer,/study-abroad-consultants-in-ajmer,Scholarships,local commercial,2 - body
scholarship guidance in Udaipur,/study-abroad-consultants-in-udaipur,Scholarships,local commercial,2 - body
scholarship guidance in Indore,/study-abroad-consultants-in-indore,Scholarships,local commercial,2 - body
scholarship guidance in Bhopal,/study-abroad-consultants-in-bhopal,Scholarships,local commercial,2 - body
scholarship guidance in Jabalpur,/study-abroad-consultants-in-jabalpur,Scholarships,local commercial,2 - body
scholarship guidance in Gwalior,/study-abroad-consultants-in-gwalior,Scholarships,local commercial,2 - body
scholarship guidance in Ujjain,/study-abroad-consultants-in-ujjain,Scholarships,local commercial,2 - body
scholarship guidance in Ludhiana,/study-abroad-consultants-in-ludhiana,Scholarships,local commercial,2 - body
scholarship guidance in Amritsar,/study-abroad-consultants-in-amritsar,Scholarships,local commercial,2 - body
scholarship guidance in Jalandhar,/study-abroad-consultants-in-jalandhar,Scholarships,local commercial,2 - body
scholarship guidance in Patiala,/study-abroad-consultants-in-patiala,Scholarships,local commercial,2 - body
scholarship guidance in Bathinda,/study-abroad-consultants-in-bathinda,Scholarships,local commercial,2 - body
scholarship guidance in Mohali,/study-abroad-consultants-in-mohali,Scholarships,local commercial,2 - body
scholarship guidance in Gurugram,/study-abroad-consultants-in-gurugram,Scholarships,local commercial,2 - body
scholarship guidance in Faridabad,/study-abroad-consultants-in-faridabad,Scholarships,local commercial,2 - body
scholarship guidance in Panipat,/study-abroad-consultants-in-panipat,Scholarships,local commercial,2 - body
scholarship guidance in Ambala,/study-abroad-consultants-in-ambala,Scholarships,local commercial,2 - body
scholarship guidance in Yamunanagar,/study-abroad-consultants-in-yamunanagar,Scholarships,local commercial,2 - body
scholarship guidance in Rohtak,/study-abroad-consultants-in-rohtak,Scholarships,local commercial,2 - body
scholarship guidance in Hisar,/study-abroad-consultants-in-hisar,Scholarships,local commercial,2 - body
scholarship guidance in Karnal,/study-abroad-consultants-in-karnal,Scholarships,local commercial,2 - body
scholarship guidance in Visakhapatnam,/study-abroad-consultants-in-visakhapatnam,Scholarships,local commercial,2 - body
scholarship guidance in Vijayawada,/study-abroad-consultants-in-vijayawada,Scholarships,local commercial,2 - body
scholarship guidance in Guntur,/study-abroad-consultants-in-guntur,Scholarships,local commercial,2 - body
scholarship guidance in Nellore,/study-abroad-consultants-in-nellore,Scholarships,local commercial,2 - body
scholarship guidance in Kurnool,/study-abroad-consultants-in-kurnool,Scholarships,local commercial,2 - body
scholarship guidance in Rajahmundry,/study-abroad-consultants-in-rajahmundry,Scholarships,local commercial,2 - body
scholarship guidance in Tirupati,/study-abroad-consultants-in-tirupati,Scholarships,local commercial,2 - body
scholarship guidance in Kakinada,/study-abroad-consultants-in-kakinada,Scholarships,local commercial,2 - body
scholarship guidance in Patna,/study-abroad-consultants-in-patna,Scholarships,local commercial,2 - body
scholarship guidance in Gaya,/study-abroad-consultants-in-gaya,Scholarships,local commercial,2 - body
scholarship guidance in Bhagalpur,/study-abroad-consultants-in-bhagalpur,Scholarships,local commercial,2 - body
scholarship guidance in Muzaffarpur,/study-abroad-consultants-in-muzaffarpur,Scholarships,local commercial,2 - body
scholarship guidance in Darbhanga,/study-abroad-consultants-in-darbhanga,Scholarships,local commercial,2 - body
scholarship guidance in Bhubaneswar,/study-abroad-consultants-in-bhubaneswar,Scholarships,local commercial,2 - body
scholarship guidance in Cuttack,/study-abroad-consultants-in-cuttack,Scholarships,local commercial,2 - body
scholarship guidance in Rourkela,/study-abroad-consultants-in-rourkela,Scholarships,local commercial,2 - body
scholarship guidance in Berhampur,/study-abroad-consultants-in-berhampur,Scholarships,local commercial,2 - body
scholarship guidance in Ranchi,/study-abroad-consultants-in-ranchi,Scholarships,local commercial,2 - body
scholarship guidance in Jamshedpur,/study-abroad-consultants-in-jamshedpur,Scholarships,local commercial,2 - body
scholarship guidance in Dhanbad,/study-abroad-consultants-in-dhanbad,Scholarships,local commercial,2 - body
scholarship guidance in Bokaro,/study-abroad-consultants-in-bokaro,Scholarships,local commercial,2 - body
scholarship guidance in Raipur,/study-abroad-consultants-in-raipur,Scholarships,local commercial,2 - body
scholarship guidance in Bhilai,/study-abroad-consultants-in-bhilai,Scholarships,local commercial,2 - body
scholarship guidance in Bilaspur,/study-abroad-consultants-in-bilaspur,Scholarships,local commercial,2 - body
scholarship guidance in Korba,/study-abroad-consultants-in-korba,Scholarships,local commercial,2 - body
scholarship guidance in Guwahati,/study-abroad-consultants-in-guwahati,Scholarships,local commercial,2 - body
scholarship guidance in Silchar,/study-abroad-consultants-in-silchar,Scholarships,local commercial,2 - body
scholarship guidance in Dehradun,/study-abroad-consultants-in-dehradun,Scholarships,local commercial,2 - body
scholarship guidance in Haridwar,/study-abroad-consultants-in-haridwar,Scholarships,local commercial,2 - body
scholarship guidance in Shimla,/study-abroad-consultants-in-shimla,Scholarships,local commercial,2 - body
scholarship guidance in Panaji,/study-abroad-consultants-in-panaji,Scholarships,local commercial,2 - body
scholarship guidance in Srinagar,/study-abroad-consultants-in-srinagar,Scholarships,local commercial,2 - body
scholarship guidance in Jammu,/study-abroad-consultants-in-jammu,Scholarships,local commercial,2 - body
scholarship guidance in Chandigarh,/study-abroad-consultants-in-chandigarh,Scholarships,local commercial,2 - body
scholarship guidance in Puducherry,/study-abroad-consultants-in-puducherry,Scholarships,local commercial,2 - body
scholarship guidance in Agartala,/study-abroad-consultants-in-agartala,Scholarships,local commercial,2 - body
scholarship guidance in Imphal,/study-abroad-consultants-in-imphal,Scholarships,local commercial,2 - body
scholarship guidance in Shillong,/study-abroad-consultants-in-shillong,Scholarships,local commercial,2 - body
scholarship guidance in Kohima,/study-abroad-consultants-in-kohima,Scholarships,local commercial,2 - body
scholarship guidance in Dimapur,/study-abroad-consultants-in-dimapur,Scholarships,local commercial,2 - body
scholarship guidance in Aizawl,/study-abroad-consultants-in-aizawl,Scholarships,local commercial,2 - body
scholarship guidance in Itanagar,/study-abroad-consultants-in-itanagar,Scholarships,local commercial,2 - body
scholarship guidance in Gangtok,/study-abroad-consultants-in-gangtok,Scholarships,local commercial,2 - body
scholarship guidance in Bhiwandi,/study-abroad-consultants-in-bhiwandi,Scholarships,local commercial,4 - long tail local
scholarship guidance in Nanded,/study-abroad-consultants-in-nanded,Scholarships,local commercial,4 - long tail local
scholarship guidance in Sangli,/study-abroad-consultants-in-sangli,Scholarships,local commercial,4 - long tail local
scholarship guidance in Jalgaon,/study-abroad-consultants-in-jalgaon,Scholarships,local commercial,4 - long tail local
scholarship guidance in Akola,/study-abroad-consultants-in-akola,Scholarships,local commercial,4 - long tail local
scholarship guidance in Latur,/study-abroad-consultants-in-latur,Scholarships,local commercial,4 - long tail local
scholarship guidance in Dhule,/study-abroad-consultants-in-dhule,Scholarships,local commercial,4 - long tail local
scholarship guidance in Ahmednagar,/study-abroad-consultants-in-ahmednagar,Scholarships,local commercial,4 - long tail local
scholarship guidance in Chandrapur,/study-abroad-consultants-in-chandrapur,Scholarships,local commercial,4 - long tail local
scholarship guidance in Parbhani,/study-abroad-consultants-in-parbhani,Scholarships,local commercial,4 - long tail local
scholarship guidance in Ichalkaranji,/study-abroad-consultants-in-ichalkaranji,Scholarships,local commercial,4 - long tail local
scholarship guidance in Jalna,/study-abroad-consultants-in-jalna,Scholarships,local commercial,4 - long tail local
scholarship guidance in Ambernath,/study-abroad-consultants-in-ambernath,Scholarships,local commercial,4 - long tail local
scholarship guidance in Badlapur,/study-abroad-consultants-in-badlapur,Scholarships,local commercial,4 - long tail local
scholarship guidance in Panvel,/study-abroad-consultants-in-panvel,Scholarships,local commercial,4 - long tail local
scholarship guidance in Satara,/study-abroad-consultants-in-satara,Scholarships,local commercial,4 - long tail local
scholarship guidance in Beed,/study-abroad-consultants-in-beed,Scholarships,local commercial,4 - long tail local
scholarship guidance in Yavatmal,/study-abroad-consultants-in-yavatmal,Scholarships,local commercial,4 - long tail local
scholarship guidance in Wardha,/study-abroad-consultants-in-wardha,Scholarships,local commercial,4 - long tail local
scholarship guidance in Ratnagiri,/study-abroad-consultants-in-ratnagiri,Scholarships,local commercial,4 - long tail local
scholarship guidance in Ulhasnagar,/study-abroad-consultants-in-ulhasnagar,Scholarships,local commercial,4 - long tail local
scholarship guidance in Andheri,/study-abroad-consultants-in-andheri,Scholarships,local commercial,4 - long tail local
scholarship guidance in Ghatkopar,/study-abroad-consultants-in-ghatkopar,Scholarships,local commercial,4 - long tail local
scholarship guidance in Borivali,/study-abroad-consultants-in-borivali,Scholarships,local commercial,4 - long tail local
scholarship guidance in Dadar,/study-abroad-consultants-in-dadar,Scholarships,local commercial,4 - long tail local
scholarship guidance in Powai,/study-abroad-consultants-in-powai,Scholarships,local commercial,4 - long tail local
scholarship guidance in Vijayapura,/study-abroad-consultants-in-vijayapura,Scholarships,local commercial,4 - long tail local
scholarship guidance in Shivamogga,/study-abroad-consultants-in-shivamogga,Scholarships,local commercial,4 - long tail local
scholarship guidance in Tumakuru,/study-abroad-consultants-in-tumakuru,Scholarships,local commercial,4 - long tail local
scholarship guidance in Raichur,/study-abroad-consultants-in-raichur,Scholarships,local commercial,4 - long tail local
scholarship guidance in Bidar,/study-abroad-consultants-in-bidar,Scholarships,local commercial,4 - long tail local
scholarship guidance in Hassan,/study-abroad-consultants-in-hassan,Scholarships,local commercial,4 - long tail local
scholarship guidance in Udupi,/study-abroad-consultants-in-udupi,Scholarships,local commercial,4 - long tail local
scholarship guidance in Gadag,/study-abroad-consultants-in-gadag,Scholarships,local commercial,4 - long tail local
scholarship guidance in Chitradurga,/study-abroad-consultants-in-chitradurga,Scholarships,local commercial,4 - long tail local
scholarship guidance in Kolar,/study-abroad-consultants-in-kolar,Scholarships,local commercial,4 - long tail local
scholarship guidance in Mandya,/study-abroad-consultants-in-mandya,Scholarships,local commercial,4 - long tail local
scholarship guidance in Bagalkot,/study-abroad-consultants-in-bagalkot,Scholarships,local commercial,4 - long tail local
scholarship guidance in Karwar,/study-abroad-consultants-in-karwar,Scholarships,local commercial,4 - long tail local
scholarship guidance in Chikkamagaluru,/study-abroad-consultants-in-chikkamagaluru,Scholarships,local commercial,4 - long tail local
scholarship guidance in Whitefield,/study-abroad-consultants-in-whitefield,Scholarships,local commercial,4 - long tail local
scholarship guidance in Electronic City,/study-abroad-consultants-in-electronic-city,Scholarships,local commercial,4 - long tail local
scholarship guidance in Jayanagar,/study-abroad-consultants-in-jayanagar,Scholarships,local commercial,4 - long tail local
scholarship guidance in Thoothukudi,/study-abroad-consultants-in-thoothukudi,Scholarships,local commercial,4 - long tail local
scholarship guidance in Thanjavur,/study-abroad-consultants-in-thanjavur,Scholarships,local commercial,4 - long tail local
scholarship guidance in Dindigul,/study-abroad-consultants-in-dindigul,Scholarships,local commercial,4 - long tail local
scholarship guidance in Cuddalore,/study-abroad-consultants-in-cuddalore,Scholarships,local commercial,4 - long tail local
scholarship guidance in Kanchipuram,/study-abroad-consultants-in-kanchipuram,Scholarships,local commercial,4 - long tail local
scholarship guidance in Karur,/study-abroad-consultants-in-karur,Scholarships,local commercial,4 - long tail local
scholarship guidance in Namakkal,/study-abroad-consultants-in-namakkal,Scholarships,local commercial,4 - long tail local
scholarship guidance in Hosur,/study-abroad-consultants-in-hosur,Scholarships,local commercial,4 - long tail local
scholarship guidance in Nagercoil,/study-abroad-consultants-in-nagercoil,Scholarships,local commercial,4 - long tail local
scholarship guidance in Kumbakonam,/study-abroad-consultants-in-kumbakonam,Scholarships,local commercial,4 - long tail local
scholarship guidance in Rajapalayam,/study-abroad-consultants-in-rajapalayam,Scholarships,local commercial,4 - long tail local
scholarship guidance in Sivakasi,/study-abroad-consultants-in-sivakasi,Scholarships,local commercial,4 - long tail local
scholarship guidance in Pudukkottai,/study-abroad-consultants-in-pudukkottai,Scholarships,local commercial,4 - long tail local
scholarship guidance in Ambur,/study-abroad-consultants-in-ambur,Scholarships,local commercial,4 - long tail local
scholarship guidance in Villupuram,/study-abroad-consultants-in-villupuram,Scholarships,local commercial,4 - long tail local
scholarship guidance in Tambaram,/study-abroad-consultants-in-tambaram,Scholarships,local commercial,4 - long tail local
scholarship guidance in Avadi,/study-abroad-consultants-in-avadi,Scholarships,local commercial,4 - long tail local
scholarship guidance in Ooty,/study-abroad-consultants-in-ooty,Scholarships,local commercial,4 - long tail local
scholarship guidance in Ramagundam,/study-abroad-consultants-in-ramagundam,Scholarships,local commercial,4 - long tail local
scholarship guidance in Mahbubnagar,/study-abroad-consultants-in-mahbubnagar,Scholarships,local commercial,4 - long tail local
scholarship guidance in Nalgonda,/study-abroad-consultants-in-nalgonda,Scholarships,local commercial,4 - long tail local
scholarship guidance in Adilabad,/study-abroad-consultants-in-adilabad,Scholarships,local commercial,4 - long tail local
scholarship guidance in Suryapet,/study-abroad-consultants-in-suryapet,Scholarships,local commercial,4 - long tail local
scholarship guidance in Siddipet,/study-abroad-consultants-in-siddipet,Scholarships,local commercial,4 - long tail local
scholarship guidance in Miryalaguda,/study-abroad-consultants-in-miryalaguda,Scholarships,local commercial,4 - long tail local
scholarship guidance in Gachibowli,/study-abroad-consultants-in-gachibowli,Scholarships,local commercial,4 - long tail local
scholarship guidance in Kukatpally,/study-abroad-consultants-in-kukatpally,Scholarships,local commercial,4 - long tail local
scholarship guidance in Madhapur,/study-abroad-consultants-in-madhapur,Scholarships,local commercial,4 - long tail local
scholarship guidance in Dwarka,/study-abroad-consultants-in-dwarka,Scholarships,local commercial,4 - long tail local
scholarship guidance in Rohini,/study-abroad-consultants-in-rohini,Scholarships,local commercial,4 - long tail local
scholarship guidance in Saket,/study-abroad-consultants-in-saket,Scholarships,local commercial,4 - long tail local
scholarship guidance in Laxmi Nagar,/study-abroad-consultants-in-laxmi-nagar,Scholarships,local commercial,4 - long tail local
scholarship guidance in Pitampura,/study-abroad-consultants-in-pitampura,Scholarships,local commercial,4 - long tail local
scholarship guidance in Janakpuri,/study-abroad-consultants-in-janakpuri,Scholarships,local commercial,4 - long tail local
scholarship guidance in Karol Bagh,/study-abroad-consultants-in-karol-bagh,Scholarships,local commercial,4 - long tail local
scholarship guidance in Connaught Place,/study-abroad-consultants-in-connaught-place,Scholarships,local commercial,4 - long tail local
scholarship guidance in Vasant Kunj,/study-abroad-consultants-in-vasant-kunj,Scholarships,local commercial,4 - long tail local
scholarship guidance in Mayur Vihar,/study-abroad-consultants-in-mayur-vihar,Scholarships,local commercial,4 - long tail local
scholarship guidance in Rajouri Garden,/study-abroad-consultants-in-rajouri-garden,Scholarships,local commercial,4 - long tail local
scholarship guidance in Junagadh,/study-abroad-consultants-in-junagadh,Scholarships,local commercial,4 - long tail local
scholarship guidance in Anand,/study-abroad-consultants-in-anand,Scholarships,local commercial,4 - long tail local
scholarship guidance in Nadiad,/study-abroad-consultants-in-nadiad,Scholarships,local commercial,4 - long tail local
scholarship guidance in Bharuch,/study-abroad-consultants-in-bharuch,Scholarships,local commercial,4 - long tail local
scholarship guidance in Mehsana,/study-abroad-consultants-in-mehsana,Scholarships,local commercial,4 - long tail local
scholarship guidance in Navsari,/study-abroad-consultants-in-navsari,Scholarships,local commercial,4 - long tail local
scholarship guidance in Morbi,/study-abroad-consultants-in-morbi,Scholarships,local commercial,4 - long tail local
scholarship guidance in Surendranagar,/study-abroad-consultants-in-surendranagar,Scholarships,local commercial,4 - long tail local
scholarship guidance in Gandhidham,/study-abroad-consultants-in-gandhidham,Scholarships,local commercial,4 - long tail local
scholarship guidance in Vapi,/study-abroad-consultants-in-vapi,Scholarships,local commercial,4 - long tail local
scholarship guidance in Valsad,/study-abroad-consultants-in-valsad,Scholarships,local commercial,4 - long tail local
scholarship guidance in Porbandar,/study-abroad-consultants-in-porbandar,Scholarships,local commercial,4 - long tail local
scholarship guidance in Veraval,/study-abroad-consultants-in-veraval,Scholarships,local commercial,4 - long tail local
scholarship guidance in Patan,/study-abroad-consultants-in-patan,Scholarships,local commercial,4 - long tail local
scholarship guidance in Bhuj,/study-abroad-consultants-in-bhuj,Scholarships,local commercial,4 - long tail local
scholarship guidance in Palanpur,/study-abroad-consultants-in-palanpur,Scholarships,local commercial,4 - long tail local
scholarship guidance in Godhra,/study-abroad-consultants-in-godhra,Scholarships,local commercial,4 - long tail local
scholarship guidance in Ankleshwar,/study-abroad-consultants-in-ankleshwar,Scholarships,local commercial,4 - long tail local
scholarship guidance in Alappuzha,/study-abroad-consultants-in-alappuzha,Scholarships,local commercial,4 - long tail local
scholarship guidance in Palakkad,/study-abroad-consultants-in-palakkad,Scholarships,local commercial,4 - long tail local
scholarship guidance in Malappuram,/study-abroad-consultants-in-malappuram,Scholarships,local commercial,4 - long tail local
scholarship guidance in Kottayam,/study-abroad-consultants-in-kottayam,Scholarships,local commercial,4 - long tail local
scholarship guidance in Pathanamthitta,/study-abroad-consultants-in-pathanamthitta,Scholarships,local commercial,4 - long tail local
scholarship guidance in Idukki,/study-abroad-consultants-in-idukki,Scholarships,local commercial,4 - long tail local
scholarship guidance in Kasaragod,/study-abroad-consultants-in-kasaragod,Scholarships,local commercial,4 - long tail local
scholarship guidance in Wayanad,/study-abroad-consultants-in-wayanad,Scholarships,local commercial,4 - long tail local
scholarship guidance in Ernakulam,/study-abroad-consultants-in-ernakulam,Scholarships,local commercial,4 - long tail local
scholarship guidance in Manjeri,/study-abroad-consultants-in-manjeri,Scholarships,local commercial,4 - long tail local
scholarship guidance in Ponnani,/study-abroad-consultants-in-ponnani,Scholarships,local commercial,4 - long tail local
scholarship guidance in Thalassery,/study-abroad-consultants-in-thalassery,Scholarships,local commercial,4 - long tail local
scholarship guidance in Bardhaman,/study-abroad-consultants-in-bardhaman,Scholarships,local commercial,4 - long tail local
scholarship guidance in Malda,/study-abroad-consultants-in-malda,Scholarships,local commercial,4 - long tail local
scholarship guidance in Kharagpur,/study-abroad-consultants-in-kharagpur,Scholarships,local commercial,4 - long tail local
scholarship guidance in Haldia,/study-abroad-consultants-in-haldia,Scholarships,local commercial,4 - long tail local
scholarship guidance in Darjeeling,/study-abroad-consultants-in-darjeeling,Scholarships,local commercial,4 - long tail local
scholarship guidance in Krishnanagar,/study-abroad-consultants-in-krishnanagar,Scholarships,local commercial,4 - long tail local
scholarship guidance in Barasat,/study-abroad-consultants-in-barasat,Scholarships,local commercial,4 - long tail local
scholarship guidance in Berhampore,/study-abroad-consultants-in-berhampore,Scholarships,local commercial,4 - long tail local
scholarship guidance in Bankura,/study-abroad-consultants-in-bankura,Scholarships,local commercial,4 - long tail local
scholarship guidance in Jalpaiguri,/study-abroad-consultants-in-jalpaiguri,Scholarships,local commercial,4 - long tail local
scholarship guidance in Cooch Behar,/study-abroad-consultants-in-cooch-behar,Scholarships,local commercial,4 - long tail local
scholarship guidance in Raiganj,/study-abroad-consultants-in-raiganj,Scholarships,local commercial,4 - long tail local
scholarship guidance in Salt Lake,/study-abroad-consultants-in-salt-lake,Scholarships,local commercial,4 - long tail local
scholarship guidance in Barrackpore,/study-abroad-consultants-in-barrackpore,Scholarships,local commercial,4 - long tail local
scholarship guidance in Serampore,/study-abroad-consultants-in-serampore,Scholarships,local commercial,4 - long tail local
scholarship guidance in Jhansi,/study-abroad-consultants-in-jhansi,Scholarships,local commercial,4 - long tail local
scholarship guidance in Firozabad,/study-abroad-consultants-in-firozabad,Scholarships,local commercial,4 - long tail local
scholarship guidance in Muzaffarnagar,/study-abroad-consultants-in-muzaffarnagar,Scholarships,local commercial,4 - long tail local
scholarship guidance in Mathura,/study-abroad-consultants-in-mathura,Scholarships,local commercial,4 - long tail local
scholarship guidance in Shahjahanpur,/study-abroad-consultants-in-shahjahanpur,Scholarships,local commercial,4 - long tail local
scholarship guidance in Rampur,/study-abroad-consultants-in-rampur,Scholarships,local commercial,4 - long tail local
scholarship guidance in Mau,/study-abroad-consultants-in-mau,Scholarships,local commercial,4 - long tail local
scholarship guidance in Farrukhabad,/study-abroad-consultants-in-farrukhabad,Scholarships,local commercial,4 - long tail local
scholarship guidance in Hapur,/study-abroad-consultants-in-hapur,Scholarships,local commercial,4 - long tail local
scholarship guidance in Etawah,/study-abroad-consultants-in-etawah,Scholarships,local commercial,4 - long tail local
scholarship guidance in Mirzapur,/study-abroad-consultants-in-mirzapur,Scholarships,local commercial,4 - long tail local
scholarship guidance in Bulandshahr,/study-abroad-consultants-in-bulandshahr,Scholarships,local commercial,4 - long tail local
scholarship guidance in Sambhal,/study-abroad-consultants-in-sambhal,Scholarships,local commercial,4 - long tail local
scholarship guidance in Amroha,/study-abroad-consultants-in-amroha,Scholarships,local commercial,4 - long tail local
scholarship guidance in Hardoi,/study-abroad-consultants-in-hardoi,Scholarships,local commercial,4 - long tail local
scholarship guidance in Fatehpur,/study-abroad-consultants-in-fatehpur,Scholarships,local commercial,4 - long tail local
scholarship guidance in Raebareli,/study-abroad-consultants-in-raebareli,Scholarships,local commercial,4 - long tail local
scholarship guidance in Sitapur,/study-abroad-consultants-in-sitapur,Scholarships,local commercial,4 - long tail local
scholarship guidance in Bahraich,/study-abroad-consultants-in-bahraich,Scholarships,local commercial,4 - long tail local
scholarship guidance in Unnao,/study-abroad-consultants-in-unnao,Scholarships,local commercial,4 - long tail local
scholarship guidance in Jaunpur,/study-abroad-consultants-in-jaunpur,Scholarships,local commercial,4 - long tail local
scholarship guidance in Lakhimpur,/study-abroad-consultants-in-lakhimpur,Scholarships,local commercial,4 - long tail local
scholarship guidance in Ayodhya,/study-abroad-consultants-in-ayodhya,Scholarships,local commercial,4 - long tail local
scholarship guidance in Banda,/study-abroad-consultants-in-banda,Scholarships,local commercial,4 - long tail local
scholarship guidance in Basti,/study-abroad-consultants-in-basti,Scholarships,local commercial,4 - long tail local
scholarship guidance in Deoria,/study-abroad-consultants-in-deoria,Scholarships,local commercial,4 - long tail local
scholarship guidance in Bhilwara,/study-abroad-consultants-in-bhilwara,Scholarships,local commercial,4 - long tail local
scholarship guidance in Alwar,/study-abroad-consultants-in-alwar,Scholarships,local commercial,4 - long tail local
scholarship guidance in Sikar,/study-abroad-consultants-in-sikar,Scholarships,local commercial,4 - long tail local
scholarship guidance in Pali,/study-abroad-consultants-in-pali,Scholarships,local commercial,4 - long tail local
scholarship guidance in Sri Ganganagar,/study-abroad-consultants-in-sri-ganganagar,Scholarships,local commercial,4 - long tail local
scholarship guidance in Bharatpur,/study-abroad-consultants-in-bharatpur,Scholarships,local commercial,4 - long tail local
scholarship guidance in Hanumangarh,/study-abroad-consultants-in-hanumangarh,Scholarships,local commercial,4 - long tail local
scholarship guidance in Chittorgarh,/study-abroad-consultants-in-chittorgarh,Scholarships,local commercial,4 - long tail local
scholarship guidance in Jhunjhunu,/study-abroad-consultants-in-jhunjhunu,Scholarships,local commercial,4 - long tail local
scholarship guidance in Banswara,/study-abroad-consultants-in-banswara,Scholarships,local commercial,4 - long tail local
scholarship guidance in Barmer,/study-abroad-consultants-in-barmer,Scholarships,local commercial,4 - long tail local
scholarship guidance in Jaisalmer,/study-abroad-consultants-in-jaisalmer,Scholarships,local commercial,4 - long tail local
scholarship guidance in Nagaur,/study-abroad-consultants-in-nagaur,Scholarships,local commercial,4 - long tail local
scholarship guidance in Tonk,/study-abroad-consultants-in-tonk,Scholarships,local commercial,4 - long tail local
scholarship guidance in Dausa,/study-abroad-consultants-in-dausa,Scholarships,local commercial,4 - long tail local
scholarship guidance in Baran,/study-abroad-consultants-in-baran,Scholarships,local commercial,4 - long tail local
scholarship guidance in Sagar,/study-abroad-consultants-in-sagar,Scholarships,local commercial,4 - long tail local
scholarship guidance in Dewas,/study-abroad-consultants-in-dewas,Scholarships,local commercial,4 - long tail local
scholarship guidance in Satna,/study-abroad-consultants-in-satna,Scholarships,local commercial,4 - long tail local
scholarship guidance in Ratlam,/study-abroad-consultants-in-ratlam,Scholarships,local commercial,4 - long tail local
scholarship guidance in Rewa,/study-abroad-consultants-in-rewa,Scholarships,local commercial,4 - long tail local
scholarship guidance in Katni,/study-abroad-consultants-in-katni,Scholarships,local commercial,4 - long tail local
scholarship guidance in Singrauli,/study-abroad-consultants-in-singrauli,Scholarships,local commercial,4 - long tail local
scholarship guidance in Burhanpur,/study-abroad-consultants-in-burhanpur,Scholarships,local commercial,4 - long tail local
scholarship guidance in Khandwa,/study-abroad-consultants-in-khandwa,Scholarships,local commercial,4 - long tail local
scholarship guidance in Morena,/study-abroad-consultants-in-morena,Scholarships,local commercial,4 - long tail local
scholarship guidance in Bhind,/study-abroad-consultants-in-bhind,Scholarships,local commercial,4 - long tail local
scholarship guidance in Chhindwara,/study-abroad-consultants-in-chhindwara,Scholarships,local commercial,4 - long tail local
scholarship guidance in Guna,/study-abroad-consultants-in-guna,Scholarships,local commercial,4 - long tail local
scholarship guidance in Shivpuri,/study-abroad-consultants-in-shivpuri,Scholarships,local commercial,4 - long tail local
scholarship guidance in Vidisha,/study-abroad-consultants-in-vidisha,Scholarships,local commercial,4 - long tail local
scholarship guidance in Chhatarpur,/study-abroad-consultants-in-chhatarpur,Scholarships,local commercial,4 - long tail local
scholarship guidance in Damoh,/study-abroad-consultants-in-damoh,Scholarships,local commercial,4 - long tail local
scholarship guidance in Mandsaur,/study-abroad-consultants-in-mandsaur,Scholarships,local commercial,4 - long tail local
scholarship guidance in Neemuch,/study-abroad-consultants-in-neemuch,Scholarships,local commercial,4 - long tail local
scholarship guidance in Narmadapuram,/study-abroad-consultants-in-narmadapuram,Scholarships,local commercial,4 - long tail local
scholarship guidance in Hoshiarpur,/study-abroad-consultants-in-hoshiarpur,Scholarships,local commercial,4 - long tail local
scholarship guidance in Pathankot,/study-abroad-consultants-in-pathankot,Scholarships,local commercial,4 - long tail local
scholarship guidance in Moga,/study-abroad-consultants-in-moga,Scholarships,local commercial,4 - long tail local
scholarship guidance in Batala,/study-abroad-consultants-in-batala,Scholarships,local commercial,4 - long tail local
scholarship guidance in Firozpur,/study-abroad-consultants-in-firozpur,Scholarships,local commercial,4 - long tail local
scholarship guidance in Kapurthala,/study-abroad-consultants-in-kapurthala,Scholarships,local commercial,4 - long tail local
scholarship guidance in Phagwara,/study-abroad-consultants-in-phagwara,Scholarships,local commercial,4 - long tail local
scholarship guidance in Barnala,/study-abroad-consultants-in-barnala,Scholarships,local commercial,4 - long tail local
scholarship guidance in Sangrur,/study-abroad-consultants-in-sangrur,Scholarships,local commercial,4 - long tail local
scholarship guidance in Khanna,/study-abroad-consultants-in-khanna,Scholarships,local commercial,4 - long tail local
scholarship guidance in Muktsar,/study-abroad-consultants-in-muktsar,Scholarships,local commercial,4 - long tail local
scholarship guidance in Faridkot,/study-abroad-consultants-in-faridkot,Scholarships,local commercial,4 - long tail local
scholarship guidance in Rajpura,/study-abroad-consultants-in-rajpura,Scholarships,local commercial,4 - long tail local
scholarship guidance in Gurdaspur,/study-abroad-consultants-in-gurdaspur,Scholarships,local commercial,4 - long tail local
scholarship guidance in Sonipat,/study-abroad-consultants-in-sonipat,Scholarships,local commercial,4 - long tail local
scholarship guidance in Panchkula,/study-abroad-consultants-in-panchkula,Scholarships,local commercial,4 - long tail local
scholarship guidance in Bhiwani,/study-abroad-consultants-in-bhiwani,Scholarships,local commercial,4 - long tail local
scholarship guidance in Sirsa,/study-abroad-consultants-in-sirsa,Scholarships,local commercial,4 - long tail local
scholarship guidance in Bahadurgarh,/study-abroad-consultants-in-bahadurgarh,Scholarships,local commercial,4 - long tail local
scholarship guidance in Jind,/study-abroad-consultants-in-jind,Scholarships,local commercial,4 - long tail local
scholarship guidance in Kurukshetra,/study-abroad-consultants-in-kurukshetra,Scholarships,local commercial,4 - long tail local
scholarship guidance in Kaithal,/study-abroad-consultants-in-kaithal,Scholarships,local commercial,4 - long tail local
scholarship guidance in Rewari,/study-abroad-consultants-in-rewari,Scholarships,local commercial,4 - long tail local
scholarship guidance in Palwal,/study-abroad-consultants-in-palwal,Scholarships,local commercial,4 - long tail local
scholarship guidance in Fatehabad,/study-abroad-consultants-in-fatehabad,Scholarships,local commercial,4 - long tail local
scholarship guidance in Narnaul,/study-abroad-consultants-in-narnaul,Scholarships,local commercial,4 - long tail local
scholarship guidance in Anantapur,/study-abroad-consultants-in-anantapur,Scholarships,local commercial,4 - long tail local
scholarship guidance in Kadapa,/study-abroad-consultants-in-kadapa,Scholarships,local commercial,4 - long tail local
scholarship guidance in Vizianagaram,/study-abroad-consultants-in-vizianagaram,Scholarships,local commercial,4 - long tail local
scholarship guidance in Eluru,/study-abroad-consultants-in-eluru,Scholarships,local commercial,4 - long tail local
scholarship guidance in Ongole,/study-abroad-consultants-in-ongole,Scholarships,local commercial,4 - long tail local
scholarship guidance in Nandyal,/study-abroad-consultants-in-nandyal,Scholarships,local commercial,4 - long tail local
scholarship guidance in Machilipatnam,/study-abroad-consultants-in-machilipatnam,Scholarships,local commercial,4 - long tail local
scholarship guidance in Adoni,/study-abroad-consultants-in-adoni,Scholarships,local commercial,4 - long tail local
scholarship guidance in Tenali,/study-abroad-consultants-in-tenali,Scholarships,local commercial,4 - long tail local
scholarship guidance in Proddatur,/study-abroad-consultants-in-proddatur,Scholarships,local commercial,4 - long tail local
scholarship guidance in Chittoor,/study-abroad-consultants-in-chittoor,Scholarships,local commercial,4 - long tail local
scholarship guidance in Hindupur,/study-abroad-consultants-in-hindupur,Scholarships,local commercial,4 - long tail local
scholarship guidance in Bhimavaram,/study-abroad-consultants-in-bhimavaram,Scholarships,local commercial,4 - long tail local
scholarship guidance in Srikakulam,/study-abroad-consultants-in-srikakulam,Scholarships,local commercial,4 - long tail local
scholarship guidance in Amaravati,/study-abroad-consultants-in-amaravati,Scholarships,local commercial,4 - long tail local
scholarship guidance in Purnia,/study-abroad-consultants-in-purnia,Scholarships,local commercial,4 - long tail local
scholarship guidance in Arrah,/study-abroad-consultants-in-arrah,Scholarships,local commercial,4 - long tail local
scholarship guidance in Begusarai,/study-abroad-consultants-in-begusarai,Scholarships,local commercial,4 - long tail local
scholarship guidance in Katihar,/study-abroad-consultants-in-katihar,Scholarships,local commercial,4 - long tail local
scholarship guidance in Munger,/study-abroad-consultants-in-munger,Scholarships,local commercial,4 - long tail local
scholarship guidance in Chhapra,/study-abroad-consultants-in-chhapra,Scholarships,local commercial,4 - long tail local
scholarship guidance in Danapur,/study-abroad-consultants-in-danapur,Scholarships,local commercial,4 - long tail local
scholarship guidance in Saharsa,/study-abroad-consultants-in-saharsa,Scholarships,local commercial,4 - long tail local
scholarship guidance in Sasaram,/study-abroad-consultants-in-sasaram,Scholarships,local commercial,4 - long tail local
scholarship guidance in Hajipur,/study-abroad-consultants-in-hajipur,Scholarships,local commercial,4 - long tail local
scholarship guidance in Dehri,/study-abroad-consultants-in-dehri,Scholarships,local commercial,4 - long tail local
scholarship guidance in Siwan,/study-abroad-consultants-in-siwan,Scholarships,local commercial,4 - long tail local
scholarship guidance in Motihari,/study-abroad-consultants-in-motihari,Scholarships,local commercial,4 - long tail local
scholarship guidance in Nawada,/study-abroad-consultants-in-nawada,Scholarships,local commercial,4 - long tail local
scholarship guidance in Bettiah,/study-abroad-consultants-in-bettiah,Scholarships,local commercial,4 - long tail local
scholarship guidance in Bihar Sharif,/study-abroad-consultants-in-bihar-sharif,Scholarships,local commercial,4 - long tail local
scholarship guidance in Sambalpur,/study-abroad-consultants-in-sambalpur,Scholarships,local commercial,4 - long tail local
scholarship guidance in Puri,/study-abroad-consultants-in-puri,Scholarships,local commercial,4 - long tail local
scholarship guidance in Balasore,/study-abroad-consultants-in-balasore,Scholarships,local commercial,4 - long tail local
scholarship guidance in Bhadrak,/study-abroad-consultants-in-bhadrak,Scholarships,local commercial,4 - long tail local
scholarship guidance in Baripada,/study-abroad-consultants-in-baripada,Scholarships,local commercial,4 - long tail local
scholarship guidance in Jharsuguda,/study-abroad-consultants-in-jharsuguda,Scholarships,local commercial,4 - long tail local
scholarship guidance in Jeypore,/study-abroad-consultants-in-jeypore,Scholarships,local commercial,4 - long tail local
scholarship guidance in Angul,/study-abroad-consultants-in-angul,Scholarships,local commercial,4 - long tail local
scholarship guidance in Dhenkanal,/study-abroad-consultants-in-dhenkanal,Scholarships,local commercial,4 - long tail local
scholarship guidance in Rayagada,/study-abroad-consultants-in-rayagada,Scholarships,local commercial,4 - long tail local
scholarship guidance in Deoghar,/study-abroad-consultants-in-deoghar,Scholarships,local commercial,4 - long tail local
scholarship guidance in Hazaribagh,/study-abroad-consultants-in-hazaribagh,Scholarships,local commercial,4 - long tail local
scholarship guidance in Giridih,/study-abroad-consultants-in-giridih,Scholarships,local commercial,4 - long tail local
scholarship guidance in Ramgarh,/study-abroad-consultants-in-ramgarh,Scholarships,local commercial,4 - long tail local
scholarship guidance in Phusro,/study-abroad-consultants-in-phusro,Scholarships,local commercial,4 - long tail local
scholarship guidance in Medininagar,/study-abroad-consultants-in-medininagar,Scholarships,local commercial,4 - long tail local
scholarship guidance in Chaibasa,/study-abroad-consultants-in-chaibasa,Scholarships,local commercial,4 - long tail local
scholarship guidance in Dumka,/study-abroad-consultants-in-dumka,Scholarships,local commercial,4 - long tail local
scholarship guidance in Durg,/study-abroad-consultants-in-durg,Scholarships,local commercial,4 - long tail local
scholarship guidance in Rajnandgaon,/study-abroad-consultants-in-rajnandgaon,Scholarships,local commercial,4 - long tail local
scholarship guidance in Jagdalpur,/study-abroad-consultants-in-jagdalpur,Scholarships,local commercial,4 - long tail local
scholarship guidance in Raigarh,/study-abroad-consultants-in-raigarh,Scholarships,local commercial,4 - long tail local
scholarship guidance in Ambikapur,/study-abroad-consultants-in-ambikapur,Scholarships,local commercial,4 - long tail local
scholarship guidance in Dhamtari,/study-abroad-consultants-in-dhamtari,Scholarships,local commercial,4 - long tail local
scholarship guidance in Mahasamund,/study-abroad-consultants-in-mahasamund,Scholarships,local commercial,4 - long tail local
scholarship guidance in Dibrugarh,/study-abroad-consultants-in-dibrugarh,Scholarships,local commercial,4 - long tail local
scholarship guidance in Jorhat,/study-abroad-consultants-in-jorhat,Scholarships,local commercial,4 - long tail local
scholarship guidance in Nagaon,/study-abroad-consultants-in-nagaon,Scholarships,local commercial,4 - long tail local
scholarship guidance in Tinsukia,/study-abroad-consultants-in-tinsukia,Scholarships,local commercial,4 - long tail local
scholarship guidance in Tezpur,/study-abroad-consultants-in-tezpur,Scholarships,local commercial,4 - long tail local
scholarship guidance in Bongaigaon,/study-abroad-consultants-in-bongaigaon,Scholarships,local commercial,4 - long tail local
scholarship guidance in Dhubri,/study-abroad-consultants-in-dhubri,Scholarships,local commercial,4 - long tail local
scholarship guidance in Sivasagar,/study-abroad-consultants-in-sivasagar,Scholarships,local commercial,4 - long tail local
scholarship guidance in Goalpara,/study-abroad-consultants-in-goalpara,Scholarships,local commercial,4 - long tail local
scholarship guidance in Diphu,/study-abroad-consultants-in-diphu,Scholarships,local commercial,4 - long tail local
scholarship guidance in Dispur,/study-abroad-consultants-in-dispur,Scholarships,local commercial,4 - long tail local
scholarship guidance in Haldwani,/study-abroad-consultants-in-haldwani,Scholarships,local commercial,4 - long tail local
scholarship guidance in Roorkee,/study-abroad-consultants-in-roorkee,Scholarships,local commercial,4 - long tail local
scholarship guidance in Rudrapur,/study-abroad-consultants-in-rudrapur,Scholarships,local commercial,4 - long tail local
scholarship guidance in Kashipur,/study-abroad-consultants-in-kashipur,Scholarships,local commercial,4 - long tail local
scholarship guidance in Rishikesh,/study-abroad-consultants-in-rishikesh,Scholarships,local commercial,4 - long tail local
scholarship guidance in Nainital,/study-abroad-consultants-in-nainital,Scholarships,local commercial,4 - long tail local
scholarship guidance in Pithoragarh,/study-abroad-consultants-in-pithoragarh,Scholarships,local commercial,4 - long tail local
scholarship guidance in Almora,/study-abroad-consultants-in-almora,Scholarships,local commercial,4 - long tail local
scholarship guidance in Mussoorie,/study-abroad-consultants-in-mussoorie,Scholarships,local commercial,4 - long tail local
scholarship guidance in Solan,/study-abroad-consultants-in-solan,Scholarships,local commercial,4 - long tail local
scholarship guidance in Dharamshala,/study-abroad-consultants-in-dharamshala,Scholarships,local commercial,4 - long tail local
scholarship guidance in Mandi,/study-abroad-consultants-in-mandi,Scholarships,local commercial,4 - long tail local
scholarship guidance in Kullu,/study-abroad-consultants-in-kullu,Scholarships,local commercial,4 - long tail local
scholarship guidance in Una,/study-abroad-consultants-in-una,Scholarships,local commercial,4 - long tail local
scholarship guidance in Hamirpur,/study-abroad-consultants-in-hamirpur,Scholarships,local commercial,4 - long tail local
scholarship guidance in Bilaspur,/study-abroad-consultants-in-bilaspur,Scholarships,local commercial,4 - long tail local
scholarship guidance in Chamba,/study-abroad-consultants-in-chamba,Scholarships,local commercial,4 - long tail local
scholarship guidance in Nahan,/study-abroad-consultants-in-nahan,Scholarships,local commercial,4 - long tail local
scholarship guidance in Baddi,/study-abroad-consultants-in-baddi,Scholarships,local commercial,4 - long tail local
scholarship guidance in Palampur,/study-abroad-consultants-in-palampur,Scholarships,local commercial,4 - long tail local
scholarship guidance in Margao,/study-abroad-consultants-in-margao,Scholarships,local commercial,4 - long tail local
scholarship guidance in Vasco da Gama,/study-abroad-consultants-in-vasco-da-gama,Scholarships,local commercial,4 - long tail local
scholarship guidance in Mapusa,/study-abroad-consultants-in-mapusa,Scholarships,local commercial,4 - long tail local
scholarship guidance in Ponda,/study-abroad-consultants-in-ponda,Scholarships,local commercial,4 - long tail local
scholarship guidance in Porvorim,/study-abroad-consultants-in-porvorim,Scholarships,local commercial,4 - long tail local
scholarship guidance in Anantnag,/study-abroad-consultants-in-anantnag,Scholarships,local commercial,4 - long tail local
scholarship guidance in Baramulla,/study-abroad-consultants-in-baramulla,Scholarships,local commercial,4 - long tail local
scholarship guidance in Udhampur,/study-abroad-consultants-in-udhampur,Scholarships,local commercial,4 - long tail local
scholarship guidance in Kathua,/study-abroad-consultants-in-kathua,Scholarships,local commercial,4 - long tail local
scholarship guidance in Sopore,/study-abroad-consultants-in-sopore,Scholarships,local commercial,4 - long tail local
scholarship guidance in Kupwara,/study-abroad-consultants-in-kupwara,Scholarships,local commercial,4 - long tail local
scholarship guidance in Karaikal,/study-abroad-consultants-in-karaikal,Scholarships,local commercial,4 - long tail local
scholarship guidance in Yanam,/study-abroad-consultants-in-yanam,Scholarships,local commercial,4 - long tail local
scholarship guidance in Mahe,/study-abroad-consultants-in-mahe,Scholarships,local commercial,4 - long tail local
scholarship guidance in Udaipur,/study-abroad-consultants-in-udaipur,Scholarships,local commercial,4 - long tail local
scholarship guidance in Dharmanagar,/study-abroad-consultants-in-dharmanagar,Scholarships,local commercial,4 - long tail local
scholarship guidance in Kailashahar,/study-abroad-consultants-in-kailashahar,Scholarships,local commercial,4 - long tail local
scholarship guidance in Thoubal,/study-abroad-consultants-in-thoubal,Scholarships,local commercial,4 - long tail local
scholarship guidance in Churachandpur,/study-abroad-consultants-in-churachandpur,Scholarships,local commercial,4 - long tail local
scholarship guidance in Bishnupur,/study-abroad-consultants-in-bishnupur,Scholarships,local commercial,4 - long tail local
scholarship guidance in Tura,/study-abroad-consultants-in-tura,Scholarships,local commercial,4 - long tail local
scholarship guidance in Jowai,/study-abroad-consultants-in-jowai,Scholarships,local commercial,4 - long tail local
scholarship guidance in Nongstoin,/study-abroad-consultants-in-nongstoin,Scholarships,local commercial,4 - long tail local
scholarship guidance in Mokokchung,/study-abroad-consultants-in-mokokchung,Scholarships,local commercial,4 - long tail local
scholarship guidance in Tuensang,/study-abroad-consultants-in-tuensang,Scholarships,local commercial,4 - long tail local
scholarship guidance in Lunglei,/study-abroad-consultants-in-lunglei,Scholarships,local commercial,4 - long tail local
scholarship guidance in Champhai,/study-abroad-consultants-in-champhai,Scholarships,local commercial,4 - long tail local
scholarship guidance in Naharlagun,/study-abroad-consultants-in-naharlagun,Scholarships,local commercial,4 - long tail local
scholarship guidance in Pasighat,/study-abroad-consultants-in-pasighat,Scholarships,local commercial,4 - long tail local
scholarship guidance in Tezu,/study-abroad-consultants-in-tezu,Scholarships,local commercial,4 - long tail local
scholarship guidance in Namchi,/study-abroad-consultants-in-namchi,Scholarships,local commercial,4 - long tail local
scholarship guidance in Gyalshing,/study-abroad-consultants-in-gyalshing,Scholarships,local commercial,4 - long tail local
scholarship guidance in Mangan,/study-abroad-consultants-in-mangan,Scholarships,local commercial,4 - long tail local
scholarship guidance in Port Blair,/study-abroad-consultants-in-port-blair,Scholarships,local commercial,4 - long tail local
scholarship guidance in Car Nicobar,/study-abroad-consultants-in-car-nicobar,Scholarships,local commercial,4 - long tail local
scholarship guidance in Leh,/study-abroad-consultants-in-leh,Scholarships,local commercial,4 - long tail local
scholarship guidance in Kargil,/study-abroad-consultants-in-kargil,Scholarships,local commercial,4 - long tail local
scholarship guidance in Silvassa,/study-abroad-consultants-in-silvassa,Scholarships,local commercial,4 - long tail local
scholarship guidance in Daman,/study-abroad-consultants-in-daman,Scholarships,local commercial,4 - long tail local
scholarship guidance in Diu,/study-abroad-consultants-in-diu,Scholarships,local commercial,4 - long tail local
student accommodation abroad,/student-accommodation,Accommodation,commercial,1 - head
student housing assistance,/student-accommodation,Accommodation,commercial,1 - head
on campus vs off campus accommodation,/student-accommodation,Accommodation,commercial,2 - body
student accommodation cost abroad,/student-accommodation,Accommodation,commercial,2 - body
how to find student housing abroad,/student-accommodation,Accommodation,commercial,2 - body
student accommodation booking help,/student-accommodation,Accommodation,commercial,2 - body
how much does student accommodation cost in the UK,/student-accommodation,Accommodation,informational,3 - long tail / AEO
when should I book student accommodation abroad,/student-accommodation,Accommodation,informational,3 - long tail / AEO
is on campus housing cheaper,/student-accommodation,Accommodation,informational,3 - long tail / AEO
student accommodation help in Mumbai,/study-abroad-consultants-in-mumbai,Accommodation,local commercial,2 - body
student accommodation help in Pune,/study-abroad-consultants-in-pune,Accommodation,local commercial,2 - body
student accommodation help in Nagpur,/study-abroad-consultants-in-nagpur,Accommodation,local commercial,2 - body
student accommodation help in Thane,/study-abroad-consultants-in-thane,Accommodation,local commercial,2 - body
student accommodation help in Nashik,/study-abroad-consultants-in-nashik,Accommodation,local commercial,2 - body
student accommodation help in Navi Mumbai,/study-abroad-consultants-in-navi-mumbai,Accommodation,local commercial,2 - body
student accommodation help in Pimpri-Chinchwad,/study-abroad-consultants-in-pimpri-chinchwad,Accommodation,local commercial,2 - body
student accommodation help in Kalyan-Dombivli,/study-abroad-consultants-in-kalyan-dombivli,Accommodation,local commercial,2 - body
student accommodation help in Vasai-Virar,/study-abroad-consultants-in-vasai-virar,Accommodation,local commercial,2 - body
student accommodation help in Chhatrapati Sambhajinagar,/study-abroad-consultants-in-chhatrapati-sambhajinagar,Accommodation,local commercial,2 - body
student accommodation help in Solapur,/study-abroad-consultants-in-solapur,Accommodation,local commercial,2 - body
student accommodation help in Kolhapur,/study-abroad-consultants-in-kolhapur,Accommodation,local commercial,2 - body
student accommodation help in Amravati,/study-abroad-consultants-in-amravati,Accommodation,local commercial,2 - body
student accommodation help in Mira-Bhayandar,/study-abroad-consultants-in-mira-bhayandar,Accommodation,local commercial,2 - body
student accommodation help in Bengaluru,/study-abroad-consultants-in-bengaluru,Accommodation,local commercial,2 - body
student accommodation help in Mysuru,/study-abroad-consultants-in-mysuru,Accommodation,local commercial,2 - body
student accommodation help in Hubballi-Dharwad,/study-abroad-consultants-in-hubballi-dharwad,Accommodation,local commercial,2 - body
student accommodation help in Mangaluru,/study-abroad-consultants-in-mangaluru,Accommodation,local commercial,2 - body
student accommodation help in Belagavi,/study-abroad-consultants-in-belagavi,Accommodation,local commercial,2 - body
student accommodation help in Kalaburagi,/study-abroad-consultants-in-kalaburagi,Accommodation,local commercial,2 - body
student accommodation help in Davanagere,/study-abroad-consultants-in-davanagere,Accommodation,local commercial,2 - body
student accommodation help in Ballari,/study-abroad-consultants-in-ballari,Accommodation,local commercial,2 - body
student accommodation help in Chennai,/study-abroad-consultants-in-chennai,Accommodation,local commercial,2 - body
student accommodation help in Coimbatore,/study-abroad-consultants-in-coimbatore,Accommodation,local commercial,2 - body
student accommodation help in Madurai,/study-abroad-consultants-in-madurai,Accommodation,local commercial,2 - body
student accommodation help in Tiruchirappalli,/study-abroad-consultants-in-tiruchirappalli,Accommodation,local commercial,2 - body
student accommodation help in Salem,/study-abroad-consultants-in-salem,Accommodation,local commercial,2 - body
student accommodation help in Tirunelveli,/study-abroad-consultants-in-tirunelveli,Accommodation,local commercial,2 - body
student accommodation help in Tiruppur,/study-abroad-consultants-in-tiruppur,Accommodation,local commercial,2 - body
student accommodation help in Erode,/study-abroad-consultants-in-erode,Accommodation,local commercial,2 - body
student accommodation help in Vellore,/study-abroad-consultants-in-vellore,Accommodation,local commercial,2 - body
student accommodation help in Hyderabad,/study-abroad-consultants-in-hyderabad,Accommodation,local commercial,2 - body
student accommodation help in Warangal,/study-abroad-consultants-in-warangal,Accommodation,local commercial,2 - body
student accommodation help in Nizamabad,/study-abroad-consultants-in-nizamabad,Accommodation,local commercial,2 - body
student accommodation help in Karimnagar,/study-abroad-consultants-in-karimnagar,Accommodation,local commercial,2 - body
student accommodation help in Khammam,/study-abroad-consultants-in-khammam,Accommodation,local commercial,2 - body
student accommodation help in Secunderabad,/study-abroad-consultants-in-secunderabad,Accommodation,local commercial,2 - body
student accommodation help in New Delhi,/study-abroad-consultants-in-new-delhi,Accommodation,local commercial,2 - body
student accommodation help in Ahmedabad,/study-abroad-consultants-in-ahmedabad,Accommodation,local commercial,2 - body
student accommodation help in Surat,/study-abroad-consultants-in-surat,Accommodation,local commercial,2 - body
student accommodation help in Vadodara,/study-abroad-consultants-in-vadodara,Accommodation,local commercial,2 - body
student accommodation help in Rajkot,/study-abroad-consultants-in-rajkot,Accommodation,local commercial,2 - body
student accommodation help in Bhavnagar,/study-abroad-consultants-in-bhavnagar,Accommodation,local commercial,2 - body
student accommodation help in Jamnagar,/study-abroad-consultants-in-jamnagar,Accommodation,local commercial,2 - body
student accommodation help in Gandhinagar,/study-abroad-consultants-in-gandhinagar,Accommodation,local commercial,2 - body
student accommodation help in Thiruvananthapuram,/study-abroad-consultants-in-thiruvananthapuram,Accommodation,local commercial,2 - body
student accommodation help in Kochi,/study-abroad-consultants-in-kochi,Accommodation,local commercial,2 - body
student accommodation help in Kozhikode,/study-abroad-consultants-in-kozhikode,Accommodation,local commercial,2 - body
student accommodation help in Thrissur,/study-abroad-consultants-in-thrissur,Accommodation,local commercial,2 - body
student accommodation help in Kollam,/study-abroad-consultants-in-kollam,Accommodation,local commercial,2 - body
student accommodation help in Kannur,/study-abroad-consultants-in-kannur,Accommodation,local commercial,2 - body
student accommodation help in Kolkata,/study-abroad-consultants-in-kolkata,Accommodation,local commercial,2 - body
student accommodation help in Howrah,/study-abroad-consultants-in-howrah,Accommodation,local commercial,2 - body
student accommodation help in Durgapur,/study-abroad-consultants-in-durgapur,Accommodation,local commercial,2 - body
student accommodation help in Asansol,/study-abroad-consultants-in-asansol,Accommodation,local commercial,2 - body
student accommodation help in Siliguri,/study-abroad-consultants-in-siliguri,Accommodation,local commercial,2 - body
student accommodation help in Lucknow,/study-abroad-consultants-in-lucknow,Accommodation,local commercial,2 - body
student accommodation help in Kanpur,/study-abroad-consultants-in-kanpur,Accommodation,local commercial,2 - body
student accommodation help in Ghaziabad,/study-abroad-consultants-in-ghaziabad,Accommodation,local commercial,2 - body
student accommodation help in Agra,/study-abroad-consultants-in-agra,Accommodation,local commercial,2 - body
student accommodation help in Varanasi,/study-abroad-consultants-in-varanasi,Accommodation,local commercial,2 - body
student accommodation help in Meerut,/study-abroad-consultants-in-meerut,Accommodation,local commercial,2 - body
student accommodation help in Prayagraj,/study-abroad-consultants-in-prayagraj,Accommodation,local commercial,2 - body
student accommodation help in Noida,/study-abroad-consultants-in-noida,Accommodation,local commercial,2 - body
student accommodation help in Bareilly,/study-abroad-consultants-in-bareilly,Accommodation,local commercial,2 - body
student accommodation help in Aligarh,/study-abroad-consultants-in-aligarh,Accommodation,local commercial,2 - body
student accommodation help in Moradabad,/study-abroad-consultants-in-moradabad,Accommodation,local commercial,2 - body
student accommodation help in Gorakhpur,/study-abroad-consultants-in-gorakhpur,Accommodation,local commercial,2 - body
student accommodation help in Saharanpur,/study-abroad-consultants-in-saharanpur,Accommodation,local commercial,2 - body
student accommodation help in Greater Noida,/study-abroad-consultants-in-greater-noida,Accommodation,local commercial,2 - body
student accommodation help in Jaipur,/study-abroad-consultants-in-jaipur,Accommodation,local commercial,2 - body
student accommodation help in Jodhpur,/study-abroad-consultants-in-jodhpur,Accommodation,local commercial,2 - body
student accommodation help in Kota,/study-abroad-consultants-in-kota,Accommodation,local commercial,2 - body
student accommodation help in Bikaner,/study-abroad-consultants-in-bikaner,Accommodation,local commercial,2 - body
student accommodation help in Ajmer,/study-abroad-consultants-in-ajmer,Accommodation,local commercial,2 - body
student accommodation help in Udaipur,/study-abroad-consultants-in-udaipur,Accommodation,local commercial,2 - body
student accommodation help in Indore,/study-abroad-consultants-in-indore,Accommodation,local commercial,2 - body
student accommodation help in Bhopal,/study-abroad-consultants-in-bhopal,Accommodation,local commercial,2 - body
student accommodation help in Jabalpur,/study-abroad-consultants-in-jabalpur,Accommodation,local commercial,2 - body
student accommodation help in Gwalior,/study-abroad-consultants-in-gwalior,Accommodation,local commercial,2 - body
student accommodation help in Ujjain,/study-abroad-consultants-in-ujjain,Accommodation,local commercial,2 - body
student accommodation help in Ludhiana,/study-abroad-consultants-in-ludhiana,Accommodation,local commercial,2 - body
student accommodation help in Amritsar,/study-abroad-consultants-in-amritsar,Accommodation,local commercial,2 - body
student accommodation help in Jalandhar,/study-abroad-consultants-in-jalandhar,Accommodation,local commercial,2 - body
student accommodation help in Patiala,/study-abroad-consultants-in-patiala,Accommodation,local commercial,2 - body
student accommodation help in Bathinda,/study-abroad-consultants-in-bathinda,Accommodation,local commercial,2 - body
student accommodation help in Mohali,/study-abroad-consultants-in-mohali,Accommodation,local commercial,2 - body
student accommodation help in Gurugram,/study-abroad-consultants-in-gurugram,Accommodation,local commercial,2 - body
student accommodation help in Faridabad,/study-abroad-consultants-in-faridabad,Accommodation,local commercial,2 - body
student accommodation help in Panipat,/study-abroad-consultants-in-panipat,Accommodation,local commercial,2 - body
student accommodation help in Ambala,/study-abroad-consultants-in-ambala,Accommodation,local commercial,2 - body
student accommodation help in Yamunanagar,/study-abroad-consultants-in-yamunanagar,Accommodation,local commercial,2 - body
student accommodation help in Rohtak,/study-abroad-consultants-in-rohtak,Accommodation,local commercial,2 - body
student accommodation help in Hisar,/study-abroad-consultants-in-hisar,Accommodation,local commercial,2 - body
student accommodation help in Karnal,/study-abroad-consultants-in-karnal,Accommodation,local commercial,2 - body
student accommodation help in Visakhapatnam,/study-abroad-consultants-in-visakhapatnam,Accommodation,local commercial,2 - body
student accommodation help in Vijayawada,/study-abroad-consultants-in-vijayawada,Accommodation,local commercial,2 - body
student accommodation help in Guntur,/study-abroad-consultants-in-guntur,Accommodation,local commercial,2 - body
student accommodation help in Nellore,/study-abroad-consultants-in-nellore,Accommodation,local commercial,2 - body
student accommodation help in Kurnool,/study-abroad-consultants-in-kurnool,Accommodation,local commercial,2 - body
student accommodation help in Rajahmundry,/study-abroad-consultants-in-rajahmundry,Accommodation,local commercial,2 - body
student accommodation help in Tirupati,/study-abroad-consultants-in-tirupati,Accommodation,local commercial,2 - body
student accommodation help in Kakinada,/study-abroad-consultants-in-kakinada,Accommodation,local commercial,2 - body
student accommodation help in Patna,/study-abroad-consultants-in-patna,Accommodation,local commercial,2 - body
student accommodation help in Gaya,/study-abroad-consultants-in-gaya,Accommodation,local commercial,2 - body
student accommodation help in Bhagalpur,/study-abroad-consultants-in-bhagalpur,Accommodation,local commercial,2 - body
student accommodation help in Muzaffarpur,/study-abroad-consultants-in-muzaffarpur,Accommodation,local commercial,2 - body
student accommodation help in Darbhanga,/study-abroad-consultants-in-darbhanga,Accommodation,local commercial,2 - body
student accommodation help in Bhubaneswar,/study-abroad-consultants-in-bhubaneswar,Accommodation,local commercial,2 - body
student accommodation help in Cuttack,/study-abroad-consultants-in-cuttack,Accommodation,local commercial,2 - body
student accommodation help in Rourkela,/study-abroad-consultants-in-rourkela,Accommodation,local commercial,2 - body
student accommodation help in Berhampur,/study-abroad-consultants-in-berhampur,Accommodation,local commercial,2 - body
student accommodation help in Ranchi,/study-abroad-consultants-in-ranchi,Accommodation,local commercial,2 - body
student accommodation help in Jamshedpur,/study-abroad-consultants-in-jamshedpur,Accommodation,local commercial,2 - body
student accommodation help in Dhanbad,/study-abroad-consultants-in-dhanbad,Accommodation,local commercial,2 - body
student accommodation help in Bokaro,/study-abroad-consultants-in-bokaro,Accommodation,local commercial,2 - body
student accommodation help in Raipur,/study-abroad-consultants-in-raipur,Accommodation,local commercial,2 - body
student accommodation help in Bhilai,/study-abroad-consultants-in-bhilai,Accommodation,local commercial,2 - body
student accommodation help in Bilaspur,/study-abroad-consultants-in-bilaspur,Accommodation,local commercial,2 - body
student accommodation help in Korba,/study-abroad-consultants-in-korba,Accommodation,local commercial,2 - body
student accommodation help in Guwahati,/study-abroad-consultants-in-guwahati,Accommodation,local commercial,2 - body
student accommodation help in Silchar,/study-abroad-consultants-in-silchar,Accommodation,local commercial,2 - body
student accommodation help in Dehradun,/study-abroad-consultants-in-dehradun,Accommodation,local commercial,2 - body
student accommodation help in Haridwar,/study-abroad-consultants-in-haridwar,Accommodation,local commercial,2 - body
student accommodation help in Shimla,/study-abroad-consultants-in-shimla,Accommodation,local commercial,2 - body
student accommodation help in Panaji,/study-abroad-consultants-in-panaji,Accommodation,local commercial,2 - body
student accommodation help in Srinagar,/study-abroad-consultants-in-srinagar,Accommodation,local commercial,2 - body
student accommodation help in Jammu,/study-abroad-consultants-in-jammu,Accommodation,local commercial,2 - body
student accommodation help in Chandigarh,/study-abroad-consultants-in-chandigarh,Accommodation,local commercial,2 - body
student accommodation help in Puducherry,/study-abroad-consultants-in-puducherry,Accommodation,local commercial,2 - body
student accommodation help in Agartala,/study-abroad-consultants-in-agartala,Accommodation,local commercial,2 - body
student accommodation help in Imphal,/study-abroad-consultants-in-imphal,Accommodation,local commercial,2 - body
student accommodation help in Shillong,/study-abroad-consultants-in-shillong,Accommodation,local commercial,2 - body
student accommodation help in Kohima,/study-abroad-consultants-in-kohima,Accommodation,local commercial,2 - body
student accommodation help in Dimapur,/study-abroad-consultants-in-dimapur,Accommodation,local commercial,2 - body
student accommodation help in Aizawl,/study-abroad-consultants-in-aizawl,Accommodation,local commercial,2 - body
student accommodation help in Itanagar,/study-abroad-consultants-in-itanagar,Accommodation,local commercial,2 - body
student accommodation help in Gangtok,/study-abroad-consultants-in-gangtok,Accommodation,local commercial,2 - body
student accommodation help in Bhiwandi,/study-abroad-consultants-in-bhiwandi,Accommodation,local commercial,4 - long tail local
student accommodation help in Nanded,/study-abroad-consultants-in-nanded,Accommodation,local commercial,4 - long tail local
student accommodation help in Sangli,/study-abroad-consultants-in-sangli,Accommodation,local commercial,4 - long tail local
student accommodation help in Jalgaon,/study-abroad-consultants-in-jalgaon,Accommodation,local commercial,4 - long tail local
student accommodation help in Akola,/study-abroad-consultants-in-akola,Accommodation,local commercial,4 - long tail local
student accommodation help in Latur,/study-abroad-consultants-in-latur,Accommodation,local commercial,4 - long tail local
student accommodation help in Dhule,/study-abroad-consultants-in-dhule,Accommodation,local commercial,4 - long tail local
student accommodation help in Ahmednagar,/study-abroad-consultants-in-ahmednagar,Accommodation,local commercial,4 - long tail local
student accommodation help in Chandrapur,/study-abroad-consultants-in-chandrapur,Accommodation,local commercial,4 - long tail local
student accommodation help in Parbhani,/study-abroad-consultants-in-parbhani,Accommodation,local commercial,4 - long tail local
student accommodation help in Ichalkaranji,/study-abroad-consultants-in-ichalkaranji,Accommodation,local commercial,4 - long tail local
student accommodation help in Jalna,/study-abroad-consultants-in-jalna,Accommodation,local commercial,4 - long tail local
student accommodation help in Ambernath,/study-abroad-consultants-in-ambernath,Accommodation,local commercial,4 - long tail local
student accommodation help in Badlapur,/study-abroad-consultants-in-badlapur,Accommodation,local commercial,4 - long tail local
student accommodation help in Panvel,/study-abroad-consultants-in-panvel,Accommodation,local commercial,4 - long tail local
student accommodation help in Satara,/study-abroad-consultants-in-satara,Accommodation,local commercial,4 - long tail local
student accommodation help in Beed,/study-abroad-consultants-in-beed,Accommodation,local commercial,4 - long tail local
student accommodation help in Yavatmal,/study-abroad-consultants-in-yavatmal,Accommodation,local commercial,4 - long tail local
student accommodation help in Wardha,/study-abroad-consultants-in-wardha,Accommodation,local commercial,4 - long tail local
student accommodation help in Ratnagiri,/study-abroad-consultants-in-ratnagiri,Accommodation,local commercial,4 - long tail local
student accommodation help in Ulhasnagar,/study-abroad-consultants-in-ulhasnagar,Accommodation,local commercial,4 - long tail local
student accommodation help in Andheri,/study-abroad-consultants-in-andheri,Accommodation,local commercial,4 - long tail local
student accommodation help in Ghatkopar,/study-abroad-consultants-in-ghatkopar,Accommodation,local commercial,4 - long tail local
student accommodation help in Borivali,/study-abroad-consultants-in-borivali,Accommodation,local commercial,4 - long tail local
student accommodation help in Dadar,/study-abroad-consultants-in-dadar,Accommodation,local commercial,4 - long tail local
student accommodation help in Powai,/study-abroad-consultants-in-powai,Accommodation,local commercial,4 - long tail local
student accommodation help in Vijayapura,/study-abroad-consultants-in-vijayapura,Accommodation,local commercial,4 - long tail local
student accommodation help in Shivamogga,/study-abroad-consultants-in-shivamogga,Accommodation,local commercial,4 - long tail local
student accommodation help in Tumakuru,/study-abroad-consultants-in-tumakuru,Accommodation,local commercial,4 - long tail local
student accommodation help in Raichur,/study-abroad-consultants-in-raichur,Accommodation,local commercial,4 - long tail local
student accommodation help in Bidar,/study-abroad-consultants-in-bidar,Accommodation,local commercial,4 - long tail local
student accommodation help in Hassan,/study-abroad-consultants-in-hassan,Accommodation,local commercial,4 - long tail local
student accommodation help in Udupi,/study-abroad-consultants-in-udupi,Accommodation,local commercial,4 - long tail local
student accommodation help in Gadag,/study-abroad-consultants-in-gadag,Accommodation,local commercial,4 - long tail local
student accommodation help in Chitradurga,/study-abroad-consultants-in-chitradurga,Accommodation,local commercial,4 - long tail local
student accommodation help in Kolar,/study-abroad-consultants-in-kolar,Accommodation,local commercial,4 - long tail local
student accommodation help in Mandya,/study-abroad-consultants-in-mandya,Accommodation,local commercial,4 - long tail local
student accommodation help in Bagalkot,/study-abroad-consultants-in-bagalkot,Accommodation,local commercial,4 - long tail local
student accommodation help in Karwar,/study-abroad-consultants-in-karwar,Accommodation,local commercial,4 - long tail local
student accommodation help in Chikkamagaluru,/study-abroad-consultants-in-chikkamagaluru,Accommodation,local commercial,4 - long tail local
student accommodation help in Whitefield,/study-abroad-consultants-in-whitefield,Accommodation,local commercial,4 - long tail local
student accommodation help in Electronic City,/study-abroad-consultants-in-electronic-city,Accommodation,local commercial,4 - long tail local
student accommodation help in Jayanagar,/study-abroad-consultants-in-jayanagar,Accommodation,local commercial,4 - long tail local
student accommodation help in Thoothukudi,/study-abroad-consultants-in-thoothukudi,Accommodation,local commercial,4 - long tail local
student accommodation help in Thanjavur,/study-abroad-consultants-in-thanjavur,Accommodation,local commercial,4 - long tail local
student accommodation help in Dindigul,/study-abroad-consultants-in-dindigul,Accommodation,local commercial,4 - long tail local
student accommodation help in Cuddalore,/study-abroad-consultants-in-cuddalore,Accommodation,local commercial,4 - long tail local
student accommodation help in Kanchipuram,/study-abroad-consultants-in-kanchipuram,Accommodation,local commercial,4 - long tail local
student accommodation help in Karur,/study-abroad-consultants-in-karur,Accommodation,local commercial,4 - long tail local
student accommodation help in Namakkal,/study-abroad-consultants-in-namakkal,Accommodation,local commercial,4 - long tail local
student accommodation help in Hosur,/study-abroad-consultants-in-hosur,Accommodation,local commercial,4 - long tail local
student accommodation help in Nagercoil,/study-abroad-consultants-in-nagercoil,Accommodation,local commercial,4 - long tail local
student accommodation help in Kumbakonam,/study-abroad-consultants-in-kumbakonam,Accommodation,local commercial,4 - long tail local
student accommodation help in Rajapalayam,/study-abroad-consultants-in-rajapalayam,Accommodation,local commercial,4 - long tail local
student accommodation help in Sivakasi,/study-abroad-consultants-in-sivakasi,Accommodation,local commercial,4 - long tail local
student accommodation help in Pudukkottai,/study-abroad-consultants-in-pudukkottai,Accommodation,local commercial,4 - long tail local
student accommodation help in Ambur,/study-abroad-consultants-in-ambur,Accommodation,local commercial,4 - long tail local
student accommodation help in Villupuram,/study-abroad-consultants-in-villupuram,Accommodation,local commercial,4 - long tail local
student accommodation help in Tambaram,/study-abroad-consultants-in-tambaram,Accommodation,local commercial,4 - long tail local
student accommodation help in Avadi,/study-abroad-consultants-in-avadi,Accommodation,local commercial,4 - long tail local
student accommodation help in Ooty,/study-abroad-consultants-in-ooty,Accommodation,local commercial,4 - long tail local
student accommodation help in Ramagundam,/study-abroad-consultants-in-ramagundam,Accommodation,local commercial,4 - long tail local
student accommodation help in Mahbubnagar,/study-abroad-consultants-in-mahbubnagar,Accommodation,local commercial,4 - long tail local
student accommodation help in Nalgonda,/study-abroad-consultants-in-nalgonda,Accommodation,local commercial,4 - long tail local
student accommodation help in Adilabad,/study-abroad-consultants-in-adilabad,Accommodation,local commercial,4 - long tail local
student accommodation help in Suryapet,/study-abroad-consultants-in-suryapet,Accommodation,local commercial,4 - long tail local
student accommodation help in Siddipet,/study-abroad-consultants-in-siddipet,Accommodation,local commercial,4 - long tail local
student accommodation help in Miryalaguda,/study-abroad-consultants-in-miryalaguda,Accommodation,local commercial,4 - long tail local
student accommodation help in Gachibowli,/study-abroad-consultants-in-gachibowli,Accommodation,local commercial,4 - long tail local
student accommodation help in Kukatpally,/study-abroad-consultants-in-kukatpally,Accommodation,local commercial,4 - long tail local
student accommodation help in Madhapur,/study-abroad-consultants-in-madhapur,Accommodation,local commercial,4 - long tail local
student accommodation help in Dwarka,/study-abroad-consultants-in-dwarka,Accommodation,local commercial,4 - long tail local
student accommodation help in Rohini,/study-abroad-consultants-in-rohini,Accommodation,local commercial,4 - long tail local
student accommodation help in Saket,/study-abroad-consultants-in-saket,Accommodation,local commercial,4 - long tail local
student accommodation help in Laxmi Nagar,/study-abroad-consultants-in-laxmi-nagar,Accommodation,local commercial,4 - long tail local
student accommodation help in Pitampura,/study-abroad-consultants-in-pitampura,Accommodation,local commercial,4 - long tail local
student accommodation help in Janakpuri,/study-abroad-consultants-in-janakpuri,Accommodation,local commercial,4 - long tail local
student accommodation help in Karol Bagh,/study-abroad-consultants-in-karol-bagh,Accommodation,local commercial,4 - long tail local
student accommodation help in Connaught Place,/study-abroad-consultants-in-connaught-place,Accommodation,local commercial,4 - long tail local
student accommodation help in Vasant Kunj,/study-abroad-consultants-in-vasant-kunj,Accommodation,local commercial,4 - long tail local
student accommodation help in Mayur Vihar,/study-abroad-consultants-in-mayur-vihar,Accommodation,local commercial,4 - long tail local
student accommodation help in Rajouri Garden,/study-abroad-consultants-in-rajouri-garden,Accommodation,local commercial,4 - long tail local
student accommodation help in Junagadh,/study-abroad-consultants-in-junagadh,Accommodation,local commercial,4 - long tail local
student accommodation help in Anand,/study-abroad-consultants-in-anand,Accommodation,local commercial,4 - long tail local
student accommodation help in Nadiad,/study-abroad-consultants-in-nadiad,Accommodation,local commercial,4 - long tail local
student accommodation help in Bharuch,/study-abroad-consultants-in-bharuch,Accommodation,local commercial,4 - long tail local
student accommodation help in Mehsana,/study-abroad-consultants-in-mehsana,Accommodation,local commercial,4 - long tail local
student accommodation help in Navsari,/study-abroad-consultants-in-navsari,Accommodation,local commercial,4 - long tail local
student accommodation help in Morbi,/study-abroad-consultants-in-morbi,Accommodation,local commercial,4 - long tail local
student accommodation help in Surendranagar,/study-abroad-consultants-in-surendranagar,Accommodation,local commercial,4 - long tail local
student accommodation help in Gandhidham,/study-abroad-consultants-in-gandhidham,Accommodation,local commercial,4 - long tail local
student accommodation help in Vapi,/study-abroad-consultants-in-vapi,Accommodation,local commercial,4 - long tail local
student accommodation help in Valsad,/study-abroad-consultants-in-valsad,Accommodation,local commercial,4 - long tail local
student accommodation help in Porbandar,/study-abroad-consultants-in-porbandar,Accommodation,local commercial,4 - long tail local
student accommodation help in Veraval,/study-abroad-consultants-in-veraval,Accommodation,local commercial,4 - long tail local
student accommodation help in Patan,/study-abroad-consultants-in-patan,Accommodation,local commercial,4 - long tail local
student accommodation help in Bhuj,/study-abroad-consultants-in-bhuj,Accommodation,local commercial,4 - long tail local
student accommodation help in Palanpur,/study-abroad-consultants-in-palanpur,Accommodation,local commercial,4 - long tail local
student accommodation help in Godhra,/study-abroad-consultants-in-godhra,Accommodation,local commercial,4 - long tail local
student accommodation help in Ankleshwar,/study-abroad-consultants-in-ankleshwar,Accommodation,local commercial,4 - long tail local
student accommodation help in Alappuzha,/study-abroad-consultants-in-alappuzha,Accommodation,local commercial,4 - long tail local
student accommodation help in Palakkad,/study-abroad-consultants-in-palakkad,Accommodation,local commercial,4 - long tail local
student accommodation help in Malappuram,/study-abroad-consultants-in-malappuram,Accommodation,local commercial,4 - long tail local
student accommodation help in Kottayam,/study-abroad-consultants-in-kottayam,Accommodation,local commercial,4 - long tail local
student accommodation help in Pathanamthitta,/study-abroad-consultants-in-pathanamthitta,Accommodation,local commercial,4 - long tail local
student accommodation help in Idukki,/study-abroad-consultants-in-idukki,Accommodation,local commercial,4 - long tail local
student accommodation help in Kasaragod,/study-abroad-consultants-in-kasaragod,Accommodation,local commercial,4 - long tail local
student accommodation help in Wayanad,/study-abroad-consultants-in-wayanad,Accommodation,local commercial,4 - long tail local
student accommodation help in Ernakulam,/study-abroad-consultants-in-ernakulam,Accommodation,local commercial,4 - long tail local
student accommodation help in Manjeri,/study-abroad-consultants-in-manjeri,Accommodation,local commercial,4 - long tail local
student accommodation help in Ponnani,/study-abroad-consultants-in-ponnani,Accommodation,local commercial,4 - long tail local
student accommodation help in Thalassery,/study-abroad-consultants-in-thalassery,Accommodation,local commercial,4 - long tail local
student accommodation help in Bardhaman,/study-abroad-consultants-in-bardhaman,Accommodation,local commercial,4 - long tail local
student accommodation help in Malda,/study-abroad-consultants-in-malda,Accommodation,local commercial,4 - long tail local
student accommodation help in Kharagpur,/study-abroad-consultants-in-kharagpur,Accommodation,local commercial,4 - long tail local
student accommodation help in Haldia,/study-abroad-consultants-in-haldia,Accommodation,local commercial,4 - long tail local
student accommodation help in Darjeeling,/study-abroad-consultants-in-darjeeling,Accommodation,local commercial,4 - long tail local
student accommodation help in Krishnanagar,/study-abroad-consultants-in-krishnanagar,Accommodation,local commercial,4 - long tail local
student accommodation help in Barasat,/study-abroad-consultants-in-barasat,Accommodation,local commercial,4 - long tail local
student accommodation help in Berhampore,/study-abroad-consultants-in-berhampore,Accommodation,local commercial,4 - long tail local
student accommodation help in Bankura,/study-abroad-consultants-in-bankura,Accommodation,local commercial,4 - long tail local
student accommodation help in Jalpaiguri,/study-abroad-consultants-in-jalpaiguri,Accommodation,local commercial,4 - long tail local
student accommodation help in Cooch Behar,/study-abroad-consultants-in-cooch-behar,Accommodation,local commercial,4 - long tail local
student accommodation help in Raiganj,/study-abroad-consultants-in-raiganj,Accommodation,local commercial,4 - long tail local
student accommodation help in Salt Lake,/study-abroad-consultants-in-salt-lake,Accommodation,local commercial,4 - long tail local
student accommodation help in Barrackpore,/study-abroad-consultants-in-barrackpore,Accommodation,local commercial,4 - long tail local
student accommodation help in Serampore,/study-abroad-consultants-in-serampore,Accommodation,local commercial,4 - long tail local
student accommodation help in Jhansi,/study-abroad-consultants-in-jhansi,Accommodation,local commercial,4 - long tail local
student accommodation help in Firozabad,/study-abroad-consultants-in-firozabad,Accommodation,local commercial,4 - long tail local
student accommodation help in Muzaffarnagar,/study-abroad-consultants-in-muzaffarnagar,Accommodation,local commercial,4 - long tail local
student accommodation help in Mathura,/study-abroad-consultants-in-mathura,Accommodation,local commercial,4 - long tail local
student accommodation help in Shahjahanpur,/study-abroad-consultants-in-shahjahanpur,Accommodation,local commercial,4 - long tail local
student accommodation help in Rampur,/study-abroad-consultants-in-rampur,Accommodation,local commercial,4 - long tail local
student accommodation help in Mau,/study-abroad-consultants-in-mau,Accommodation,local commercial,4 - long tail local
student accommodation help in Farrukhabad,/study-abroad-consultants-in-farrukhabad,Accommodation,local commercial,4 - long tail local
student accommodation help in Hapur,/study-abroad-consultants-in-hapur,Accommodation,local commercial,4 - long tail local
student accommodation help in Etawah,/study-abroad-consultants-in-etawah,Accommodation,local commercial,4 - long tail local
student accommodation help in Mirzapur,/study-abroad-consultants-in-mirzapur,Accommodation,local commercial,4 - long tail local
student accommodation help in Bulandshahr,/study-abroad-consultants-in-bulandshahr,Accommodation,local commercial,4 - long tail local
student accommodation help in Sambhal,/study-abroad-consultants-in-sambhal,Accommodation,local commercial,4 - long tail local
student accommodation help in Amroha,/study-abroad-consultants-in-amroha,Accommodation,local commercial,4 - long tail local
student accommodation help in Hardoi,/study-abroad-consultants-in-hardoi,Accommodation,local commercial,4 - long tail local
student accommodation help in Fatehpur,/study-abroad-consultants-in-fatehpur,Accommodation,local commercial,4 - long tail local
student accommodation help in Raebareli,/study-abroad-consultants-in-raebareli,Accommodation,local commercial,4 - long tail local
student accommodation help in Sitapur,/study-abroad-consultants-in-sitapur,Accommodation,local commercial,4 - long tail local
student accommodation help in Bahraich,/study-abroad-consultants-in-bahraich,Accommodation,local commercial,4 - long tail local
student accommodation help in Unnao,/study-abroad-consultants-in-unnao,Accommodation,local commercial,4 - long tail local
student accommodation help in Jaunpur,/study-abroad-consultants-in-jaunpur,Accommodation,local commercial,4 - long tail local
student accommodation help in Lakhimpur,/study-abroad-consultants-in-lakhimpur,Accommodation,local commercial,4 - long tail local
student accommodation help in Ayodhya,/study-abroad-consultants-in-ayodhya,Accommodation,local commercial,4 - long tail local
student accommodation help in Banda,/study-abroad-consultants-in-banda,Accommodation,local commercial,4 - long tail local
student accommodation help in Basti,/study-abroad-consultants-in-basti,Accommodation,local commercial,4 - long tail local
student accommodation help in Deoria,/study-abroad-consultants-in-deoria,Accommodation,local commercial,4 - long tail local
student accommodation help in Bhilwara,/study-abroad-consultants-in-bhilwara,Accommodation,local commercial,4 - long tail local
student accommodation help in Alwar,/study-abroad-consultants-in-alwar,Accommodation,local commercial,4 - long tail local
student accommodation help in Sikar,/study-abroad-consultants-in-sikar,Accommodation,local commercial,4 - long tail local
student accommodation help in Pali,/study-abroad-consultants-in-pali,Accommodation,local commercial,4 - long tail local
student accommodation help in Sri Ganganagar,/study-abroad-consultants-in-sri-ganganagar,Accommodation,local commercial,4 - long tail local
student accommodation help in Bharatpur,/study-abroad-consultants-in-bharatpur,Accommodation,local commercial,4 - long tail local
student accommodation help in Hanumangarh,/study-abroad-consultants-in-hanumangarh,Accommodation,local commercial,4 - long tail local
student accommodation help in Chittorgarh,/study-abroad-consultants-in-chittorgarh,Accommodation,local commercial,4 - long tail local
student accommodation help in Jhunjhunu,/study-abroad-consultants-in-jhunjhunu,Accommodation,local commercial,4 - long tail local
student accommodation help in Banswara,/study-abroad-consultants-in-banswara,Accommodation,local commercial,4 - long tail local
student accommodation help in Barmer,/study-abroad-consultants-in-barmer,Accommodation,local commercial,4 - long tail local
student accommodation help in Jaisalmer,/study-abroad-consultants-in-jaisalmer,Accommodation,local commercial,4 - long tail local
student accommodation help in Nagaur,/study-abroad-consultants-in-nagaur,Accommodation,local commercial,4 - long tail local
student accommodation help in Tonk,/study-abroad-consultants-in-tonk,Accommodation,local commercial,4 - long tail local
student accommodation help in Dausa,/study-abroad-consultants-in-dausa,Accommodation,local commercial,4 - long tail local
student accommodation help in Baran,/study-abroad-consultants-in-baran,Accommodation,local commercial,4 - long tail local
student accommodation help in Sagar,/study-abroad-consultants-in-sagar,Accommodation,local commercial,4 - long tail local
student accommodation help in Dewas,/study-abroad-consultants-in-dewas,Accommodation,local commercial,4 - long tail local
student accommodation help in Satna,/study-abroad-consultants-in-satna,Accommodation,local commercial,4 - long tail local
student accommodation help in Ratlam,/study-abroad-consultants-in-ratlam,Accommodation,local commercial,4 - long tail local
student accommodation help in Rewa,/study-abroad-consultants-in-rewa,Accommodation,local commercial,4 - long tail local
student accommodation help in Katni,/study-abroad-consultants-in-katni,Accommodation,local commercial,4 - long tail local
student accommodation help in Singrauli,/study-abroad-consultants-in-singrauli,Accommodation,local commercial,4 - long tail local
student accommodation help in Burhanpur,/study-abroad-consultants-in-burhanpur,Accommodation,local commercial,4 - long tail local
student accommodation help in Khandwa,/study-abroad-consultants-in-khandwa,Accommodation,local commercial,4 - long tail local
student accommodation help in Morena,/study-abroad-consultants-in-morena,Accommodation,local commercial,4 - long tail local
student accommodation help in Bhind,/study-abroad-consultants-in-bhind,Accommodation,local commercial,4 - long tail local
student accommodation help in Chhindwara,/study-abroad-consultants-in-chhindwara,Accommodation,local commercial,4 - long tail local
student accommodation help in Guna,/study-abroad-consultants-in-guna,Accommodation,local commercial,4 - long tail local
student accommodation help in Shivpuri,/study-abroad-consultants-in-shivpuri,Accommodation,local commercial,4 - long tail local
student accommodation help in Vidisha,/study-abroad-consultants-in-vidisha,Accommodation,local commercial,4 - long tail local
student accommodation help in Chhatarpur,/study-abroad-consultants-in-chhatarpur,Accommodation,local commercial,4 - long tail local
student accommodation help in Damoh,/study-abroad-consultants-in-damoh,Accommodation,local commercial,4 - long tail local
student accommodation help in Mandsaur,/study-abroad-consultants-in-mandsaur,Accommodation,local commercial,4 - long tail local
student accommodation help in Neemuch,/study-abroad-consultants-in-neemuch,Accommodation,local commercial,4 - long tail local
student accommodation help in Narmadapuram,/study-abroad-consultants-in-narmadapuram,Accommodation,local commercial,4 - long tail local
student accommodation help in Hoshiarpur,/study-abroad-consultants-in-hoshiarpur,Accommodation,local commercial,4 - long tail local
student accommodation help in Pathankot,/study-abroad-consultants-in-pathankot,Accommodation,local commercial,4 - long tail local
student accommodation help in Moga,/study-abroad-consultants-in-moga,Accommodation,local commercial,4 - long tail local
student accommodation help in Batala,/study-abroad-consultants-in-batala,Accommodation,local commercial,4 - long tail local
student accommodation help in Firozpur,/study-abroad-consultants-in-firozpur,Accommodation,local commercial,4 - long tail local
student accommodation help in Kapurthala,/study-abroad-consultants-in-kapurthala,Accommodation,local commercial,4 - long tail local
student accommodation help in Phagwara,/study-abroad-consultants-in-phagwara,Accommodation,local commercial,4 - long tail local
student accommodation help in Barnala,/study-abroad-consultants-in-barnala,Accommodation,local commercial,4 - long tail local
student accommodation help in Sangrur,/study-abroad-consultants-in-sangrur,Accommodation,local commercial,4 - long tail local
student accommodation help in Khanna,/study-abroad-consultants-in-khanna,Accommodation,local commercial,4 - long tail local
student accommodation help in Muktsar,/study-abroad-consultants-in-muktsar,Accommodation,local commercial,4 - long tail local
student accommodation help in Faridkot,/study-abroad-consultants-in-faridkot,Accommodation,local commercial,4 - long tail local
student accommodation help in Rajpura,/study-abroad-consultants-in-rajpura,Accommodation,local commercial,4 - long tail local
student accommodation help in Gurdaspur,/study-abroad-consultants-in-gurdaspur,Accommodation,local commercial,4 - long tail local
student accommodation help in Sonipat,/study-abroad-consultants-in-sonipat,Accommodation,local commercial,4 - long tail local
student accommodation help in Panchkula,/study-abroad-consultants-in-panchkula,Accommodation,local commercial,4 - long tail local
student accommodation help in Bhiwani,/study-abroad-consultants-in-bhiwani,Accommodation,local commercial,4 - long tail local
student accommodation help in Sirsa,/study-abroad-consultants-in-sirsa,Accommodation,local commercial,4 - long tail local
student accommodation help in Bahadurgarh,/study-abroad-consultants-in-bahadurgarh,Accommodation,local commercial,4 - long tail local
student accommodation help in Jind,/study-abroad-consultants-in-jind,Accommodation,local commercial,4 - long tail local
student accommodation help in Kurukshetra,/study-abroad-consultants-in-kurukshetra,Accommodation,local commercial,4 - long tail local
student accommodation help in Kaithal,/study-abroad-consultants-in-kaithal,Accommodation,local commercial,4 - long tail local
student accommodation help in Rewari,/study-abroad-consultants-in-rewari,Accommodation,local commercial,4 - long tail local
student accommodation help in Palwal,/study-abroad-consultants-in-palwal,Accommodation,local commercial,4 - long tail local
student accommodation help in Fatehabad,/study-abroad-consultants-in-fatehabad,Accommodation,local commercial,4 - long tail local
student accommodation help in Narnaul,/study-abroad-consultants-in-narnaul,Accommodation,local commercial,4 - long tail local
student accommodation help in Anantapur,/study-abroad-consultants-in-anantapur,Accommodation,local commercial,4 - long tail local
student accommodation help in Kadapa,/study-abroad-consultants-in-kadapa,Accommodation,local commercial,4 - long tail local
student accommodation help in Vizianagaram,/study-abroad-consultants-in-vizianagaram,Accommodation,local commercial,4 - long tail local
student accommodation help in Eluru,/study-abroad-consultants-in-eluru,Accommodation,local commercial,4 - long tail local
student accommodation help in Ongole,/study-abroad-consultants-in-ongole,Accommodation,local commercial,4 - long tail local
student accommodation help in Nandyal,/study-abroad-consultants-in-nandyal,Accommodation,local commercial,4 - long tail local
student accommodation help in Machilipatnam,/study-abroad-consultants-in-machilipatnam,Accommodation,local commercial,4 - long tail local
student accommodation help in Adoni,/study-abroad-consultants-in-adoni,Accommodation,local commercial,4 - long tail local
student accommodation help in Tenali,/study-abroad-consultants-in-tenali,Accommodation,local commercial,4 - long tail local
student accommodation help in Proddatur,/study-abroad-consultants-in-proddatur,Accommodation,local commercial,4 - long tail local
student accommodation help in Chittoor,/study-abroad-consultants-in-chittoor,Accommodation,local commercial,4 - long tail local
student accommodation help in Hindupur,/study-abroad-consultants-in-hindupur,Accommodation,local commercial,4 - long tail local
student accommodation help in Bhimavaram,/study-abroad-consultants-in-bhimavaram,Accommodation,local commercial,4 - long tail local
student accommodation help in Srikakulam,/study-abroad-consultants-in-srikakulam,Accommodation,local commercial,4 - long tail local
student accommodation help in Amaravati,/study-abroad-consultants-in-amaravati,Accommodation,local commercial,4 - long tail local
student accommodation help in Purnia,/study-abroad-consultants-in-purnia,Accommodation,local commercial,4 - long tail local
student accommodation help in Arrah,/study-abroad-consultants-in-arrah,Accommodation,local commercial,4 - long tail local
student accommodation help in Begusarai,/study-abroad-consultants-in-begusarai,Accommodation,local commercial,4 - long tail local
student accommodation help in Katihar,/study-abroad-consultants-in-katihar,Accommodation,local commercial,4 - long tail local
student accommodation help in Munger,/study-abroad-consultants-in-munger,Accommodation,local commercial,4 - long tail local
student accommodation help in Chhapra,/study-abroad-consultants-in-chhapra,Accommodation,local commercial,4 - long tail local
student accommodation help in Danapur,/study-abroad-consultants-in-danapur,Accommodation,local commercial,4 - long tail local
student accommodation help in Saharsa,/study-abroad-consultants-in-saharsa,Accommodation,local commercial,4 - long tail local
student accommodation help in Sasaram,/study-abroad-consultants-in-sasaram,Accommodation,local commercial,4 - long tail local
student accommodation help in Hajipur,/study-abroad-consultants-in-hajipur,Accommodation,local commercial,4 - long tail local
student accommodation help in Dehri,/study-abroad-consultants-in-dehri,Accommodation,local commercial,4 - long tail local
student accommodation help in Siwan,/study-abroad-consultants-in-siwan,Accommodation,local commercial,4 - long tail local
student accommodation help in Motihari,/study-abroad-consultants-in-motihari,Accommodation,local commercial,4 - long tail local
student accommodation help in Nawada,/study-abroad-consultants-in-nawada,Accommodation,local commercial,4 - long tail local
student accommodation help in Bettiah,/study-abroad-consultants-in-bettiah,Accommodation,local commercial,4 - long tail local
student accommodation help in Bihar Sharif,/study-abroad-consultants-in-bihar-sharif,Accommodation,local commercial,4 - long tail local
student accommodation help in Sambalpur,/study-abroad-consultants-in-sambalpur,Accommodation,local commercial,4 - long tail local
student accommodation help in Puri,/study-abroad-consultants-in-puri,Accommodation,local commercial,4 - long tail local
student accommodation help in Balasore,/study-abroad-consultants-in-balasore,Accommodation,local commercial,4 - long tail local
student accommodation help in Bhadrak,/study-abroad-consultants-in-bhadrak,Accommodation,local commercial,4 - long tail local
student accommodation help in Baripada,/study-abroad-consultants-in-baripada,Accommodation,local commercial,4 - long tail local
student accommodation help in Jharsuguda,/study-abroad-consultants-in-jharsuguda,Accommodation,local commercial,4 - long tail local
student accommodation help in Jeypore,/study-abroad-consultants-in-jeypore,Accommodation,local commercial,4 - long tail local
student accommodation help in Angul,/study-abroad-consultants-in-angul,Accommodation,local commercial,4 - long tail local
student accommodation help in Dhenkanal,/study-abroad-consultants-in-dhenkanal,Accommodation,local commercial,4 - long tail local
student accommodation help in Rayagada,/study-abroad-consultants-in-rayagada,Accommodation,local commercial,4 - long tail local
student accommodation help in Deoghar,/study-abroad-consultants-in-deoghar,Accommodation,local commercial,4 - long tail local
student accommodation help in Hazaribagh,/study-abroad-consultants-in-hazaribagh,Accommodation,local commercial,4 - long tail local
student accommodation help in Giridih,/study-abroad-consultants-in-giridih,Accommodation,local commercial,4 - long tail local
student accommodation help in Ramgarh,/study-abroad-consultants-in-ramgarh,Accommodation,local commercial,4 - long tail local
student accommodation help in Phusro,/study-abroad-consultants-in-phusro,Accommodation,local commercial,4 - long tail local
student accommodation help in Medininagar,/study-abroad-consultants-in-medininagar,Accommodation,local commercial,4 - long tail local
student accommodation help in Chaibasa,/study-abroad-consultants-in-chaibasa,Accommodation,local commercial,4 - long tail local
student accommodation help in Dumka,/study-abroad-consultants-in-dumka,Accommodation,local commercial,4 - long tail local
student accommodation help in Durg,/study-abroad-consultants-in-durg,Accommodation,local commercial,4 - long tail local
student accommodation help in Rajnandgaon,/study-abroad-consultants-in-rajnandgaon,Accommodation,local commercial,4 - long tail local
student accommodation help in Jagdalpur,/study-abroad-consultants-in-jagdalpur,Accommodation,local commercial,4 - long tail local
student accommodation help in Raigarh,/study-abroad-consultants-in-raigarh,Accommodation,local commercial,4 - long tail local
student accommodation help in Ambikapur,/study-abroad-consultants-in-ambikapur,Accommodation,local commercial,4 - long tail local
student accommodation help in Dhamtari,/study-abroad-consultants-in-dhamtari,Accommodation,local commercial,4 - long tail local
student accommodation help in Mahasamund,/study-abroad-consultants-in-mahasamund,Accommodation,local commercial,4 - long tail local
student accommodation help in Dibrugarh,/study-abroad-consultants-in-dibrugarh,Accommodation,local commercial,4 - long tail local
student accommodation help in Jorhat,/study-abroad-consultants-in-jorhat,Accommodation,local commercial,4 - long tail local
student accommodation help in Nagaon,/study-abroad-consultants-in-nagaon,Accommodation,local commercial,4 - long tail local
student accommodation help in Tinsukia,/study-abroad-consultants-in-tinsukia,Accommodation,local commercial,4 - long tail local
student accommodation help in Tezpur,/study-abroad-consultants-in-tezpur,Accommodation,local commercial,4 - long tail local
student accommodation help in Bongaigaon,/study-abroad-consultants-in-bongaigaon,Accommodation,local commercial,4 - long tail local
student accommodation help in Dhubri,/study-abroad-consultants-in-dhubri,Accommodation,local commercial,4 - long tail local
student accommodation help in Sivasagar,/study-abroad-consultants-in-sivasagar,Accommodation,local commercial,4 - long tail local
student accommodation help in Goalpara,/study-abroad-consultants-in-goalpara,Accommodation,local commercial,4 - long tail local
student accommodation help in Diphu,/study-abroad-consultants-in-diphu,Accommodation,local commercial,4 - long tail local
student accommodation help in Dispur,/study-abroad-consultants-in-dispur,Accommodation,local commercial,4 - long tail local
student accommodation help in Haldwani,/study-abroad-consultants-in-haldwani,Accommodation,local commercial,4 - long tail local
student accommodation help in Roorkee,/study-abroad-consultants-in-roorkee,Accommodation,local commercial,4 - long tail local
student accommodation help in Rudrapur,/study-abroad-consultants-in-rudrapur,Accommodation,local commercial,4 - long tail local
student accommodation help in Kashipur,/study-abroad-consultants-in-kashipur,Accommodation,local commercial,4 - long tail local
student accommodation help in Rishikesh,/study-abroad-consultants-in-rishikesh,Accommodation,local commercial,4 - long tail local
student accommodation help in Nainital,/study-abroad-consultants-in-nainital,Accommodation,local commercial,4 - long tail local
student accommodation help in Pithoragarh,/study-abroad-consultants-in-pithoragarh,Accommodation,local commercial,4 - long tail local
student accommodation help in Almora,/study-abroad-consultants-in-almora,Accommodation,local commercial,4 - long tail local
student accommodation help in Mussoorie,/study-abroad-consultants-in-mussoorie,Accommodation,local commercial,4 - long tail local
student accommodation help in Solan,/study-abroad-consultants-in-solan,Accommodation,local commercial,4 - long tail local
student accommodation help in Dharamshala,/study-abroad-consultants-in-dharamshala,Accommodation,local commercial,4 - long tail local
student accommodation help in Mandi,/study-abroad-consultants-in-mandi,Accommodation,local commercial,4 - long tail local
student accommodation help in Kullu,/study-abroad-consultants-in-kullu,Accommodation,local commercial,4 - long tail local
student accommodation help in Una,/study-abroad-consultants-in-una,Accommodation,local commercial,4 - long tail local
student accommodation help in Hamirpur,/study-abroad-consultants-in-hamirpur,Accommodation,local commercial,4 - long tail local
student accommodation help in Bilaspur,/study-abroad-consultants-in-bilaspur,Accommodation,local commercial,4 - long tail local
student accommodation help in Chamba,/study-abroad-consultants-in-chamba,Accommodation,local commercial,4 - long tail local
student accommodation help in Nahan,/study-abroad-consultants-in-nahan,Accommodation,local commercial,4 - long tail local
student accommodation help in Baddi,/study-abroad-consultants-in-baddi,Accommodation,local commercial,4 - long tail local
student accommodation help in Palampur,/study-abroad-consultants-in-palampur,Accommodation,local commercial,4 - long tail local
student accommodation help in Margao,/study-abroad-consultants-in-margao,Accommodation,local commercial,4 - long tail local
student accommodation help in Vasco da Gama,/study-abroad-consultants-in-vasco-da-gama,Accommodation,local commercial,4 - long tail local
student accommodation help in Mapusa,/study-abroad-consultants-in-mapusa,Accommodation,local commercial,4 - long tail local
student accommodation help in Ponda,/study-abroad-consultants-in-ponda,Accommodation,local commercial,4 - long tail local
student accommodation help in Porvorim,/study-abroad-consultants-in-porvorim,Accommodation,local commercial,4 - long tail local
student accommodation help in Anantnag,/study-abroad-consultants-in-anantnag,Accommodation,local commercial,4 - long tail local
student accommodation help in Baramulla,/study-abroad-consultants-in-baramulla,Accommodation,local commercial,4 - long tail local
student accommodation help in Udhampur,/study-abroad-consultants-in-udhampur,Accommodation,local commercial,4 - long tail local
student accommodation help in Kathua,/study-abroad-consultants-in-kathua,Accommodation,local commercial,4 - long tail local
student accommodation help in Sopore,/study-abroad-consultants-in-sopore,Accommodation,local commercial,4 - long tail local
student accommodation help in Kupwara,/study-abroad-consultants-in-kupwara,Accommodation,local commercial,4 - long tail local
student accommodation help in Karaikal,/study-abroad-consultants-in-karaikal,Accommodation,local commercial,4 - long tail local
student accommodation help in Yanam,/study-abroad-consultants-in-yanam,Accommodation,local commercial,4 - long tail local
student accommodation help in Mahe,/study-abroad-consultants-in-mahe,Accommodation,local commercial,4 - long tail local
student accommodation help in Udaipur,/study-abroad-consultants-in-udaipur,Accommodation,local commercial,4 - long tail local
student accommodation help in Dharmanagar,/study-abroad-consultants-in-dharmanagar,Accommodation,local commercial,4 - long tail local
student accommodation help in Kailashahar,/study-abroad-consultants-in-kailashahar,Accommodation,local commercial,4 - long tail local
student accommodation help in Thoubal,/study-abroad-consultants-in-thoubal,Accommodation,local commercial,4 - long tail local
student accommodation help in Churachandpur,/study-abroad-consultants-in-churachandpur,Accommodation,local commercial,4 - long tail local
student accommodation help in Bishnupur,/study-abroad-consultants-in-bishnupur,Accommodation,local commercial,4 - long tail local
student accommodation help in Tura,/study-abroad-consultants-in-tura,Accommodation,local commercial,4 - long tail local
student accommodation help in Jowai,/study-abroad-consultants-in-jowai,Accommodation,local commercial,4 - long tail local
student accommodation help in Nongstoin,/study-abroad-consultants-in-nongstoin,Accommodation,local commercial,4 - long tail local
student accommodation help in Mokokchung,/study-abroad-consultants-in-mokokchung,Accommodation,local commercial,4 - long tail local
student accommodation help in Tuensang,/study-abroad-consultants-in-tuensang,Accommodation,local commercial,4 - long tail local
student accommodation help in Lunglei,/study-abroad-consultants-in-lunglei,Accommodation,local commercial,4 - long tail local
student accommodation help in Champhai,/study-abroad-consultants-in-champhai,Accommodation,local commercial,4 - long tail local
student accommodation help in Naharlagun,/study-abroad-consultants-in-naharlagun,Accommodation,local commercial,4 - long tail local
student accommodation help in Pasighat,/study-abroad-consultants-in-pasighat,Accommodation,local commercial,4 - long tail local
student accommodation help in Tezu,/study-abroad-consultants-in-tezu,Accommodation,local commercial,4 - long tail local
student accommodation help in Namchi,/study-abroad-consultants-in-namchi,Accommodation,local commercial,4 - long tail local
student accommodation help in Gyalshing,/study-abroad-consultants-in-gyalshing,Accommodation,local commercial,4 - long tail local
student accommodation help in Mangan,/study-abroad-consultants-in-mangan,Accommodation,local commercial,4 - long tail local
student accommodation help in Port Blair,/study-abroad-consultants-in-port-blair,Accommodation,local commercial,4 - long tail local
student accommodation help in Car Nicobar,/study-abroad-consultants-in-car-nicobar,Accommodation,local commercial,4 - long tail local
student accommodation help in Leh,/study-abroad-consultants-in-leh,Accommodation,local commercial,4 - long tail local
student accommodation help in Kargil,/study-abroad-consultants-in-kargil,Accommodation,local commercial,4 - long tail local
student accommodation help in Silvassa,/study-abroad-consultants-in-silvassa,Accommodation,local commercial,4 - long tail local
student accommodation help in Daman,/study-abroad-consultants-in-daman,Accommodation,local commercial,4 - long tail local
student accommodation help in Diu,/study-abroad-consultants-in-diu,Accommodation,local commercial,4 - long tail local
IELTS coaching,/test-preparations,Test Preparation,commercial,1 - head
GRE coaching,/test-preparations,Test Preparation,commercial,1 - head
study abroad test preparation,/test-preparations,Test Preparation,commercial,1 - head
IELTS vs TOEFL which is better,/test-preparations,Test Preparation,commercial,2 - body
GRE preparation for MS abroad,/test-preparations,Test Preparation,commercial,2 - body
PTE coaching for student visa,/test-preparations,Test Preparation,commercial,2 - body
Duolingo English test accepted universities,/test-preparations,Test Preparation,commercial,2 - body
what IELTS score do I need for UK student visa,/test-preparations,Test Preparation,informational,3 - long tail / AEO
how long to prepare for GRE,/test-preparations,Test Preparation,informational,3 - long tail / AEO
which English test is easiest for student visa,/test-preparations,Test Preparation,informational,3 - long tail / AEO
IELTS and test preparation in Mumbai,/study-abroad-consultants-in-mumbai,Test Preparation,local commercial,2 - body
IELTS and test preparation in Pune,/study-abroad-consultants-in-pune,Test Preparation,local commercial,2 - body
IELTS and test preparation in Nagpur,/study-abroad-consultants-in-nagpur,Test Preparation,local commercial,2 - body
IELTS and test preparation in Thane,/study-abroad-consultants-in-thane,Test Preparation,local commercial,2 - body
IELTS and test preparation in Nashik,/study-abroad-consultants-in-nashik,Test Preparation,local commercial,2 - body
IELTS and test preparation in Navi Mumbai,/study-abroad-consultants-in-navi-mumbai,Test Preparation,local commercial,2 - body
IELTS and test preparation in Pimpri-Chinchwad,/study-abroad-consultants-in-pimpri-chinchwad,Test Preparation,local commercial,2 - body
IELTS and test preparation in Kalyan-Dombivli,/study-abroad-consultants-in-kalyan-dombivli,Test Preparation,local commercial,2 - body
IELTS and test preparation in Vasai-Virar,/study-abroad-consultants-in-vasai-virar,Test Preparation,local commercial,2 - body
IELTS and test preparation in Chhatrapati Sambhajinagar,/study-abroad-consultants-in-chhatrapati-sambhajinagar,Test Preparation,local commercial,2 - body
IELTS and test preparation in Solapur,/study-abroad-consultants-in-solapur,Test Preparation,local commercial,2 - body
IELTS and test preparation in Kolhapur,/study-abroad-consultants-in-kolhapur,Test Preparation,local commercial,2 - body
IELTS and test preparation in Amravati,/study-abroad-consultants-in-amravati,Test Preparation,local commercial,2 - body
IELTS and test preparation in Mira-Bhayandar,/study-abroad-consultants-in-mira-bhayandar,Test Preparation,local commercial,2 - body
IELTS and test preparation in Bengaluru,/study-abroad-consultants-in-bengaluru,Test Preparation,local commercial,2 - body
IELTS and test preparation in Mysuru,/study-abroad-consultants-in-mysuru,Test Preparation,local commercial,2 - body
IELTS and test preparation in Hubballi-Dharwad,/study-abroad-consultants-in-hubballi-dharwad,Test Preparation,local commercial,2 - body
IELTS and test preparation in Mangaluru,/study-abroad-consultants-in-mangaluru,Test Preparation,local commercial,2 - body
IELTS and test preparation in Belagavi,/study-abroad-consultants-in-belagavi,Test Preparation,local commercial,2 - body
IELTS and test preparation in Kalaburagi,/study-abroad-consultants-in-kalaburagi,Test Preparation,local commercial,2 - body
IELTS and test preparation in Davanagere,/study-abroad-consultants-in-davanagere,Test Preparation,local commercial,2 - body
IELTS and test preparation in Ballari,/study-abroad-consultants-in-ballari,Test Preparation,local commercial,2 - body
IELTS and test preparation in Chennai,/study-abroad-consultants-in-chennai,Test Preparation,local commercial,2 - body
IELTS and test preparation in Coimbatore,/study-abroad-consultants-in-coimbatore,Test Preparation,local commercial,2 - body
IELTS and test preparation in Madurai,/study-abroad-consultants-in-madurai,Test Preparation,local commercial,2 - body
IELTS and test preparation in Tiruchirappalli,/study-abroad-consultants-in-tiruchirappalli,Test Preparation,local commercial,2 - body
IELTS and test preparation in Salem,/study-abroad-consultants-in-salem,Test Preparation,local commercial,2 - body
IELTS and test preparation in Tirunelveli,/study-abroad-consultants-in-tirunelveli,Test Preparation,local commercial,2 - body
IELTS and test preparation in Tiruppur,/study-abroad-consultants-in-tiruppur,Test Preparation,local commercial,2 - body
IELTS and test preparation in Erode,/study-abroad-consultants-in-erode,Test Preparation,local commercial,2 - body
IELTS and test preparation in Vellore,/study-abroad-consultants-in-vellore,Test Preparation,local commercial,2 - body
IELTS and test preparation in Hyderabad,/study-abroad-consultants-in-hyderabad,Test Preparation,local commercial,2 - body
IELTS and test preparation in Warangal,/study-abroad-consultants-in-warangal,Test Preparation,local commercial,2 - body
IELTS and test preparation in Nizamabad,/study-abroad-consultants-in-nizamabad,Test Preparation,local commercial,2 - body
IELTS and test preparation in Karimnagar,/study-abroad-consultants-in-karimnagar,Test Preparation,local commercial,2 - body
IELTS and test preparation in Khammam,/study-abroad-consultants-in-khammam,Test Preparation,local commercial,2 - body
IELTS and test preparation in Secunderabad,/study-abroad-consultants-in-secunderabad,Test Preparation,local commercial,2 - body
IELTS and test preparation in New Delhi,/study-abroad-consultants-in-new-delhi,Test Preparation,local commercial,2 - body
IELTS and test preparation in Ahmedabad,/study-abroad-consultants-in-ahmedabad,Test Preparation,local commercial,2 - body
IELTS and test preparation in Surat,/study-abroad-consultants-in-surat,Test Preparation,local commercial,2 - body
IELTS and test preparation in Vadodara,/study-abroad-consultants-in-vadodara,Test Preparation,local commercial,2 - body
IELTS and test preparation in Rajkot,/study-abroad-consultants-in-rajkot,Test Preparation,local commercial,2 - body
IELTS and test preparation in Bhavnagar,/study-abroad-consultants-in-bhavnagar,Test Preparation,local commercial,2 - body
IELTS and test preparation in Jamnagar,/study-abroad-consultants-in-jamnagar,Test Preparation,local commercial,2 - body
IELTS and test preparation in Gandhinagar,/study-abroad-consultants-in-gandhinagar,Test Preparation,local commercial,2 - body
IELTS and test preparation in Thiruvananthapuram,/study-abroad-consultants-in-thiruvananthapuram,Test Preparation,local commercial,2 - body
IELTS and test preparation in Kochi,/study-abroad-consultants-in-kochi,Test Preparation,local commercial,2 - body
IELTS and test preparation in Kozhikode,/study-abroad-consultants-in-kozhikode,Test Preparation,local commercial,2 - body
IELTS and test preparation in Thrissur,/study-abroad-consultants-in-thrissur,Test Preparation,local commercial,2 - body
IELTS and test preparation in Kollam,/study-abroad-consultants-in-kollam,Test Preparation,local commercial,2 - body
IELTS and test preparation in Kannur,/study-abroad-consultants-in-kannur,Test Preparation,local commercial,2 - body
IELTS and test preparation in Kolkata,/study-abroad-consultants-in-kolkata,Test Preparation,local commercial,2 - body
IELTS and test preparation in Howrah,/study-abroad-consultants-in-howrah,Test Preparation,local commercial,2 - body
IELTS and test preparation in Durgapur,/study-abroad-consultants-in-durgapur,Test Preparation,local commercial,2 - body
IELTS and test preparation in Asansol,/study-abroad-consultants-in-asansol,Test Preparation,local commercial,2 - body
IELTS and test preparation in Siliguri,/study-abroad-consultants-in-siliguri,Test Preparation,local commercial,2 - body
IELTS and test preparation in Lucknow,/study-abroad-consultants-in-lucknow,Test Preparation,local commercial,2 - body
IELTS and test preparation in Kanpur,/study-abroad-consultants-in-kanpur,Test Preparation,local commercial,2 - body
IELTS and test preparation in Ghaziabad,/study-abroad-consultants-in-ghaziabad,Test Preparation,local commercial,2 - body
IELTS and test preparation in Agra,/study-abroad-consultants-in-agra,Test Preparation,local commercial,2 - body
IELTS and test preparation in Varanasi,/study-abroad-consultants-in-varanasi,Test Preparation,local commercial,2 - body
IELTS and test preparation in Meerut,/study-abroad-consultants-in-meerut,Test Preparation,local commercial,2 - body
IELTS and test preparation in Prayagraj,/study-abroad-consultants-in-prayagraj,Test Preparation,local commercial,2 - body
IELTS and test preparation in Noida,/study-abroad-consultants-in-noida,Test Preparation,local commercial,2 - body
IELTS and test preparation in Bareilly,/study-abroad-consultants-in-bareilly,Test Preparation,local commercial,2 - body
IELTS and test preparation in Aligarh,/study-abroad-consultants-in-aligarh,Test Preparation,local commercial,2 - body
IELTS and test preparation in Moradabad,/study-abroad-consultants-in-moradabad,Test Preparation,local commercial,2 - body
IELTS and test preparation in Gorakhpur,/study-abroad-consultants-in-gorakhpur,Test Preparation,local commercial,2 - body
IELTS and test preparation in Saharanpur,/study-abroad-consultants-in-saharanpur,Test Preparation,local commercial,2 - body
IELTS and test preparation in Greater Noida,/study-abroad-consultants-in-greater-noida,Test Preparation,local commercial,2 - body
IELTS and test preparation in Jaipur,/study-abroad-consultants-in-jaipur,Test Preparation,local commercial,2 - body
IELTS and test preparation in Jodhpur,/study-abroad-consultants-in-jodhpur,Test Preparation,local commercial,2 - body
IELTS and test preparation in Kota,/study-abroad-consultants-in-kota,Test Preparation,local commercial,2 - body
IELTS and test preparation in Bikaner,/study-abroad-consultants-in-bikaner,Test Preparation,local commercial,2 - body
IELTS and test preparation in Ajmer,/study-abroad-consultants-in-ajmer,Test Preparation,local commercial,2 - body
IELTS and test preparation in Udaipur,/study-abroad-consultants-in-udaipur,Test Preparation,local commercial,2 - body
IELTS and test preparation in Indore,/study-abroad-consultants-in-indore,Test Preparation,local commercial,2 - body
IELTS and test preparation in Bhopal,/study-abroad-consultants-in-bhopal,Test Preparation,local commercial,2 - body
IELTS and test preparation in Jabalpur,/study-abroad-consultants-in-jabalpur,Test Preparation,local commercial,2 - body
IELTS and test preparation in Gwalior,/study-abroad-consultants-in-gwalior,Test Preparation,local commercial,2 - body
IELTS and test preparation in Ujjain,/study-abroad-consultants-in-ujjain,Test Preparation,local commercial,2 - body
IELTS and test preparation in Ludhiana,/study-abroad-consultants-in-ludhiana,Test Preparation,local commercial,2 - body
IELTS and test preparation in Amritsar,/study-abroad-consultants-in-amritsar,Test Preparation,local commercial,2 - body
IELTS and test preparation in Jalandhar,/study-abroad-consultants-in-jalandhar,Test Preparation,local commercial,2 - body
IELTS and test preparation in Patiala,/study-abroad-consultants-in-patiala,Test Preparation,local commercial,2 - body
IELTS and test preparation in Bathinda,/study-abroad-consultants-in-bathinda,Test Preparation,local commercial,2 - body
IELTS and test preparation in Mohali,/study-abroad-consultants-in-mohali,Test Preparation,local commercial,2 - body
IELTS and test preparation in Gurugram,/study-abroad-consultants-in-gurugram,Test Preparation,local commercial,2 - body
IELTS and test preparation in Faridabad,/study-abroad-consultants-in-faridabad,Test Preparation,local commercial,2 - body
IELTS and test preparation in Panipat,/study-abroad-consultants-in-panipat,Test Preparation,local commercial,2 - body
IELTS and test preparation in Ambala,/study-abroad-consultants-in-ambala,Test Preparation,local commercial,2 - body
IELTS and test preparation in Yamunanagar,/study-abroad-consultants-in-yamunanagar,Test Preparation,local commercial,2 - body
IELTS and test preparation in Rohtak,/study-abroad-consultants-in-rohtak,Test Preparation,local commercial,2 - body
IELTS and test preparation in Hisar,/study-abroad-consultants-in-hisar,Test Preparation,local commercial,2 - body
IELTS and test preparation in Karnal,/study-abroad-consultants-in-karnal,Test Preparation,local commercial,2 - body
IELTS and test preparation in Visakhapatnam,/study-abroad-consultants-in-visakhapatnam,Test Preparation,local commercial,2 - body
IELTS and test preparation in Vijayawada,/study-abroad-consultants-in-vijayawada,Test Preparation,local commercial,2 - body
IELTS and test preparation in Guntur,/study-abroad-consultants-in-guntur,Test Preparation,local commercial,2 - body
IELTS and test preparation in Nellore,/study-abroad-consultants-in-nellore,Test Preparation,local commercial,2 - body
IELTS and test preparation in Kurnool,/study-abroad-consultants-in-kurnool,Test Preparation,local commercial,2 - body
IELTS and test preparation in Rajahmundry,/study-abroad-consultants-in-rajahmundry,Test Preparation,local commercial,2 - body
IELTS and test preparation in Tirupati,/study-abroad-consultants-in-tirupati,Test Preparation,local commercial,2 - body
IELTS and test preparation in Kakinada,/study-abroad-consultants-in-kakinada,Test Preparation,local commercial,2 - body
IELTS and test preparation in Patna,/study-abroad-consultants-in-patna,Test Preparation,local commercial,2 - body
IELTS and test preparation in Gaya,/study-abroad-consultants-in-gaya,Test Preparation,local commercial,2 - body
IELTS and test preparation in Bhagalpur,/study-abroad-consultants-in-bhagalpur,Test Preparation,local commercial,2 - body
IELTS and test preparation in Muzaffarpur,/study-abroad-consultants-in-muzaffarpur,Test Preparation,local commercial,2 - body
IELTS and test preparation in Darbhanga,/study-abroad-consultants-in-darbhanga,Test Preparation,local commercial,2 - body
IELTS and test preparation in Bhubaneswar,/study-abroad-consultants-in-bhubaneswar,Test Preparation,local commercial,2 - body
IELTS and test preparation in Cuttack,/study-abroad-consultants-in-cuttack,Test Preparation,local commercial,2 - body
IELTS and test preparation in Rourkela,/study-abroad-consultants-in-rourkela,Test Preparation,local commercial,2 - body
IELTS and test preparation in Berhampur,/study-abroad-consultants-in-berhampur,Test Preparation,local commercial,2 - body
IELTS and test preparation in Ranchi,/study-abroad-consultants-in-ranchi,Test Preparation,local commercial,2 - body
IELTS and test preparation in Jamshedpur,/study-abroad-consultants-in-jamshedpur,Test Preparation,local commercial,2 - body
IELTS and test preparation in Dhanbad,/study-abroad-consultants-in-dhanbad,Test Preparation,local commercial,2 - body
IELTS and test preparation in Bokaro,/study-abroad-consultants-in-bokaro,Test Preparation,local commercial,2 - body
IELTS and test preparation in Raipur,/study-abroad-consultants-in-raipur,Test Preparation,local commercial,2 - body
IELTS and test preparation in Bhilai,/study-abroad-consultants-in-bhilai,Test Preparation,local commercial,2 - body
IELTS and test preparation in Bilaspur,/study-abroad-consultants-in-bilaspur,Test Preparation,local commercial,2 - body
IELTS and test preparation in Korba,/study-abroad-consultants-in-korba,Test Preparation,local commercial,2 - body
IELTS and test preparation in Guwahati,/study-abroad-consultants-in-guwahati,Test Preparation,local commercial,2 - body
IELTS and test preparation in Silchar,/study-abroad-consultants-in-silchar,Test Preparation,local commercial,2 - body
IELTS and test preparation in Dehradun,/study-abroad-consultants-in-dehradun,Test Preparation,local commercial,2 - body
IELTS and test preparation in Haridwar,/study-abroad-consultants-in-haridwar,Test Preparation,local commercial,2 - body
IELTS and test preparation in Shimla,/study-abroad-consultants-in-shimla,Test Preparation,local commercial,2 - body
IELTS and test preparation in Panaji,/study-abroad-consultants-in-panaji,Test Preparation,local commercial,2 - body
IELTS and test preparation in Srinagar,/study-abroad-consultants-in-srinagar,Test Preparation,local commercial,2 - body
IELTS and test preparation in Jammu,/study-abroad-consultants-in-jammu,Test Preparation,local commercial,2 - body
IELTS and test preparation in Chandigarh,/study-abroad-consultants-in-chandigarh,Test Preparation,local commercial,2 - body
IELTS and test preparation in Puducherry,/study-abroad-consultants-in-puducherry,Test Preparation,local commercial,2 - body
IELTS and test preparation in Agartala,/study-abroad-consultants-in-agartala,Test Preparation,local commercial,2 - body
IELTS and test preparation in Imphal,/study-abroad-consultants-in-imphal,Test Preparation,local commercial,2 - body
IELTS and test preparation in Shillong,/study-abroad-consultants-in-shillong,Test Preparation,local commercial,2 - body
IELTS and test preparation in Kohima,/study-abroad-consultants-in-kohima,Test Preparation,local commercial,2 - body
IELTS and test preparation in Dimapur,/study-abroad-consultants-in-dimapur,Test Preparation,local commercial,2 - body
IELTS and test preparation in Aizawl,/study-abroad-consultants-in-aizawl,Test Preparation,local commercial,2 - body
IELTS and test preparation in Itanagar,/study-abroad-consultants-in-itanagar,Test Preparation,local commercial,2 - body
IELTS and test preparation in Gangtok,/study-abroad-consultants-in-gangtok,Test Preparation,local commercial,2 - body
IELTS and test preparation in Bhiwandi,/study-abroad-consultants-in-bhiwandi,Test Preparation,local commercial,4 - long tail local
IELTS and test preparation in Nanded,/study-abroad-consultants-in-nanded,Test Preparation,local commercial,4 - long tail local
IELTS and test preparation in Sangli,/study-abroad-consultants-in-sangli,Test Preparation,local commercial,4 - long tail local
IELTS and test preparation in Jalgaon,/study-abroad-consultants-in-jalgaon,Test Preparation,local commercial,4 - long tail local
IELTS and test preparation in Akola,/study-abroad-consultants-in-akola,Test Preparation,local commercial,4 - long tail local
IELTS and test preparation in Latur,/study-abroad-consultants-in-latur,Test Preparation,local commercial,4 - long tail local
IELTS and test preparation in Dhule,/study-abroad-consultants-in-dhule,Test Preparation,local commercial,4 - long tail local
IELTS and test preparation in Ahmednagar,/study-abroad-consultants-in-ahmednagar,Test Preparation,local commercial,4 - long tail local
IELTS and test preparation in Chandrapur,/study-abroad-consultants-in-chandrapur,Test Preparation,local commercial,4 - long tail local
IELTS and test preparation in Parbhani,/study-abroad-consultants-in-parbhani,Test Preparation,local commercial,4 - long tail local
IELTS and test preparation in Ichalkaranji,/study-abroad-consultants-in-ichalkaranji,Test Preparation,local commercial,4 - long tail local
IELTS and test preparation in Jalna,/study-abroad-consultants-in-jalna,Test Preparation,local commercial,4 - long tail local
IELTS and test preparation in Ambernath,/study-abroad-consultants-in-ambernath,Test Preparation,local commercial,4 - long tail local
IELTS and test preparation in Badlapur,/study-abroad-consultants-in-badlapur,Test Preparation,local commercial,4 - long tail local
IELTS and test preparation in Panvel,/study-abroad-consultants-in-panvel,Test Preparation,local commercial,4 - long tail local
IELTS and test preparation in Satara,/study-abroad-consultants-in-satara,Test Preparation,local commercial,4 - long tail local
IELTS and test preparation in Beed,/study-abroad-consultants-in-beed,Test Preparation,local commercial,4 - long tail local
IELTS and test preparation in Yavatmal,/study-abroad-consultants-in-yavatmal,Test Preparation,local commercial,4 - long tail local
IELTS and test preparation in Wardha,/study-abroad-consultants-in-wardha,Test Preparation,local commercial,4 - long tail local
IELTS and test preparation in Ratnagiri,/study-abroad-consultants-in-ratnagiri,Test Preparation,local commercial,4 - long tail local
IELTS and test preparation in Ulhasnagar,/study-abroad-consultants-in-ulhasnagar,Test Preparation,local commercial,4 - long tail local
IELTS and test preparation in Andheri,/study-abroad-consultants-in-andheri,Test Preparation,local commercial,4 - long tail local
IELTS and test preparation in Ghatkopar,/study-abroad-consultants-in-ghatkopar,Test Preparation,local commercial,4 - long tail local
IELTS and test preparation in Borivali,/study-abroad-consultants-in-borivali,Test Preparation,local commercial,4 - long tail local
IELTS and test preparation in Dadar,/study-abroad-consultants-in-dadar,Test Preparation,local commercial,4 - long tail local
IELTS and test preparation in Powai,/study-abroad-consultants-in-powai,Test Preparation,local commercial,4 - long tail local
IELTS and test preparation in Vijayapura,/study-abroad-consultants-in-vijayapura,Test Preparation,local commercial,4 - long tail local
IELTS and test preparation in Shivamogga,/study-abroad-consultants-in-shivamogga,Test Preparation,local commercial,4 - long tail local
IELTS and test preparation in Tumakuru,/study-abroad-consultants-in-tumakuru,Test Preparation,local commercial,4 - long tail local
IELTS and test preparation in Raichur,/study-abroad-consultants-in-raichur,Test Preparation,local commercial,4 - long tail local
IELTS and test preparation in Bidar,/study-abroad-consultants-in-bidar,Test Preparation,local commercial,4 - long tail local
IELTS and test preparation in Hassan,/study-abroad-consultants-in-hassan,Test Preparation,local commercial,4 - long tail local
IELTS and test preparation in Udupi,/study-abroad-consultants-in-udupi,Test Preparation,local commercial,4 - long tail local
IELTS and test preparation in Gadag,/study-abroad-consultants-in-gadag,Test Preparation,local commercial,4 - long tail local
IELTS and test preparation in Chitradurga,/study-abroad-consultants-in-chitradurga,Test Preparation,local commercial,4 - long tail local
IELTS and test preparation in Kolar,/study-abroad-consultants-in-kolar,Test Preparation,local commercial,4 - long tail local
IELTS and test preparation in Mandya,/study-abroad-consultants-in-mandya,Test Preparation,local commercial,4 - long tail local
IELTS and test preparation in Bagalkot,/study-abroad-consultants-in-bagalkot,Test Preparation,local commercial,4 - long tail local
IELTS and test preparation in Karwar,/study-abroad-consultants-in-karwar,Test Preparation,local commercial,4 - long tail local
IELTS and test preparation in Chikkamagaluru,/study-abroad-consultants-in-chikkamagaluru,Test Preparation,local commercial,4 - long tail local
IELTS and test preparation in Whitefield,/study-abroad-consultants-in-whitefield,Test Preparation,local commercial,4 - long tail local
IELTS and test preparation in Electronic City,/study-abroad-consultants-in-electronic-city,Test Preparation,local commercial,4 - long tail local
IELTS and test preparation in Jayanagar,/study-abroad-consultants-in-jayanagar,Test Preparation,local commercial,4 - long tail local
IELTS and test preparation in Thoothukudi,/study-abroad-consultants-in-thoothukudi,Test Preparation,local commercial,4 - long tail local
IELTS and test preparation in Thanjavur,/study-abroad-consultants-in-thanjavur,Test Preparation,local commercial,4 - long tail local
IELTS and test preparation in Dindigul,/study-abroad-consultants-in-dindigul,Test Preparation,local commercial,4 - long tail local
IELTS and test preparation in Cuddalore,/study-abroad-consultants-in-cuddalore,Test Preparation,local commercial,4 - long tail local
IELTS and test preparation in Kanchipuram,/study-abroad-consultants-in-kanchipuram,Test Preparation,local commercial,4 - long tail local
IELTS and test preparation in Karur,/study-abroad-consultants-in-karur,Test Preparation,local commercial,4 - long tail local
IELTS and test preparation in Namakkal,/study-abroad-consultants-in-namakkal,Test Preparation,local commercial,4 - long tail local
IELTS and test preparation in Hosur,/study-abroad-consultants-in-hosur,Test Preparation,local commercial,4 - long tail local
IELTS and test preparation in Nagercoil,/study-abroad-consultants-in-nagercoil,Test Preparation,local commercial,4 - long tail local
IELTS and test preparation in Kumbakonam,/study-abroad-consultants-in-kumbakonam,Test Preparation,local commercial,4 - long tail local
IELTS and test preparation in Rajapalayam,/study-abroad-consultants-in-rajapalayam,Test Preparation,local commercial,4 - long tail local
IELTS and test preparation in Sivakasi,/study-abroad-consultants-in-sivakasi,Test Preparation,local commercial,4 - long tail local
IELTS and test preparation in Pudukkottai,/study-abroad-consultants-in-pudukkottai,Test Preparation,local commercial,4 - long tail local
IELTS and test preparation in Ambur,/study-abroad-consultants-in-ambur,Test Preparation,local commercial,4 - long tail local
IELTS and test preparation in Villupuram,/study-abroad-consultants-in-villupuram,Test Preparation,local commercial,4 - long tail local
IELTS and test preparation in Tambaram,/study-abroad-consultants-in-tambaram,Test Preparation,local commercial,4 - long tail local
IELTS and test preparation in Avadi,/study-abroad-consultants-in-avadi,Test Preparation,local commercial,4 - long tail local
IELTS and test preparation in Ooty,/study-abroad-consultants-in-ooty,Test Preparation,local commercial,4 - long tail local
IELTS and test preparation in Ramagundam,/study-abroad-consultants-in-ramagundam,Test Preparation,local commercial,4 - long tail local
IELTS and test preparation in Mahbubnagar,/study-abroad-consultants-in-mahbubnagar,Test Preparation,local commercial,4 - long tail local
IELTS and test preparation in Nalgonda,/study-abroad-consultants-in-nalgonda,Test Preparation,local commercial,4 - long tail local
IELTS and test preparation in Adilabad,/study-abroad-consultants-in-adilabad,Test Preparation,local commercial,4 - long tail local
IELTS and test preparation in Suryapet,/study-abroad-consultants-in-suryapet,Test Preparation,local commercial,4 - long tail local
IELTS and test preparation in Siddipet,/study-abroad-consultants-in-siddipet,Test Preparation,local commercial,4 - long tail local
IELTS and test preparation in Miryalaguda,/study-abroad-consultants-in-miryalaguda,Test Preparation,local commercial,4 - long tail local
IELTS and test preparation in Gachibowli,/study-abroad-consultants-in-gachibowli,Test Preparation,local commercial,4 - long tail local
IELTS and test preparation in Kukatpally,/study-abroad-consultants-in-kukatpally,Test Preparation,local commercial,4 - long tail local
IELTS and test preparation in Madhapur,/study-abroad-consultants-in-madhapur,Test Preparation,local commercial,4 - long tail local
IELTS and test preparation in Dwarka,/study-abroad-consultants-in-dwarka,Test Preparation,local commercial,4 - long tail local
IELTS and test preparation in Rohini,/study-abroad-consultants-in-rohini,Test Preparation,local commercial,4 - long tail local
IELTS and test preparation in Saket,/study-abroad-consultants-in-saket,Test Preparation,local commercial,4 - long tail local
IELTS and test preparation in Laxmi Nagar,/study-abroad-consultants-in-laxmi-nagar,Test Preparation,local commercial,4 - long tail local
IELTS and test preparation in Pitampura,/study-abroad-consultants-in-pitampura,Test Preparation,local commercial,4 - long tail local
IELTS and test preparation in Janakpuri,/study-abroad-consultants-in-janakpuri,Test Preparation,local commercial,4 - long tail local
IELTS and test preparation in Karol Bagh,/study-abroad-consultants-in-karol-bagh,Test Preparation,local commercial,4 - long tail local
IELTS and test preparation in Connaught Place,/study-abroad-consultants-in-connaught-place,Test Preparation,local commercial,4 - long tail local
IELTS and test preparation in Vasant Kunj,/study-abroad-consultants-in-vasant-kunj,Test Preparation,local commercial,4 - long tail local
IELTS and test preparation in Mayur Vihar,/study-abroad-consultants-in-mayur-vihar,Test Preparation,local commercial,4 - long tail local
IELTS and test preparation in Rajouri Garden,/study-abroad-consultants-in-rajouri-garden,Test Preparation,local commercial,4 - long tail local
IELTS and test preparation in Junagadh,/study-abroad-consultants-in-junagadh,Test Preparation,local commercial,4 - long tail local
IELTS and test preparation in Anand,/study-abroad-consultants-in-anand,Test Preparation,local commercial,4 - long tail local
IELTS and test preparation in Nadiad,/study-abroad-consultants-in-nadiad,Test Preparation,local commercial,4 - long tail local
IELTS and test preparation in Bharuch,/study-abroad-consultants-in-bharuch,Test Preparation,local commercial,4 - long tail local
IELTS and test preparation in Mehsana,/study-abroad-consultants-in-mehsana,Test Preparation,local commercial,4 - long tail local
IELTS and test preparation in Navsari,/study-abroad-consultants-in-navsari,Test Preparation,local commercial,4 - long tail local
IELTS and test preparation in Morbi,/study-abroad-consultants-in-morbi,Test Preparation,local commercial,4 - long tail local
IELTS and test preparation in Surendranagar,/study-abroad-consultants-in-surendranagar,Test Preparation,local commercial,4 - long tail local
IELTS and test preparation in Gandhidham,/study-abroad-consultants-in-gandhidham,Test Preparation,local commercial,4 - long tail local
IELTS and test preparation in Vapi,/study-abroad-consultants-in-vapi,Test Preparation,local commercial,4 - long tail local
IELTS and test preparation in Valsad,/study-abroad-consultants-in-valsad,Test Preparation,local commercial,4 - long tail local
IELTS and test preparation in Porbandar,/study-abroad-consultants-in-porbandar,Test Preparation,local commercial,4 - long tail local
IELTS and test preparation in Veraval,/study-abroad-consultants-in-veraval,Test Preparation,local commercial,4 - long tail local
IELTS and test preparation in Patan,/study-abroad-consultants-in-patan,Test Preparation,local commercial,4 - long tail local
IELTS and test preparation in Bhuj,/study-abroad-consultants-in-bhuj,Test Preparation,local commercial,4 - long tail local
IELTS and test preparation in Palanpur,/study-abroad-consultants-in-palanpur,Test Preparation,local commercial,4 - long tail local
IELTS and test preparation in Godhra,/study-abroad-consultants-in-godhra,Test Preparation,local commercial,4 - long tail local
IELTS and test preparation in Ankleshwar,/study-abroad-consultants-in-ankleshwar,Test Preparation,local commercial,4 - long tail local
IELTS and test preparation in Alappuzha,/study-abroad-consultants-in-alappuzha,Test Preparation,local commercial,4 - long tail local
IELTS and test preparation in Palakkad,/study-abroad-consultants-in-palakkad,Test Preparation,local commercial,4 - long tail local
IELTS and test preparation in Malappuram,/study-abroad-consultants-in-malappuram,Test Preparation,local commercial,4 - long tail local
IELTS and test preparation in Kottayam,/study-abroad-consultants-in-kottayam,Test Preparation,local commercial,4 - long tail local
IELTS and test preparation in Pathanamthitta,/study-abroad-consultants-in-pathanamthitta,Test Preparation,local commercial,4 - long tail local
IELTS and test preparation in Idukki,/study-abroad-consultants-in-idukki,Test Preparation,local commercial,4 - long tail local
IELTS and test preparation in Kasaragod,/study-abroad-consultants-in-kasaragod,Test Preparation,local commercial,4 - long tail local
IELTS and test preparation in Wayanad,/study-abroad-consultants-in-wayanad,Test Preparation,local commercial,4 - long tail local
IELTS and test preparation in Ernakulam,/study-abroad-consultants-in-ernakulam,Test Preparation,local commercial,4 - long tail local
IELTS and test preparation in Manjeri,/study-abroad-consultants-in-manjeri,Test Preparation,local commercial,4 - long tail local
IELTS and test preparation in Ponnani,/study-abroad-consultants-in-ponnani,Test Preparation,local commercial,4 - long tail local
IELTS and test preparation in Thalassery,/study-abroad-consultants-in-thalassery,Test Preparation,local commercial,4 - long tail local
IELTS and test preparation in Bardhaman,/study-abroad-consultants-in-bardhaman,Test Preparation,local commercial,4 - long tail local
IELTS and test preparation in Malda,/study-abroad-consultants-in-malda,Test Preparation,local commercial,4 - long tail local
IELTS and test preparation in Kharagpur,/study-abroad-consultants-in-kharagpur,Test Preparation,local commercial,4 - long tail local
IELTS and test preparation in Haldia,/study-abroad-consultants-in-haldia,Test Preparation,local commercial,4 - long tail local
IELTS and test preparation in Darjeeling,/study-abroad-consultants-in-darjeeling,Test Preparation,local commercial,4 - long tail local
IELTS and test preparation in Krishnanagar,/study-abroad-consultants-in-krishnanagar,Test Preparation,local commercial,4 - long tail local
IELTS and test preparation in Barasat,/study-abroad-consultants-in-barasat,Test Preparation,local commercial,4 - long tail local
IELTS and test preparation in Berhampore,/study-abroad-consultants-in-berhampore,Test Preparation,local commercial,4 - long tail local
IELTS and test preparation in Bankura,/study-abroad-consultants-in-bankura,Test Preparation,local commercial,4 - long tail local
IELTS and test preparation in Jalpaiguri,/study-abroad-consultants-in-jalpaiguri,Test Preparation,local commercial,4 - long tail local
IELTS and test preparation in Cooch Behar,/study-abroad-consultants-in-cooch-behar,Test Preparation,local commercial,4 - long tail local
IELTS and test preparation in Raiganj,/study-abroad-consultants-in-raiganj,Test Preparation,local commercial,4 - long tail local
IELTS and test preparation in Salt Lake,/study-abroad-consultants-in-salt-lake,Test Preparation,local commercial,4 - long tail local
IELTS and test preparation in Barrackpore,/study-abroad-consultants-in-barrackpore,Test Preparation,local commercial,4 - long tail local
IELTS and test preparation in Serampore,/study-abroad-consultants-in-serampore,Test Preparation,local commercial,4 - long tail local
IELTS and test preparation in Jhansi,/study-abroad-consultants-in-jhansi,Test Preparation,local commercial,4 - long tail local
IELTS and test preparation in Firozabad,/study-abroad-consultants-in-firozabad,Test Preparation,local commercial,4 - long tail local
IELTS and test preparation in Muzaffarnagar,/study-abroad-consultants-in-muzaffarnagar,Test Preparation,local commercial,4 - long tail local
IELTS and test preparation in Mathura,/study-abroad-consultants-in-mathura,Test Preparation,local commercial,4 - long tail local
IELTS and test preparation in Shahjahanpur,/study-abroad-consultants-in-shahjahanpur,Test Preparation,local commercial,4 - long tail local
IELTS and test preparation in Rampur,/study-abroad-consultants-in-rampur,Test Preparation,local commercial,4 - long tail local
IELTS and test preparation in Mau,/study-abroad-consultants-in-mau,Test Preparation,local commercial,4 - long tail local
IELTS and test preparation in Farrukhabad,/study-abroad-consultants-in-farrukhabad,Test Preparation,local commercial,4 - long tail local
IELTS and test preparation in Hapur,/study-abroad-consultants-in-hapur,Test Preparation,local commercial,4 - long tail local
IELTS and test preparation in Etawah,/study-abroad-consultants-in-etawah,Test Preparation,local commercial,4 - long tail local
IELTS and test preparation in Mirzapur,/study-abroad-consultants-in-mirzapur,Test Preparation,local commercial,4 - long tail local
IELTS and test preparation in Bulandshahr,/study-abroad-consultants-in-bulandshahr,Test Preparation,local commercial,4 - long tail local
IELTS and test preparation in Sambhal,/study-abroad-consultants-in-sambhal,Test Preparation,local commercial,4 - long tail local
IELTS and test preparation in Amroha,/study-abroad-consultants-in-amroha,Test Preparation,local commercial,4 - long tail local
IELTS and test preparation in Hardoi,/study-abroad-consultants-in-hardoi,Test Preparation,local commercial,4 - long tail local
IELTS and test preparation in Fatehpur,/study-abroad-consultants-in-fatehpur,Test Preparation,local commercial,4 - long tail local
IELTS and test preparation in Raebareli,/study-abroad-consultants-in-raebareli,Test Preparation,local commercial,4 - long tail local
IELTS and test preparation in Sitapur,/study-abroad-consultants-in-sitapur,Test Preparation,local commercial,4 - long tail local
IELTS and test preparation in Bahraich,/study-abroad-consultants-in-bahraich,Test Preparation,local commercial,4 - long tail local
IELTS and test preparation in Unnao,/study-abroad-consultants-in-unnao,Test Preparation,local commercial,4 - long tail local
IELTS and test preparation in Jaunpur,/study-abroad-consultants-in-jaunpur,Test Preparation,local commercial,4 - long tail local
IELTS and test preparation in Lakhimpur,/study-abroad-consultants-in-lakhimpur,Test Preparation,local commercial,4 - long tail local
IELTS and test preparation in Ayodhya,/study-abroad-consultants-in-ayodhya,Test Preparation,local commercial,4 - long tail local
IELTS and test preparation in Banda,/study-abroad-consultants-in-banda,Test Preparation,local commercial,4 - long tail local
IELTS and test preparation in Basti,/study-abroad-consultants-in-basti,Test Preparation,local commercial,4 - long tail local
IELTS and test preparation in Deoria,/study-abroad-consultants-in-deoria,Test Preparation,local commercial,4 - long tail local
IELTS and test preparation in Bhilwara,/study-abroad-consultants-in-bhilwara,Test Preparation,local commercial,4 - long tail local
IELTS and test preparation in Alwar,/study-abroad-consultants-in-alwar,Test Preparation,local commercial,4 - long tail local
IELTS and test preparation in Sikar,/study-abroad-consultants-in-sikar,Test Preparation,local commercial,4 - long tail local
IELTS and test preparation in Pali,/study-abroad-consultants-in-pali,Test Preparation,local commercial,4 - long tail local
IELTS and test preparation in Sri Ganganagar,/study-abroad-consultants-in-sri-ganganagar,Test Preparation,local commercial,4 - long tail local
IELTS and test preparation in Bharatpur,/study-abroad-consultants-in-bharatpur,Test Preparation,local commercial,4 - long tail local
IELTS and test preparation in Hanumangarh,/study-abroad-consultants-in-hanumangarh,Test Preparation,local commercial,4 - long tail local
IELTS and test preparation in Chittorgarh,/study-abroad-consultants-in-chittorgarh,Test Preparation,local commercial,4 - long tail local
IELTS and test preparation in Jhunjhunu,/study-abroad-consultants-in-jhunjhunu,Test Preparation,local commercial,4 - long tail local
IELTS and test preparation in Banswara,/study-abroad-consultants-in-banswara,Test Preparation,local commercial,4 - long tail local
IELTS and test preparation in Barmer,/study-abroad-consultants-in-barmer,Test Preparation,local commercial,4 - long tail local
IELTS and test preparation in Jaisalmer,/study-abroad-consultants-in-jaisalmer,Test Preparation,local commercial,4 - long tail local
IELTS and test preparation in Nagaur,/study-abroad-consultants-in-nagaur,Test Preparation,local commercial,4 - long tail local
IELTS and test preparation in Tonk,/study-abroad-consultants-in-tonk,Test Preparation,local commercial,4 - long tail local
IELTS and test preparation in Dausa,/study-abroad-consultants-in-dausa,Test Preparation,local commercial,4 - long tail local
IELTS and test preparation in Baran,/study-abroad-consultants-in-baran,Test Preparation,local commercial,4 - long tail local
IELTS and test preparation in Sagar,/study-abroad-consultants-in-sagar,Test Preparation,local commercial,4 - long tail local
IELTS and test preparation in Dewas,/study-abroad-consultants-in-dewas,Test Preparation,local commercial,4 - long tail local
IELTS and test preparation in Satna,/study-abroad-consultants-in-satna,Test Preparation,local commercial,4 - long tail local
IELTS and test preparation in Ratlam,/study-abroad-consultants-in-ratlam,Test Preparation,local commercial,4 - long tail local
IELTS and test preparation in Rewa,/study-abroad-consultants-in-rewa,Test Preparation,local commercial,4 - long tail local
IELTS and test preparation in Katni,/study-abroad-consultants-in-katni,Test Preparation,local commercial,4 - long tail local
IELTS and test preparation in Singrauli,/study-abroad-consultants-in-singrauli,Test Preparation,local commercial,4 - long tail local
IELTS and test preparation in Burhanpur,/study-abroad-consultants-in-burhanpur,Test Preparation,local commercial,4 - long tail local
IELTS and test preparation in Khandwa,/study-abroad-consultants-in-khandwa,Test Preparation,local commercial,4 - long tail local
IELTS and test preparation in Morena,/study-abroad-consultants-in-morena,Test Preparation,local commercial,4 - long tail local
IELTS and test preparation in Bhind,/study-abroad-consultants-in-bhind,Test Preparation,local commercial,4 - long tail local
IELTS and test preparation in Chhindwara,/study-abroad-consultants-in-chhindwara,Test Preparation,local commercial,4 - long tail local
IELTS and test preparation in Guna,/study-abroad-consultants-in-guna,Test Preparation,local commercial,4 - long tail local
IELTS and test preparation in Shivpuri,/study-abroad-consultants-in-shivpuri,Test Preparation,local commercial,4 - long tail local
IELTS and test preparation in Vidisha,/study-abroad-consultants-in-vidisha,Test Preparation,local commercial,4 - long tail local
IELTS and test preparation in Chhatarpur,/study-abroad-consultants-in-chhatarpur,Test Preparation,local commercial,4 - long tail local
IELTS and test preparation in Damoh,/study-abroad-consultants-in-damoh,Test Preparation,local commercial,4 - long tail local
IELTS and test preparation in Mandsaur,/study-abroad-consultants-in-mandsaur,Test Preparation,local commercial,4 - long tail local
IELTS and test preparation in Neemuch,/study-abroad-consultants-in-neemuch,Test Preparation,local commercial,4 - long tail local
IELTS and test preparation in Narmadapuram,/study-abroad-consultants-in-narmadapuram,Test Preparation,local commercial,4 - long tail local
IELTS and test preparation in Hoshiarpur,/study-abroad-consultants-in-hoshiarpur,Test Preparation,local commercial,4 - long tail local
IELTS and test preparation in Pathankot,/study-abroad-consultants-in-pathankot,Test Preparation,local commercial,4 - long tail local
IELTS and test preparation in Moga,/study-abroad-consultants-in-moga,Test Preparation,local commercial,4 - long tail local
IELTS and test preparation in Batala,/study-abroad-consultants-in-batala,Test Preparation,local commercial,4 - long tail local
IELTS and test preparation in Firozpur,/study-abroad-consultants-in-firozpur,Test Preparation,local commercial,4 - long tail local
IELTS and test preparation in Kapurthala,/study-abroad-consultants-in-kapurthala,Test Preparation,local commercial,4 - long tail local
IELTS and test preparation in Phagwara,/study-abroad-consultants-in-phagwara,Test Preparation,local commercial,4 - long tail local
IELTS and test preparation in Barnala,/study-abroad-consultants-in-barnala,Test Preparation,local commercial,4 - long tail local
IELTS and test preparation in Sangrur,/study-abroad-consultants-in-sangrur,Test Preparation,local commercial,4 - long tail local
IELTS and test preparation in Khanna,/study-abroad-consultants-in-khanna,Test Preparation,local commercial,4 - long tail local
IELTS and test preparation in Muktsar,/study-abroad-consultants-in-muktsar,Test Preparation,local commercial,4 - long tail local
IELTS and test preparation in Faridkot,/study-abroad-consultants-in-faridkot,Test Preparation,local commercial,4 - long tail local
IELTS and test preparation in Rajpura,/study-abroad-consultants-in-rajpura,Test Preparation,local commercial,4 - long tail local
IELTS and test preparation in Gurdaspur,/study-abroad-consultants-in-gurdaspur,Test Preparation,local commercial,4 - long tail local
IELTS and test preparation in Sonipat,/study-abroad-consultants-in-sonipat,Test Preparation,local commercial,4 - long tail local
IELTS and test preparation in Panchkula,/study-abroad-consultants-in-panchkula,Test Preparation,local commercial,4 - long tail local
IELTS and test preparation in Bhiwani,/study-abroad-consultants-in-bhiwani,Test Preparation,local commercial,4 - long tail local
IELTS and test preparation in Sirsa,/study-abroad-consultants-in-sirsa,Test Preparation,local commercial,4 - long tail local
IELTS and test preparation in Bahadurgarh,/study-abroad-consultants-in-bahadurgarh,Test Preparation,local commercial,4 - long tail local
IELTS and test preparation in Jind,/study-abroad-consultants-in-jind,Test Preparation,local commercial,4 - long tail local
IELTS and test preparation in Kurukshetra,/study-abroad-consultants-in-kurukshetra,Test Preparation,local commercial,4 - long tail local
IELTS and test preparation in Kaithal,/study-abroad-consultants-in-kaithal,Test Preparation,local commercial,4 - long tail local
IELTS and test preparation in Rewari,/study-abroad-consultants-in-rewari,Test Preparation,local commercial,4 - long tail local
IELTS and test preparation in Palwal,/study-abroad-consultants-in-palwal,Test Preparation,local commercial,4 - long tail local
IELTS and test preparation in Fatehabad,/study-abroad-consultants-in-fatehabad,Test Preparation,local commercial,4 - long tail local
IELTS and test preparation in Narnaul,/study-abroad-consultants-in-narnaul,Test Preparation,local commercial,4 - long tail local
IELTS and test preparation in Anantapur,/study-abroad-consultants-in-anantapur,Test Preparation,local commercial,4 - long tail local
IELTS and test preparation in Kadapa,/study-abroad-consultants-in-kadapa,Test Preparation,local commercial,4 - long tail local
IELTS and test preparation in Vizianagaram,/study-abroad-consultants-in-vizianagaram,Test Preparation,local commercial,4 - long tail local
IELTS and test preparation in Eluru,/study-abroad-consultants-in-eluru,Test Preparation,local commercial,4 - long tail local
IELTS and test preparation in Ongole,/study-abroad-consultants-in-ongole,Test Preparation,local commercial,4 - long tail local
IELTS and test preparation in Nandyal,/study-abroad-consultants-in-nandyal,Test Preparation,local commercial,4 - long tail local
IELTS and test preparation in Machilipatnam,/study-abroad-consultants-in-machilipatnam,Test Preparation,local commercial,4 - long tail local
IELTS and test preparation in Adoni,/study-abroad-consultants-in-adoni,Test Preparation,local commercial,4 - long tail local
IELTS and test preparation in Tenali,/study-abroad-consultants-in-tenali,Test Preparation,local commercial,4 - long tail local
IELTS and test preparation in Proddatur,/study-abroad-consultants-in-proddatur,Test Preparation,local commercial,4 - long tail local
IELTS and test preparation in Chittoor,/study-abroad-consultants-in-chittoor,Test Preparation,local commercial,4 - long tail local
IELTS and test preparation in Hindupur,/study-abroad-consultants-in-hindupur,Test Preparation,local commercial,4 - long tail local
IELTS and test preparation in Bhimavaram,/study-abroad-consultants-in-bhimavaram,Test Preparation,local commercial,4 - long tail local
IELTS and test preparation in Srikakulam,/study-abroad-consultants-in-srikakulam,Test Preparation,local commercial,4 - long tail local
IELTS and test preparation in Amaravati,/study-abroad-consultants-in-amaravati,Test Preparation,local commercial,4 - long tail local
IELTS and test preparation in Purnia,/study-abroad-consultants-in-purnia,Test Preparation,local commercial,4 - long tail local
IELTS and test preparation in Arrah,/study-abroad-consultants-in-arrah,Test Preparation,local commercial,4 - long tail local
IELTS and test preparation in Begusarai,/study-abroad-consultants-in-begusarai,Test Preparation,local commercial,4 - long tail local
IELTS and test preparation in Katihar,/study-abroad-consultants-in-katihar,Test Preparation,local commercial,4 - long tail local
IELTS and test preparation in Munger,/study-abroad-consultants-in-munger,Test Preparation,local commercial,4 - long tail local
IELTS and test preparation in Chhapra,/study-abroad-consultants-in-chhapra,Test Preparation,local commercial,4 - long tail local
IELTS and test preparation in Danapur,/study-abroad-consultants-in-danapur,Test Preparation,local commercial,4 - long tail local
IELTS and test preparation in Saharsa,/study-abroad-consultants-in-saharsa,Test Preparation,local commercial,4 - long tail local
IELTS and test preparation in Sasaram,/study-abroad-consultants-in-sasaram,Test Preparation,local commercial,4 - long tail local
IELTS and test preparation in Hajipur,/study-abroad-consultants-in-hajipur,Test Preparation,local commercial,4 - long tail local
IELTS and test preparation in Dehri,/study-abroad-consultants-in-dehri,Test Preparation,local commercial,4 - long tail local
IELTS and test preparation in Siwan,/study-abroad-consultants-in-siwan,Test Preparation,local commercial,4 - long tail local
IELTS and test preparation in Motihari,/study-abroad-consultants-in-motihari,Test Preparation,local commercial,4 - long tail local
IELTS and test preparation in Nawada,/study-abroad-consultants-in-nawada,Test Preparation,local commercial,4 - long tail local
IELTS and test preparation in Bettiah,/study-abroad-consultants-in-bettiah,Test Preparation,local commercial,4 - long tail local
IELTS and test preparation in Bihar Sharif,/study-abroad-consultants-in-bihar-sharif,Test Preparation,local commercial,4 - long tail local
IELTS and test preparation in Sambalpur,/study-abroad-consultants-in-sambalpur,Test Preparation,local commercial,4 - long tail local
IELTS and test preparation in Puri,/study-abroad-consultants-in-puri,Test Preparation,local commercial,4 - long tail local
IELTS and test preparation in Balasore,/study-abroad-consultants-in-balasore,Test Preparation,local commercial,4 - long tail local
IELTS and test preparation in Bhadrak,/study-abroad-consultants-in-bhadrak,Test Preparation,local commercial,4 - long tail local
IELTS and test preparation in Baripada,/study-abroad-consultants-in-baripada,Test Preparation,local commercial,4 - long tail local
IELTS and test preparation in Jharsuguda,/study-abroad-consultants-in-jharsuguda,Test Preparation,local commercial,4 - long tail local
IELTS and test preparation in Jeypore,/study-abroad-consultants-in-jeypore,Test Preparation,local commercial,4 - long tail local
IELTS and test preparation in Angul,/study-abroad-consultants-in-angul,Test Preparation,local commercial,4 - long tail local
IELTS and test preparation in Dhenkanal,/study-abroad-consultants-in-dhenkanal,Test Preparation,local commercial,4 - long tail local
IELTS and test preparation in Rayagada,/study-abroad-consultants-in-rayagada,Test Preparation,local commercial,4 - long tail local
IELTS and test preparation in Deoghar,/study-abroad-consultants-in-deoghar,Test Preparation,local commercial,4 - long tail local
IELTS and test preparation in Hazaribagh,/study-abroad-consultants-in-hazaribagh,Test Preparation,local commercial,4 - long tail local
IELTS and test preparation in Giridih,/study-abroad-consultants-in-giridih,Test Preparation,local commercial,4 - long tail local
IELTS and test preparation in Ramgarh,/study-abroad-consultants-in-ramgarh,Test Preparation,local commercial,4 - long tail local
IELTS and test preparation in Phusro,/study-abroad-consultants-in-phusro,Test Preparation,local commercial,4 - long tail local
IELTS and test preparation in Medininagar,/study-abroad-consultants-in-medininagar,Test Preparation,local commercial,4 - long tail local
IELTS and test preparation in Chaibasa,/study-abroad-consultants-in-chaibasa,Test Preparation,local commercial,4 - long tail local
IELTS and test preparation in Dumka,/study-abroad-consultants-in-dumka,Test Preparation,local commercial,4 - long tail local
IELTS and test preparation in Durg,/study-abroad-consultants-in-durg,Test Preparation,local commercial,4 - long tail local
IELTS and test preparation in Rajnandgaon,/study-abroad-consultants-in-rajnandgaon,Test Preparation,local commercial,4 - long tail local
IELTS and test preparation in Jagdalpur,/study-abroad-consultants-in-jagdalpur,Test Preparation,local commercial,4 - long tail local
IELTS and test preparation in Raigarh,/study-abroad-consultants-in-raigarh,Test Preparation,local commercial,4 - long tail local
IELTS and test preparation in Ambikapur,/study-abroad-consultants-in-ambikapur,Test Preparation,local commercial,4 - long tail local
IELTS and test preparation in Dhamtari,/study-abroad-consultants-in-dhamtari,Test Preparation,local commercial,4 - long tail local
IELTS and test preparation in Mahasamund,/study-abroad-consultants-in-mahasamund,Test Preparation,local commercial,4 - long tail local
IELTS and test preparation in Dibrugarh,/study-abroad-consultants-in-dibrugarh,Test Preparation,local commercial,4 - long tail local
IELTS and test preparation in Jorhat,/study-abroad-consultants-in-jorhat,Test Preparation,local commercial,4 - long tail local
IELTS and test preparation in Nagaon,/study-abroad-consultants-in-nagaon,Test Preparation,local commercial,4 - long tail local
IELTS and test preparation in Tinsukia,/study-abroad-consultants-in-tinsukia,Test Preparation,local commercial,4 - long tail local
IELTS and test preparation in Tezpur,/study-abroad-consultants-in-tezpur,Test Preparation,local commercial,4 - long tail local
IELTS and test preparation in Bongaigaon,/study-abroad-consultants-in-bongaigaon,Test Preparation,local commercial,4 - long tail local
IELTS and test preparation in Dhubri,/study-abroad-consultants-in-dhubri,Test Preparation,local commercial,4 - long tail local
IELTS and test preparation in Sivasagar,/study-abroad-consultants-in-sivasagar,Test Preparation,local commercial,4 - long tail local
IELTS and test preparation in Goalpara,/study-abroad-consultants-in-goalpara,Test Preparation,local commercial,4 - long tail local
IELTS and test preparation in Diphu,/study-abroad-consultants-in-diphu,Test Preparation,local commercial,4 - long tail local
IELTS and test preparation in Dispur,/study-abroad-consultants-in-dispur,Test Preparation,local commercial,4 - long tail local
IELTS and test preparation in Haldwani,/study-abroad-consultants-in-haldwani,Test Preparation,local commercial,4 - long tail local
IELTS and test preparation in Roorkee,/study-abroad-consultants-in-roorkee,Test Preparation,local commercial,4 - long tail local
IELTS and test preparation in Rudrapur,/study-abroad-consultants-in-rudrapur,Test Preparation,local commercial,4 - long tail local
IELTS and test preparation in Kashipur,/study-abroad-consultants-in-kashipur,Test Preparation,local commercial,4 - long tail local
IELTS and test preparation in Rishikesh,/study-abroad-consultants-in-rishikesh,Test Preparation,local commercial,4 - long tail local
IELTS and test preparation in Nainital,/study-abroad-consultants-in-nainital,Test Preparation,local commercial,4 - long tail local
IELTS and test preparation in Pithoragarh,/study-abroad-consultants-in-pithoragarh,Test Preparation,local commercial,4 - long tail local
IELTS and test preparation in Almora,/study-abroad-consultants-in-almora,Test Preparation,local commercial,4 - long tail local
IELTS and test preparation in Mussoorie,/study-abroad-consultants-in-mussoorie,Test Preparation,local commercial,4 - long tail local
IELTS and test preparation in Solan,/study-abroad-consultants-in-solan,Test Preparation,local commercial,4 - long tail local
IELTS and test preparation in Dharamshala,/study-abroad-consultants-in-dharamshala,Test Preparation,local commercial,4 - long tail local
IELTS and test preparation in Mandi,/study-abroad-consultants-in-mandi,Test Preparation,local commercial,4 - long tail local
IELTS and test preparation in Kullu,/study-abroad-consultants-in-kullu,Test Preparation,local commercial,4 - long tail local
IELTS and test preparation in Una,/study-abroad-consultants-in-una,Test Preparation,local commercial,4 - long tail local
IELTS and test preparation in Hamirpur,/study-abroad-consultants-in-hamirpur,Test Preparation,local commercial,4 - long tail local
IELTS and test preparation in Bilaspur,/study-abroad-consultants-in-bilaspur,Test Preparation,local commercial,4 - long tail local
IELTS and test preparation in Chamba,/study-abroad-consultants-in-chamba,Test Preparation,local commercial,4 - long tail local
IELTS and test preparation in Nahan,/study-abroad-consultants-in-nahan,Test Preparation,local commercial,4 - long tail local
IELTS and test preparation in Baddi,/study-abroad-consultants-in-baddi,Test Preparation,local commercial,4 - long tail local
IELTS and test preparation in Palampur,/study-abroad-consultants-in-palampur,Test Preparation,local commercial,4 - long tail local
IELTS and test preparation in Margao,/study-abroad-consultants-in-margao,Test Preparation,local commercial,4 - long tail local
IELTS and test preparation in Vasco da Gama,/study-abroad-consultants-in-vasco-da-gama,Test Preparation,local commercial,4 - long tail local
IELTS and test preparation in Mapusa,/study-abroad-consultants-in-mapusa,Test Preparation,local commercial,4 - long tail local
IELTS and test preparation in Ponda,/study-abroad-consultants-in-ponda,Test Preparation,local commercial,4 - long tail local
IELTS and test preparation in Porvorim,/study-abroad-consultants-in-porvorim,Test Preparation,local commercial,4 - long tail local
IELTS and test preparation in Anantnag,/study-abroad-consultants-in-anantnag,Test Preparation,local commercial,4 - long tail local
IELTS and test preparation in Baramulla,/study-abroad-consultants-in-baramulla,Test Preparation,local commercial,4 - long tail local
IELTS and test preparation in Udhampur,/study-abroad-consultants-in-udhampur,Test Preparation,local commercial,4 - long tail local
IELTS and test preparation in Kathua,/study-abroad-consultants-in-kathua,Test Preparation,local commercial,4 - long tail local
IELTS and test preparation in Sopore,/study-abroad-consultants-in-sopore,Test Preparation,local commercial,4 - long tail local
IELTS and test preparation in Kupwara,/study-abroad-consultants-in-kupwara,Test Preparation,local commercial,4 - long tail local
IELTS and test preparation in Karaikal,/study-abroad-consultants-in-karaikal,Test Preparation,local commercial,4 - long tail local
IELTS and test preparation in Yanam,/study-abroad-consultants-in-yanam,Test Preparation,local commercial,4 - long tail local
IELTS and test preparation in Mahe,/study-abroad-consultants-in-mahe,Test Preparation,local commercial,4 - long tail local
IELTS and test preparation in Udaipur,/study-abroad-consultants-in-udaipur,Test Preparation,local commercial,4 - long tail local
IELTS and test preparation in Dharmanagar,/study-abroad-consultants-in-dharmanagar,Test Preparation,local commercial,4 - long tail local
IELTS and test preparation in Kailashahar,/study-abroad-consultants-in-kailashahar,Test Preparation,local commercial,4 - long tail local
IELTS and test preparation in Thoubal,/study-abroad-consultants-in-thoubal,Test Preparation,local commercial,4 - long tail local
IELTS and test preparation in Churachandpur,/study-abroad-consultants-in-churachandpur,Test Preparation,local commercial,4 - long tail local
IELTS and test preparation in Bishnupur,/study-abroad-consultants-in-bishnupur,Test Preparation,local commercial,4 - long tail local
IELTS and test preparation in Tura,/study-abroad-consultants-in-tura,Test Preparation,local commercial,4 - long tail local
IELTS and test preparation in Jowai,/study-abroad-consultants-in-jowai,Test Preparation,local commercial,4 - long tail local
IELTS and test preparation in Nongstoin,/study-abroad-consultants-in-nongstoin,Test Preparation,local commercial,4 - long tail local
IELTS and test preparation in Mokokchung,/study-abroad-consultants-in-mokokchung,Test Preparation,local commercial,4 - long tail local
IELTS and test preparation in Tuensang,/study-abroad-consultants-in-tuensang,Test Preparation,local commercial,4 - long tail local
IELTS and test preparation in Lunglei,/study-abroad-consultants-in-lunglei,Test Preparation,local commercial,4 - long tail local
IELTS and test preparation in Champhai,/study-abroad-consultants-in-champhai,Test Preparation,local commercial,4 - long tail local
IELTS and test preparation in Naharlagun,/study-abroad-consultants-in-naharlagun,Test Preparation,local commercial,4 - long tail local
IELTS and test preparation in Pasighat,/study-abroad-consultants-in-pasighat,Test Preparation,local commercial,4 - long tail local
IELTS and test preparation in Tezu,/study-abroad-consultants-in-tezu,Test Preparation,local commercial,4 - long tail local
IELTS and test preparation in Namchi,/study-abroad-consultants-in-namchi,Test Preparation,local commercial,4 - long tail local
IELTS and test preparation in Gyalshing,/study-abroad-consultants-in-gyalshing,Test Preparation,local commercial,4 - long tail local
IELTS and test preparation in Mangan,/study-abroad-consultants-in-mangan,Test Preparation,local commercial,4 - long tail local
IELTS and test preparation in Port Blair,/study-abroad-consultants-in-port-blair,Test Preparation,local commercial,4 - long tail local
IELTS and test preparation in Car Nicobar,/study-abroad-consultants-in-car-nicobar,Test Preparation,local commercial,4 - long tail local
IELTS and test preparation in Leh,/study-abroad-consultants-in-leh,Test Preparation,local commercial,4 - long tail local
IELTS and test preparation in Kargil,/study-abroad-consultants-in-kargil,Test Preparation,local commercial,4 - long tail local
IELTS and test preparation in Silvassa,/study-abroad-consultants-in-silvassa,Test Preparation,local commercial,4 - long tail local
IELTS and test preparation in Daman,/study-abroad-consultants-in-daman,Test Preparation,local commercial,4 - long tail local
IELTS and test preparation in Diu,/study-abroad-consultants-in-diu,Test Preparation,local commercial,4 - long tail local
student forex card,/travel-forex-assistance,Travel & Forex,commercial,1 - head
study abroad forex services,/travel-forex-assistance,Travel & Forex,commercial,1 - head
best forex card for students abroad,/travel-forex-assistance,Travel & Forex,commercial,2 - body
how to send tuition fees abroad,/travel-forex-assistance,Travel & Forex,commercial,2 - body
LRS limit for education remittance,/travel-forex-assistance,Travel & Forex,commercial,2 - body
student travel insurance and forex,/travel-forex-assistance,Travel & Forex,commercial,2 - body
how much money can I carry as a student abroad,/travel-forex-assistance,Travel & Forex,informational,3 - long tail / AEO
what is the cheapest way to send money abroad for tuition,/travel-forex-assistance,Travel & Forex,informational,3 - long tail / AEO
student forex in Mumbai,/study-abroad-consultants-in-mumbai,Travel & Forex,local commercial,2 - body
student forex in Pune,/study-abroad-consultants-in-pune,Travel & Forex,local commercial,2 - body
student forex in Nagpur,/study-abroad-consultants-in-nagpur,Travel & Forex,local commercial,2 - body
student forex in Thane,/study-abroad-consultants-in-thane,Travel & Forex,local commercial,2 - body
student forex in Nashik,/study-abroad-consultants-in-nashik,Travel & Forex,local commercial,2 - body
student forex in Navi Mumbai,/study-abroad-consultants-in-navi-mumbai,Travel & Forex,local commercial,2 - body
student forex in Pimpri-Chinchwad,/study-abroad-consultants-in-pimpri-chinchwad,Travel & Forex,local commercial,2 - body
student forex in Kalyan-Dombivli,/study-abroad-consultants-in-kalyan-dombivli,Travel & Forex,local commercial,2 - body
student forex in Vasai-Virar,/study-abroad-consultants-in-vasai-virar,Travel & Forex,local commercial,2 - body
student forex in Chhatrapati Sambhajinagar,/study-abroad-consultants-in-chhatrapati-sambhajinagar,Travel & Forex,local commercial,2 - body
student forex in Solapur,/study-abroad-consultants-in-solapur,Travel & Forex,local commercial,2 - body
student forex in Kolhapur,/study-abroad-consultants-in-kolhapur,Travel & Forex,local commercial,2 - body
student forex in Amravati,/study-abroad-consultants-in-amravati,Travel & Forex,local commercial,2 - body
student forex in Mira-Bhayandar,/study-abroad-consultants-in-mira-bhayandar,Travel & Forex,local commercial,2 - body
student forex in Bengaluru,/study-abroad-consultants-in-bengaluru,Travel & Forex,local commercial,2 - body
student forex in Mysuru,/study-abroad-consultants-in-mysuru,Travel & Forex,local commercial,2 - body
student forex in Hubballi-Dharwad,/study-abroad-consultants-in-hubballi-dharwad,Travel & Forex,local commercial,2 - body
student forex in Mangaluru,/study-abroad-consultants-in-mangaluru,Travel & Forex,local commercial,2 - body
student forex in Belagavi,/study-abroad-consultants-in-belagavi,Travel & Forex,local commercial,2 - body
student forex in Kalaburagi,/study-abroad-consultants-in-kalaburagi,Travel & Forex,local commercial,2 - body
student forex in Davanagere,/study-abroad-consultants-in-davanagere,Travel & Forex,local commercial,2 - body
student forex in Ballari,/study-abroad-consultants-in-ballari,Travel & Forex,local commercial,2 - body
student forex in Chennai,/study-abroad-consultants-in-chennai,Travel & Forex,local commercial,2 - body
student forex in Coimbatore,/study-abroad-consultants-in-coimbatore,Travel & Forex,local commercial,2 - body
student forex in Madurai,/study-abroad-consultants-in-madurai,Travel & Forex,local commercial,2 - body
student forex in Tiruchirappalli,/study-abroad-consultants-in-tiruchirappalli,Travel & Forex,local commercial,2 - body
student forex in Salem,/study-abroad-consultants-in-salem,Travel & Forex,local commercial,2 - body
student forex in Tirunelveli,/study-abroad-consultants-in-tirunelveli,Travel & Forex,local commercial,2 - body
student forex in Tiruppur,/study-abroad-consultants-in-tiruppur,Travel & Forex,local commercial,2 - body
student forex in Erode,/study-abroad-consultants-in-erode,Travel & Forex,local commercial,2 - body
student forex in Vellore,/study-abroad-consultants-in-vellore,Travel & Forex,local commercial,2 - body
student forex in Hyderabad,/study-abroad-consultants-in-hyderabad,Travel & Forex,local commercial,2 - body
student forex in Warangal,/study-abroad-consultants-in-warangal,Travel & Forex,local commercial,2 - body
student forex in Nizamabad,/study-abroad-consultants-in-nizamabad,Travel & Forex,local commercial,2 - body
student forex in Karimnagar,/study-abroad-consultants-in-karimnagar,Travel & Forex,local commercial,2 - body
student forex in Khammam,/study-abroad-consultants-in-khammam,Travel & Forex,local commercial,2 - body
student forex in Secunderabad,/study-abroad-consultants-in-secunderabad,Travel & Forex,local commercial,2 - body
student forex in New Delhi,/study-abroad-consultants-in-new-delhi,Travel & Forex,local commercial,2 - body
student forex in Ahmedabad,/study-abroad-consultants-in-ahmedabad,Travel & Forex,local commercial,2 - body
student forex in Surat,/study-abroad-consultants-in-surat,Travel & Forex,local commercial,2 - body
student forex in Vadodara,/study-abroad-consultants-in-vadodara,Travel & Forex,local commercial,2 - body
student forex in Rajkot,/study-abroad-consultants-in-rajkot,Travel & Forex,local commercial,2 - body
student forex in Bhavnagar,/study-abroad-consultants-in-bhavnagar,Travel & Forex,local commercial,2 - body
student forex in Jamnagar,/study-abroad-consultants-in-jamnagar,Travel & Forex,local commercial,2 - body
student forex in Gandhinagar,/study-abroad-consultants-in-gandhinagar,Travel & Forex,local commercial,2 - body
student forex in Thiruvananthapuram,/study-abroad-consultants-in-thiruvananthapuram,Travel & Forex,local commercial,2 - body
student forex in Kochi,/study-abroad-consultants-in-kochi,Travel & Forex,local commercial,2 - body
student forex in Kozhikode,/study-abroad-consultants-in-kozhikode,Travel & Forex,local commercial,2 - body
student forex in Thrissur,/study-abroad-consultants-in-thrissur,Travel & Forex,local commercial,2 - body
student forex in Kollam,/study-abroad-consultants-in-kollam,Travel & Forex,local commercial,2 - body
student forex in Kannur,/study-abroad-consultants-in-kannur,Travel & Forex,local commercial,2 - body
student forex in Kolkata,/study-abroad-consultants-in-kolkata,Travel & Forex,local commercial,2 - body
student forex in Howrah,/study-abroad-consultants-in-howrah,Travel & Forex,local commercial,2 - body
student forex in Durgapur,/study-abroad-consultants-in-durgapur,Travel & Forex,local commercial,2 - body
student forex in Asansol,/study-abroad-consultants-in-asansol,Travel & Forex,local commercial,2 - body
student forex in Siliguri,/study-abroad-consultants-in-siliguri,Travel & Forex,local commercial,2 - body
student forex in Lucknow,/study-abroad-consultants-in-lucknow,Travel & Forex,local commercial,2 - body
student forex in Kanpur,/study-abroad-consultants-in-kanpur,Travel & Forex,local commercial,2 - body
student forex in Ghaziabad,/study-abroad-consultants-in-ghaziabad,Travel & Forex,local commercial,2 - body
student forex in Agra,/study-abroad-consultants-in-agra,Travel & Forex,local commercial,2 - body
student forex in Varanasi,/study-abroad-consultants-in-varanasi,Travel & Forex,local commercial,2 - body
student forex in Meerut,/study-abroad-consultants-in-meerut,Travel & Forex,local commercial,2 - body
student forex in Prayagraj,/study-abroad-consultants-in-prayagraj,Travel & Forex,local commercial,2 - body
student forex in Noida,/study-abroad-consultants-in-noida,Travel & Forex,local commercial,2 - body
student forex in Bareilly,/study-abroad-consultants-in-bareilly,Travel & Forex,local commercial,2 - body
student forex in Aligarh,/study-abroad-consultants-in-aligarh,Travel & Forex,local commercial,2 - body
student forex in Moradabad,/study-abroad-consultants-in-moradabad,Travel & Forex,local commercial,2 - body
student forex in Gorakhpur,/study-abroad-consultants-in-gorakhpur,Travel & Forex,local commercial,2 - body
student forex in Saharanpur,/study-abroad-consultants-in-saharanpur,Travel & Forex,local commercial,2 - body
student forex in Greater Noida,/study-abroad-consultants-in-greater-noida,Travel & Forex,local commercial,2 - body
student forex in Jaipur,/study-abroad-consultants-in-jaipur,Travel & Forex,local commercial,2 - body
student forex in Jodhpur,/study-abroad-consultants-in-jodhpur,Travel & Forex,local commercial,2 - body
student forex in Kota,/study-abroad-consultants-in-kota,Travel & Forex,local commercial,2 - body
student forex in Bikaner,/study-abroad-consultants-in-bikaner,Travel & Forex,local commercial,2 - body
student forex in Ajmer,/study-abroad-consultants-in-ajmer,Travel & Forex,local commercial,2 - body
student forex in Udaipur,/study-abroad-consultants-in-udaipur,Travel & Forex,local commercial,2 - body
student forex in Indore,/study-abroad-consultants-in-indore,Travel & Forex,local commercial,2 - body
student forex in Bhopal,/study-abroad-consultants-in-bhopal,Travel & Forex,local commercial,2 - body
student forex in Jabalpur,/study-abroad-consultants-in-jabalpur,Travel & Forex,local commercial,2 - body
student forex in Gwalior,/study-abroad-consultants-in-gwalior,Travel & Forex,local commercial,2 - body
student forex in Ujjain,/study-abroad-consultants-in-ujjain,Travel & Forex,local commercial,2 - body
student forex in Ludhiana,/study-abroad-consultants-in-ludhiana,Travel & Forex,local commercial,2 - body
student forex in Amritsar,/study-abroad-consultants-in-amritsar,Travel & Forex,local commercial,2 - body
student forex in Jalandhar,/study-abroad-consultants-in-jalandhar,Travel & Forex,local commercial,2 - body
student forex in Patiala,/study-abroad-consultants-in-patiala,Travel & Forex,local commercial,2 - body
student forex in Bathinda,/study-abroad-consultants-in-bathinda,Travel & Forex,local commercial,2 - body
student forex in Mohali,/study-abroad-consultants-in-mohali,Travel & Forex,local commercial,2 - body
student forex in Gurugram,/study-abroad-consultants-in-gurugram,Travel & Forex,local commercial,2 - body
student forex in Faridabad,/study-abroad-consultants-in-faridabad,Travel & Forex,local commercial,2 - body
student forex in Panipat,/study-abroad-consultants-in-panipat,Travel & Forex,local commercial,2 - body
student forex in Ambala,/study-abroad-consultants-in-ambala,Travel & Forex,local commercial,2 - body
student forex in Yamunanagar,/study-abroad-consultants-in-yamunanagar,Travel & Forex,local commercial,2 - body
student forex in Rohtak,/study-abroad-consultants-in-rohtak,Travel & Forex,local commercial,2 - body
student forex in Hisar,/study-abroad-consultants-in-hisar,Travel & Forex,local commercial,2 - body
student forex in Karnal,/study-abroad-consultants-in-karnal,Travel & Forex,local commercial,2 - body
student forex in Visakhapatnam,/study-abroad-consultants-in-visakhapatnam,Travel & Forex,local commercial,2 - body
student forex in Vijayawada,/study-abroad-consultants-in-vijayawada,Travel & Forex,local commercial,2 - body
student forex in Guntur,/study-abroad-consultants-in-guntur,Travel & Forex,local commercial,2 - body
student forex in Nellore,/study-abroad-consultants-in-nellore,Travel & Forex,local commercial,2 - body
student forex in Kurnool,/study-abroad-consultants-in-kurnool,Travel & Forex,local commercial,2 - body
student forex in Rajahmundry,/study-abroad-consultants-in-rajahmundry,Travel & Forex,local commercial,2 - body
student forex in Tirupati,/study-abroad-consultants-in-tirupati,Travel & Forex,local commercial,2 - body
student forex in Kakinada,/study-abroad-consultants-in-kakinada,Travel & Forex,local commercial,2 - body
student forex in Patna,/study-abroad-consultants-in-patna,Travel & Forex,local commercial,2 - body
student forex in Gaya,/study-abroad-consultants-in-gaya,Travel & Forex,local commercial,2 - body
student forex in Bhagalpur,/study-abroad-consultants-in-bhagalpur,Travel & Forex,local commercial,2 - body
student forex in Muzaffarpur,/study-abroad-consultants-in-muzaffarpur,Travel & Forex,local commercial,2 - body
student forex in Darbhanga,/study-abroad-consultants-in-darbhanga,Travel & Forex,local commercial,2 - body
student forex in Bhubaneswar,/study-abroad-consultants-in-bhubaneswar,Travel & Forex,local commercial,2 - body
student forex in Cuttack,/study-abroad-consultants-in-cuttack,Travel & Forex,local commercial,2 - body
student forex in Rourkela,/study-abroad-consultants-in-rourkela,Travel & Forex,local commercial,2 - body
student forex in Berhampur,/study-abroad-consultants-in-berhampur,Travel & Forex,local commercial,2 - body
student forex in Ranchi,/study-abroad-consultants-in-ranchi,Travel & Forex,local commercial,2 - body
student forex in Jamshedpur,/study-abroad-consultants-in-jamshedpur,Travel & Forex,local commercial,2 - body
student forex in Dhanbad,/study-abroad-consultants-in-dhanbad,Travel & Forex,local commercial,2 - body
student forex in Bokaro,/study-abroad-consultants-in-bokaro,Travel & Forex,local commercial,2 - body
student forex in Raipur,/study-abroad-consultants-in-raipur,Travel & Forex,local commercial,2 - body
student forex in Bhilai,/study-abroad-consultants-in-bhilai,Travel & Forex,local commercial,2 - body
student forex in Bilaspur,/study-abroad-consultants-in-bilaspur,Travel & Forex,local commercial,2 - body
student forex in Korba,/study-abroad-consultants-in-korba,Travel & Forex,local commercial,2 - body
student forex in Guwahati,/study-abroad-consultants-in-guwahati,Travel & Forex,local commercial,2 - body
student forex in Silchar,/study-abroad-consultants-in-silchar,Travel & Forex,local commercial,2 - body
student forex in Dehradun,/study-abroad-consultants-in-dehradun,Travel & Forex,local commercial,2 - body
student forex in Haridwar,/study-abroad-consultants-in-haridwar,Travel & Forex,local commercial,2 - body
student forex in Shimla,/study-abroad-consultants-in-shimla,Travel & Forex,local commercial,2 - body
student forex in Panaji,/study-abroad-consultants-in-panaji,Travel & Forex,local commercial,2 - body
student forex in Srinagar,/study-abroad-consultants-in-srinagar,Travel & Forex,local commercial,2 - body
student forex in Jammu,/study-abroad-consultants-in-jammu,Travel & Forex,local commercial,2 - body
student forex in Chandigarh,/study-abroad-consultants-in-chandigarh,Travel & Forex,local commercial,2 - body
student forex in Puducherry,/study-abroad-consultants-in-puducherry,Travel & Forex,local commercial,2 - body
student forex in Agartala,/study-abroad-consultants-in-agartala,Travel & Forex,local commercial,2 - body
student forex in Imphal,/study-abroad-consultants-in-imphal,Travel & Forex,local commercial,2 - body
student forex in Shillong,/study-abroad-consultants-in-shillong,Travel & Forex,local commercial,2 - body
student forex in Kohima,/study-abroad-consultants-in-kohima,Travel & Forex,local commercial,2 - body
student forex in Dimapur,/study-abroad-consultants-in-dimapur,Travel & Forex,local commercial,2 - body
student forex in Aizawl,/study-abroad-consultants-in-aizawl,Travel & Forex,local commercial,2 - body
student forex in Itanagar,/study-abroad-consultants-in-itanagar,Travel & Forex,local commercial,2 - body
student forex in Gangtok,/study-abroad-consultants-in-gangtok,Travel & Forex,local commercial,2 - body
student forex in Bhiwandi,/study-abroad-consultants-in-bhiwandi,Travel & Forex,local commercial,4 - long tail local
student forex in Nanded,/study-abroad-consultants-in-nanded,Travel & Forex,local commercial,4 - long tail local
student forex in Sangli,/study-abroad-consultants-in-sangli,Travel & Forex,local commercial,4 - long tail local
student forex in Jalgaon,/study-abroad-consultants-in-jalgaon,Travel & Forex,local commercial,4 - long tail local
student forex in Akola,/study-abroad-consultants-in-akola,Travel & Forex,local commercial,4 - long tail local
student forex in Latur,/study-abroad-consultants-in-latur,Travel & Forex,local commercial,4 - long tail local
student forex in Dhule,/study-abroad-consultants-in-dhule,Travel & Forex,local commercial,4 - long tail local
student forex in Ahmednagar,/study-abroad-consultants-in-ahmednagar,Travel & Forex,local commercial,4 - long tail local
student forex in Chandrapur,/study-abroad-consultants-in-chandrapur,Travel & Forex,local commercial,4 - long tail local
student forex in Parbhani,/study-abroad-consultants-in-parbhani,Travel & Forex,local commercial,4 - long tail local
student forex in Ichalkaranji,/study-abroad-consultants-in-ichalkaranji,Travel & Forex,local commercial,4 - long tail local
student forex in Jalna,/study-abroad-consultants-in-jalna,Travel & Forex,local commercial,4 - long tail local
student forex in Ambernath,/study-abroad-consultants-in-ambernath,Travel & Forex,local commercial,4 - long tail local
student forex in Badlapur,/study-abroad-consultants-in-badlapur,Travel & Forex,local commercial,4 - long tail local
student forex in Panvel,/study-abroad-consultants-in-panvel,Travel & Forex,local commercial,4 - long tail local
student forex in Satara,/study-abroad-consultants-in-satara,Travel & Forex,local commercial,4 - long tail local
student forex in Beed,/study-abroad-consultants-in-beed,Travel & Forex,local commercial,4 - long tail local
student forex in Yavatmal,/study-abroad-consultants-in-yavatmal,Travel & Forex,local commercial,4 - long tail local
student forex in Wardha,/study-abroad-consultants-in-wardha,Travel & Forex,local commercial,4 - long tail local
student forex in Ratnagiri,/study-abroad-consultants-in-ratnagiri,Travel & Forex,local commercial,4 - long tail local
student forex in Ulhasnagar,/study-abroad-consultants-in-ulhasnagar,Travel & Forex,local commercial,4 - long tail local
student forex in Andheri,/study-abroad-consultants-in-andheri,Travel & Forex,local commercial,4 - long tail local
student forex in Ghatkopar,/study-abroad-consultants-in-ghatkopar,Travel & Forex,local commercial,4 - long tail local
student forex in Borivali,/study-abroad-consultants-in-borivali,Travel & Forex,local commercial,4 - long tail local
student forex in Dadar,/study-abroad-consultants-in-dadar,Travel & Forex,local commercial,4 - long tail local
student forex in Powai,/study-abroad-consultants-in-powai,Travel & Forex,local commercial,4 - long tail local
student forex in Vijayapura,/study-abroad-consultants-in-vijayapura,Travel & Forex,local commercial,4 - long tail local
student forex in Shivamogga,/study-abroad-consultants-in-shivamogga,Travel & Forex,local commercial,4 - long tail local
student forex in Tumakuru,/study-abroad-consultants-in-tumakuru,Travel & Forex,local commercial,4 - long tail local
student forex in Raichur,/study-abroad-consultants-in-raichur,Travel & Forex,local commercial,4 - long tail local
student forex in Bidar,/study-abroad-consultants-in-bidar,Travel & Forex,local commercial,4 - long tail local
student forex in Hassan,/study-abroad-consultants-in-hassan,Travel & Forex,local commercial,4 - long tail local
student forex in Udupi,/study-abroad-consultants-in-udupi,Travel & Forex,local commercial,4 - long tail local
student forex in Gadag,/study-abroad-consultants-in-gadag,Travel & Forex,local commercial,4 - long tail local
student forex in Chitradurga,/study-abroad-consultants-in-chitradurga,Travel & Forex,local commercial,4 - long tail local
student forex in Kolar,/study-abroad-consultants-in-kolar,Travel & Forex,local commercial,4 - long tail local
student forex in Mandya,/study-abroad-consultants-in-mandya,Travel & Forex,local commercial,4 - long tail local
student forex in Bagalkot,/study-abroad-consultants-in-bagalkot,Travel & Forex,local commercial,4 - long tail local
student forex in Karwar,/study-abroad-consultants-in-karwar,Travel & Forex,local commercial,4 - long tail local
student forex in Chikkamagaluru,/study-abroad-consultants-in-chikkamagaluru,Travel & Forex,local commercial,4 - long tail local
student forex in Whitefield,/study-abroad-consultants-in-whitefield,Travel & Forex,local commercial,4 - long tail local
student forex in Electronic City,/study-abroad-consultants-in-electronic-city,Travel & Forex,local commercial,4 - long tail local
student forex in Jayanagar,/study-abroad-consultants-in-jayanagar,Travel & Forex,local commercial,4 - long tail local
student forex in Thoothukudi,/study-abroad-consultants-in-thoothukudi,Travel & Forex,local commercial,4 - long tail local
student forex in Thanjavur,/study-abroad-consultants-in-thanjavur,Travel & Forex,local commercial,4 - long tail local
student forex in Dindigul,/study-abroad-consultants-in-dindigul,Travel & Forex,local commercial,4 - long tail local
student forex in Cuddalore,/study-abroad-consultants-in-cuddalore,Travel & Forex,local commercial,4 - long tail local
student forex in Kanchipuram,/study-abroad-consultants-in-kanchipuram,Travel & Forex,local commercial,4 - long tail local
student forex in Karur,/study-abroad-consultants-in-karur,Travel & Forex,local commercial,4 - long tail local
student forex in Namakkal,/study-abroad-consultants-in-namakkal,Travel & Forex,local commercial,4 - long tail local
student forex in Hosur,/study-abroad-consultants-in-hosur,Travel & Forex,local commercial,4 - long tail local
student forex in Nagercoil,/study-abroad-consultants-in-nagercoil,Travel & Forex,local commercial,4 - long tail local
student forex in Kumbakonam,/study-abroad-consultants-in-kumbakonam,Travel & Forex,local commercial,4 - long tail local
student forex in Rajapalayam,/study-abroad-consultants-in-rajapalayam,Travel & Forex,local commercial,4 - long tail local
student forex in Sivakasi,/study-abroad-consultants-in-sivakasi,Travel & Forex,local commercial,4 - long tail local
student forex in Pudukkottai,/study-abroad-consultants-in-pudukkottai,Travel & Forex,local commercial,4 - long tail local
student forex in Ambur,/study-abroad-consultants-in-ambur,Travel & Forex,local commercial,4 - long tail local
student forex in Villupuram,/study-abroad-consultants-in-villupuram,Travel & Forex,local commercial,4 - long tail local
student forex in Tambaram,/study-abroad-consultants-in-tambaram,Travel & Forex,local commercial,4 - long tail local
student forex in Avadi,/study-abroad-consultants-in-avadi,Travel & Forex,local commercial,4 - long tail local
student forex in Ooty,/study-abroad-consultants-in-ooty,Travel & Forex,local commercial,4 - long tail local
student forex in Ramagundam,/study-abroad-consultants-in-ramagundam,Travel & Forex,local commercial,4 - long tail local
student forex in Mahbubnagar,/study-abroad-consultants-in-mahbubnagar,Travel & Forex,local commercial,4 - long tail local
student forex in Nalgonda,/study-abroad-consultants-in-nalgonda,Travel & Forex,local commercial,4 - long tail local
student forex in Adilabad,/study-abroad-consultants-in-adilabad,Travel & Forex,local commercial,4 - long tail local
student forex in Suryapet,/study-abroad-consultants-in-suryapet,Travel & Forex,local commercial,4 - long tail local
student forex in Siddipet,/study-abroad-consultants-in-siddipet,Travel & Forex,local commercial,4 - long tail local
student forex in Miryalaguda,/study-abroad-consultants-in-miryalaguda,Travel & Forex,local commercial,4 - long tail local
student forex in Gachibowli,/study-abroad-consultants-in-gachibowli,Travel & Forex,local commercial,4 - long tail local
student forex in Kukatpally,/study-abroad-consultants-in-kukatpally,Travel & Forex,local commercial,4 - long tail local
student forex in Madhapur,/study-abroad-consultants-in-madhapur,Travel & Forex,local commercial,4 - long tail local
student forex in Dwarka,/study-abroad-consultants-in-dwarka,Travel & Forex,local commercial,4 - long tail local
student forex in Rohini,/study-abroad-consultants-in-rohini,Travel & Forex,local commercial,4 - long tail local
student forex in Saket,/study-abroad-consultants-in-saket,Travel & Forex,local commercial,4 - long tail local
student forex in Laxmi Nagar,/study-abroad-consultants-in-laxmi-nagar,Travel & Forex,local commercial,4 - long tail local
student forex in Pitampura,/study-abroad-consultants-in-pitampura,Travel & Forex,local commercial,4 - long tail local
student forex in Janakpuri,/study-abroad-consultants-in-janakpuri,Travel & Forex,local commercial,4 - long tail local
student forex in Karol Bagh,/study-abroad-consultants-in-karol-bagh,Travel & Forex,local commercial,4 - long tail local
student forex in Connaught Place,/study-abroad-consultants-in-connaught-place,Travel & Forex,local commercial,4 - long tail local
student forex in Vasant Kunj,/study-abroad-consultants-in-vasant-kunj,Travel & Forex,local commercial,4 - long tail local
student forex in Mayur Vihar,/study-abroad-consultants-in-mayur-vihar,Travel & Forex,local commercial,4 - long tail local
student forex in Rajouri Garden,/study-abroad-consultants-in-rajouri-garden,Travel & Forex,local commercial,4 - long tail local
student forex in Junagadh,/study-abroad-consultants-in-junagadh,Travel & Forex,local commercial,4 - long tail local
student forex in Anand,/study-abroad-consultants-in-anand,Travel & Forex,local commercial,4 - long tail local
student forex in Nadiad,/study-abroad-consultants-in-nadiad,Travel & Forex,local commercial,4 - long tail local
student forex in Bharuch,/study-abroad-consultants-in-bharuch,Travel & Forex,local commercial,4 - long tail local
student forex in Mehsana,/study-abroad-consultants-in-mehsana,Travel & Forex,local commercial,4 - long tail local
student forex in Navsari,/study-abroad-consultants-in-navsari,Travel & Forex,local commercial,4 - long tail local
student forex in Morbi,/study-abroad-consultants-in-morbi,Travel & Forex,local commercial,4 - long tail local
student forex in Surendranagar,/study-abroad-consultants-in-surendranagar,Travel & Forex,local commercial,4 - long tail local
student forex in Gandhidham,/study-abroad-consultants-in-gandhidham,Travel & Forex,local commercial,4 - long tail local
student forex in Vapi,/study-abroad-consultants-in-vapi,Travel & Forex,local commercial,4 - long tail local
student forex in Valsad,/study-abroad-consultants-in-valsad,Travel & Forex,local commercial,4 - long tail local
student forex in Porbandar,/study-abroad-consultants-in-porbandar,Travel & Forex,local commercial,4 - long tail local
student forex in Veraval,/study-abroad-consultants-in-veraval,Travel & Forex,local commercial,4 - long tail local
student forex in Patan,/study-abroad-consultants-in-patan,Travel & Forex,local commercial,4 - long tail local
student forex in Bhuj,/study-abroad-consultants-in-bhuj,Travel & Forex,local commercial,4 - long tail local
student forex in Palanpur,/study-abroad-consultants-in-palanpur,Travel & Forex,local commercial,4 - long tail local
student forex in Godhra,/study-abroad-consultants-in-godhra,Travel & Forex,local commercial,4 - long tail local
student forex in Ankleshwar,/study-abroad-consultants-in-ankleshwar,Travel & Forex,local commercial,4 - long tail local
student forex in Alappuzha,/study-abroad-consultants-in-alappuzha,Travel & Forex,local commercial,4 - long tail local
student forex in Palakkad,/study-abroad-consultants-in-palakkad,Travel & Forex,local commercial,4 - long tail local
student forex in Malappuram,/study-abroad-consultants-in-malappuram,Travel & Forex,local commercial,4 - long tail local
student forex in Kottayam,/study-abroad-consultants-in-kottayam,Travel & Forex,local commercial,4 - long tail local
student forex in Pathanamthitta,/study-abroad-consultants-in-pathanamthitta,Travel & Forex,local commercial,4 - long tail local
student forex in Idukki,/study-abroad-consultants-in-idukki,Travel & Forex,local commercial,4 - long tail local
student forex in Kasaragod,/study-abroad-consultants-in-kasaragod,Travel & Forex,local commercial,4 - long tail local
student forex in Wayanad,/study-abroad-consultants-in-wayanad,Travel & Forex,local commercial,4 - long tail local
student forex in Ernakulam,/study-abroad-consultants-in-ernakulam,Travel & Forex,local commercial,4 - long tail local
student forex in Manjeri,/study-abroad-consultants-in-manjeri,Travel & Forex,local commercial,4 - long tail local
student forex in Ponnani,/study-abroad-consultants-in-ponnani,Travel & Forex,local commercial,4 - long tail local
student forex in Thalassery,/study-abroad-consultants-in-thalassery,Travel & Forex,local commercial,4 - long tail local
student forex in Bardhaman,/study-abroad-consultants-in-bardhaman,Travel & Forex,local commercial,4 - long tail local
student forex in Malda,/study-abroad-consultants-in-malda,Travel & Forex,local commercial,4 - long tail local
student forex in Kharagpur,/study-abroad-consultants-in-kharagpur,Travel & Forex,local commercial,4 - long tail local
student forex in Haldia,/study-abroad-consultants-in-haldia,Travel & Forex,local commercial,4 - long tail local
student forex in Darjeeling,/study-abroad-consultants-in-darjeeling,Travel & Forex,local commercial,4 - long tail local
student forex in Krishnanagar,/study-abroad-consultants-in-krishnanagar,Travel & Forex,local commercial,4 - long tail local
student forex in Barasat,/study-abroad-consultants-in-barasat,Travel & Forex,local commercial,4 - long tail local
student forex in Berhampore,/study-abroad-consultants-in-berhampore,Travel & Forex,local commercial,4 - long tail local
student forex in Bankura,/study-abroad-consultants-in-bankura,Travel & Forex,local commercial,4 - long tail local
student forex in Jalpaiguri,/study-abroad-consultants-in-jalpaiguri,Travel & Forex,local commercial,4 - long tail local
student forex in Cooch Behar,/study-abroad-consultants-in-cooch-behar,Travel & Forex,local commercial,4 - long tail local
student forex in Raiganj,/study-abroad-consultants-in-raiganj,Travel & Forex,local commercial,4 - long tail local
student forex in Salt Lake,/study-abroad-consultants-in-salt-lake,Travel & Forex,local commercial,4 - long tail local
student forex in Barrackpore,/study-abroad-consultants-in-barrackpore,Travel & Forex,local commercial,4 - long tail local
student forex in Serampore,/study-abroad-consultants-in-serampore,Travel & Forex,local commercial,4 - long tail local
student forex in Jhansi,/study-abroad-consultants-in-jhansi,Travel & Forex,local commercial,4 - long tail local
student forex in Firozabad,/study-abroad-consultants-in-firozabad,Travel & Forex,local commercial,4 - long tail local
student forex in Muzaffarnagar,/study-abroad-consultants-in-muzaffarnagar,Travel & Forex,local commercial,4 - long tail local
student forex in Mathura,/study-abroad-consultants-in-mathura,Travel & Forex,local commercial,4 - long tail local
student forex in Shahjahanpur,/study-abroad-consultants-in-shahjahanpur,Travel & Forex,local commercial,4 - long tail local
student forex in Rampur,/study-abroad-consultants-in-rampur,Travel & Forex,local commercial,4 - long tail local
student forex in Mau,/study-abroad-consultants-in-mau,Travel & Forex,local commercial,4 - long tail local
student forex in Farrukhabad,/study-abroad-consultants-in-farrukhabad,Travel & Forex,local commercial,4 - long tail local
student forex in Hapur,/study-abroad-consultants-in-hapur,Travel & Forex,local commercial,4 - long tail local
student forex in Etawah,/study-abroad-consultants-in-etawah,Travel & Forex,local commercial,4 - long tail local
student forex in Mirzapur,/study-abroad-consultants-in-mirzapur,Travel & Forex,local commercial,4 - long tail local
student forex in Bulandshahr,/study-abroad-consultants-in-bulandshahr,Travel & Forex,local commercial,4 - long tail local
student forex in Sambhal,/study-abroad-consultants-in-sambhal,Travel & Forex,local commercial,4 - long tail local
student forex in Amroha,/study-abroad-consultants-in-amroha,Travel & Forex,local commercial,4 - long tail local
student forex in Hardoi,/study-abroad-consultants-in-hardoi,Travel & Forex,local commercial,4 - long tail local
student forex in Fatehpur,/study-abroad-consultants-in-fatehpur,Travel & Forex,local commercial,4 - long tail local
student forex in Raebareli,/study-abroad-consultants-in-raebareli,Travel & Forex,local commercial,4 - long tail local
student forex in Sitapur,/study-abroad-consultants-in-sitapur,Travel & Forex,local commercial,4 - long tail local
student forex in Bahraich,/study-abroad-consultants-in-bahraich,Travel & Forex,local commercial,4 - long tail local
student forex in Unnao,/study-abroad-consultants-in-unnao,Travel & Forex,local commercial,4 - long tail local
student forex in Jaunpur,/study-abroad-consultants-in-jaunpur,Travel & Forex,local commercial,4 - long tail local
student forex in Lakhimpur,/study-abroad-consultants-in-lakhimpur,Travel & Forex,local commercial,4 - long tail local
student forex in Ayodhya,/study-abroad-consultants-in-ayodhya,Travel & Forex,local commercial,4 - long tail local
student forex in Banda,/study-abroad-consultants-in-banda,Travel & Forex,local commercial,4 - long tail local
student forex in Basti,/study-abroad-consultants-in-basti,Travel & Forex,local commercial,4 - long tail local
student forex in Deoria,/study-abroad-consultants-in-deoria,Travel & Forex,local commercial,4 - long tail local
student forex in Bhilwara,/study-abroad-consultants-in-bhilwara,Travel & Forex,local commercial,4 - long tail local
student forex in Alwar,/study-abroad-consultants-in-alwar,Travel & Forex,local commercial,4 - long tail local
student forex in Sikar,/study-abroad-consultants-in-sikar,Travel & Forex,local commercial,4 - long tail local
student forex in Pali,/study-abroad-consultants-in-pali,Travel & Forex,local commercial,4 - long tail local
student forex in Sri Ganganagar,/study-abroad-consultants-in-sri-ganganagar,Travel & Forex,local commercial,4 - long tail local
student forex in Bharatpur,/study-abroad-consultants-in-bharatpur,Travel & Forex,local commercial,4 - long tail local
student forex in Hanumangarh,/study-abroad-consultants-in-hanumangarh,Travel & Forex,local commercial,4 - long tail local
student forex in Chittorgarh,/study-abroad-consultants-in-chittorgarh,Travel & Forex,local commercial,4 - long tail local
student forex in Jhunjhunu,/study-abroad-consultants-in-jhunjhunu,Travel & Forex,local commercial,4 - long tail local
student forex in Banswara,/study-abroad-consultants-in-banswara,Travel & Forex,local commercial,4 - long tail local
student forex in Barmer,/study-abroad-consultants-in-barmer,Travel & Forex,local commercial,4 - long tail local
student forex in Jaisalmer,/study-abroad-consultants-in-jaisalmer,Travel & Forex,local commercial,4 - long tail local
student forex in Nagaur,/study-abroad-consultants-in-nagaur,Travel & Forex,local commercial,4 - long tail local
student forex in Tonk,/study-abroad-consultants-in-tonk,Travel & Forex,local commercial,4 - long tail local
student forex in Dausa,/study-abroad-consultants-in-dausa,Travel & Forex,local commercial,4 - long tail local
student forex in Baran,/study-abroad-consultants-in-baran,Travel & Forex,local commercial,4 - long tail local
student forex in Sagar,/study-abroad-consultants-in-sagar,Travel & Forex,local commercial,4 - long tail local
student forex in Dewas,/study-abroad-consultants-in-dewas,Travel & Forex,local commercial,4 - long tail local
student forex in Satna,/study-abroad-consultants-in-satna,Travel & Forex,local commercial,4 - long tail local
student forex in Ratlam,/study-abroad-consultants-in-ratlam,Travel & Forex,local commercial,4 - long tail local
student forex in Rewa,/study-abroad-consultants-in-rewa,Travel & Forex,local commercial,4 - long tail local
student forex in Katni,/study-abroad-consultants-in-katni,Travel & Forex,local commercial,4 - long tail local
student forex in Singrauli,/study-abroad-consultants-in-singrauli,Travel & Forex,local commercial,4 - long tail local
student forex in Burhanpur,/study-abroad-consultants-in-burhanpur,Travel & Forex,local commercial,4 - long tail local
student forex in Khandwa,/study-abroad-consultants-in-khandwa,Travel & Forex,local commercial,4 - long tail local
student forex in Morena,/study-abroad-consultants-in-morena,Travel & Forex,local commercial,4 - long tail local
student forex in Bhind,/study-abroad-consultants-in-bhind,Travel & Forex,local commercial,4 - long tail local
student forex in Chhindwara,/study-abroad-consultants-in-chhindwara,Travel & Forex,local commercial,4 - long tail local
student forex in Guna,/study-abroad-consultants-in-guna,Travel & Forex,local commercial,4 - long tail local
student forex in Shivpuri,/study-abroad-consultants-in-shivpuri,Travel & Forex,local commercial,4 - long tail local
student forex in Vidisha,/study-abroad-consultants-in-vidisha,Travel & Forex,local commercial,4 - long tail local
student forex in Chhatarpur,/study-abroad-consultants-in-chhatarpur,Travel & Forex,local commercial,4 - long tail local
student forex in Damoh,/study-abroad-consultants-in-damoh,Travel & Forex,local commercial,4 - long tail local
student forex in Mandsaur,/study-abroad-consultants-in-mandsaur,Travel & Forex,local commercial,4 - long tail local
student forex in Neemuch,/study-abroad-consultants-in-neemuch,Travel & Forex,local commercial,4 - long tail local
student forex in Narmadapuram,/study-abroad-consultants-in-narmadapuram,Travel & Forex,local commercial,4 - long tail local
student forex in Hoshiarpur,/study-abroad-consultants-in-hoshiarpur,Travel & Forex,local commercial,4 - long tail local
student forex in Pathankot,/study-abroad-consultants-in-pathankot,Travel & Forex,local commercial,4 - long tail local
student forex in Moga,/study-abroad-consultants-in-moga,Travel & Forex,local commercial,4 - long tail local
student forex in Batala,/study-abroad-consultants-in-batala,Travel & Forex,local commercial,4 - long tail local
student forex in Firozpur,/study-abroad-consultants-in-firozpur,Travel & Forex,local commercial,4 - long tail local
student forex in Kapurthala,/study-abroad-consultants-in-kapurthala,Travel & Forex,local commercial,4 - long tail local
student forex in Phagwara,/study-abroad-consultants-in-phagwara,Travel & Forex,local commercial,4 - long tail local
student forex in Barnala,/study-abroad-consultants-in-barnala,Travel & Forex,local commercial,4 - long tail local
student forex in Sangrur,/study-abroad-consultants-in-sangrur,Travel & Forex,local commercial,4 - long tail local
student forex in Khanna,/study-abroad-consultants-in-khanna,Travel & Forex,local commercial,4 - long tail local
student forex in Muktsar,/study-abroad-consultants-in-muktsar,Travel & Forex,local commercial,4 - long tail local
student forex in Faridkot,/study-abroad-consultants-in-faridkot,Travel & Forex,local commercial,4 - long tail local
student forex in Rajpura,/study-abroad-consultants-in-rajpura,Travel & Forex,local commercial,4 - long tail local
student forex in Gurdaspur,/study-abroad-consultants-in-gurdaspur,Travel & Forex,local commercial,4 - long tail local
student forex in Sonipat,/study-abroad-consultants-in-sonipat,Travel & Forex,local commercial,4 - long tail local
student forex in Panchkula,/study-abroad-consultants-in-panchkula,Travel & Forex,local commercial,4 - long tail local
student forex in Bhiwani,/study-abroad-consultants-in-bhiwani,Travel & Forex,local commercial,4 - long tail local
student forex in Sirsa,/study-abroad-consultants-in-sirsa,Travel & Forex,local commercial,4 - long tail local
student forex in Bahadurgarh,/study-abroad-consultants-in-bahadurgarh,Travel & Forex,local commercial,4 - long tail local
student forex in Jind,/study-abroad-consultants-in-jind,Travel & Forex,local commercial,4 - long tail local
student forex in Kurukshetra,/study-abroad-consultants-in-kurukshetra,Travel & Forex,local commercial,4 - long tail local
student forex in Kaithal,/study-abroad-consultants-in-kaithal,Travel & Forex,local commercial,4 - long tail local
student forex in Rewari,/study-abroad-consultants-in-rewari,Travel & Forex,local commercial,4 - long tail local
student forex in Palwal,/study-abroad-consultants-in-palwal,Travel & Forex,local commercial,4 - long tail local
student forex in Fatehabad,/study-abroad-consultants-in-fatehabad,Travel & Forex,local commercial,4 - long tail local
student forex in Narnaul,/study-abroad-consultants-in-narnaul,Travel & Forex,local commercial,4 - long tail local
student forex in Anantapur,/study-abroad-consultants-in-anantapur,Travel & Forex,local commercial,4 - long tail local
student forex in Kadapa,/study-abroad-consultants-in-kadapa,Travel & Forex,local commercial,4 - long tail local
student forex in Vizianagaram,/study-abroad-consultants-in-vizianagaram,Travel & Forex,local commercial,4 - long tail local
student forex in Eluru,/study-abroad-consultants-in-eluru,Travel & Forex,local commercial,4 - long tail local
student forex in Ongole,/study-abroad-consultants-in-ongole,Travel & Forex,local commercial,4 - long tail local
student forex in Nandyal,/study-abroad-consultants-in-nandyal,Travel & Forex,local commercial,4 - long tail local
student forex in Machilipatnam,/study-abroad-consultants-in-machilipatnam,Travel & Forex,local commercial,4 - long tail local
student forex in Adoni,/study-abroad-consultants-in-adoni,Travel & Forex,local commercial,4 - long tail local
student forex in Tenali,/study-abroad-consultants-in-tenali,Travel & Forex,local commercial,4 - long tail local
student forex in Proddatur,/study-abroad-consultants-in-proddatur,Travel & Forex,local commercial,4 - long tail local
student forex in Chittoor,/study-abroad-consultants-in-chittoor,Travel & Forex,local commercial,4 - long tail local
student forex in Hindupur,/study-abroad-consultants-in-hindupur,Travel & Forex,local commercial,4 - long tail local
student forex in Bhimavaram,/study-abroad-consultants-in-bhimavaram,Travel & Forex,local commercial,4 - long tail local
student forex in Srikakulam,/study-abroad-consultants-in-srikakulam,Travel & Forex,local commercial,4 - long tail local
student forex in Amaravati,/study-abroad-consultants-in-amaravati,Travel & Forex,local commercial,4 - long tail local
student forex in Purnia,/study-abroad-consultants-in-purnia,Travel & Forex,local commercial,4 - long tail local
student forex in Arrah,/study-abroad-consultants-in-arrah,Travel & Forex,local commercial,4 - long tail local
student forex in Begusarai,/study-abroad-consultants-in-begusarai,Travel & Forex,local commercial,4 - long tail local
student forex in Katihar,/study-abroad-consultants-in-katihar,Travel & Forex,local commercial,4 - long tail local
student forex in Munger,/study-abroad-consultants-in-munger,Travel & Forex,local commercial,4 - long tail local
student forex in Chhapra,/study-abroad-consultants-in-chhapra,Travel & Forex,local commercial,4 - long tail local
student forex in Danapur,/study-abroad-consultants-in-danapur,Travel & Forex,local commercial,4 - long tail local
student forex in Saharsa,/study-abroad-consultants-in-saharsa,Travel & Forex,local commercial,4 - long tail local
student forex in Sasaram,/study-abroad-consultants-in-sasaram,Travel & Forex,local commercial,4 - long tail local
student forex in Hajipur,/study-abroad-consultants-in-hajipur,Travel & Forex,local commercial,4 - long tail local
student forex in Dehri,/study-abroad-consultants-in-dehri,Travel & Forex,local commercial,4 - long tail local
student forex in Siwan,/study-abroad-consultants-in-siwan,Travel & Forex,local commercial,4 - long tail local
student forex in Motihari,/study-abroad-consultants-in-motihari,Travel & Forex,local commercial,4 - long tail local
student forex in Nawada,/study-abroad-consultants-in-nawada,Travel & Forex,local commercial,4 - long tail local
student forex in Bettiah,/study-abroad-consultants-in-bettiah,Travel & Forex,local commercial,4 - long tail local
student forex in Bihar Sharif,/study-abroad-consultants-in-bihar-sharif,Travel & Forex,local commercial,4 - long tail local
student forex in Sambalpur,/study-abroad-consultants-in-sambalpur,Travel & Forex,local commercial,4 - long tail local
student forex in Puri,/study-abroad-consultants-in-puri,Travel & Forex,local commercial,4 - long tail local
student forex in Balasore,/study-abroad-consultants-in-balasore,Travel & Forex,local commercial,4 - long tail local
student forex in Bhadrak,/study-abroad-consultants-in-bhadrak,Travel & Forex,local commercial,4 - long tail local
student forex in Baripada,/study-abroad-consultants-in-baripada,Travel & Forex,local commercial,4 - long tail local
student forex in Jharsuguda,/study-abroad-consultants-in-jharsuguda,Travel & Forex,local commercial,4 - long tail local
student forex in Jeypore,/study-abroad-consultants-in-jeypore,Travel & Forex,local commercial,4 - long tail local
student forex in Angul,/study-abroad-consultants-in-angul,Travel & Forex,local commercial,4 - long tail local
student forex in Dhenkanal,/study-abroad-consultants-in-dhenkanal,Travel & Forex,local commercial,4 - long tail local
student forex in Rayagada,/study-abroad-consultants-in-rayagada,Travel & Forex,local commercial,4 - long tail local
student forex in Deoghar,/study-abroad-consultants-in-deoghar,Travel & Forex,local commercial,4 - long tail local
student forex in Hazaribagh,/study-abroad-consultants-in-hazaribagh,Travel & Forex,local commercial,4 - long tail local
student forex in Giridih,/study-abroad-consultants-in-giridih,Travel & Forex,local commercial,4 - long tail local
student forex in Ramgarh,/study-abroad-consultants-in-ramgarh,Travel & Forex,local commercial,4 - long tail local
student forex in Phusro,/study-abroad-consultants-in-phusro,Travel & Forex,local commercial,4 - long tail local
student forex in Medininagar,/study-abroad-consultants-in-medininagar,Travel & Forex,local commercial,4 - long tail local
student forex in Chaibasa,/study-abroad-consultants-in-chaibasa,Travel & Forex,local commercial,4 - long tail local
student forex in Dumka,/study-abroad-consultants-in-dumka,Travel & Forex,local commercial,4 - long tail local
student forex in Durg,/study-abroad-consultants-in-durg,Travel & Forex,local commercial,4 - long tail local
student forex in Rajnandgaon,/study-abroad-consultants-in-rajnandgaon,Travel & Forex,local commercial,4 - long tail local
student forex in Jagdalpur,/study-abroad-consultants-in-jagdalpur,Travel & Forex,local commercial,4 - long tail local
student forex in Raigarh,/study-abroad-consultants-in-raigarh,Travel & Forex,local commercial,4 - long tail local
student forex in Ambikapur,/study-abroad-consultants-in-ambikapur,Travel & Forex,local commercial,4 - long tail local
student forex in Dhamtari,/study-abroad-consultants-in-dhamtari,Travel & Forex,local commercial,4 - long tail local
student forex in Mahasamund,/study-abroad-consultants-in-mahasamund,Travel & Forex,local commercial,4 - long tail local
student forex in Dibrugarh,/study-abroad-consultants-in-dibrugarh,Travel & Forex,local commercial,4 - long tail local
student forex in Jorhat,/study-abroad-consultants-in-jorhat,Travel & Forex,local commercial,4 - long tail local
student forex in Nagaon,/study-abroad-consultants-in-nagaon,Travel & Forex,local commercial,4 - long tail local
student forex in Tinsukia,/study-abroad-consultants-in-tinsukia,Travel & Forex,local commercial,4 - long tail local
student forex in Tezpur,/study-abroad-consultants-in-tezpur,Travel & Forex,local commercial,4 - long tail local
student forex in Bongaigaon,/study-abroad-consultants-in-bongaigaon,Travel & Forex,local commercial,4 - long tail local
student forex in Dhubri,/study-abroad-consultants-in-dhubri,Travel & Forex,local commercial,4 - long tail local
student forex in Sivasagar,/study-abroad-consultants-in-sivasagar,Travel & Forex,local commercial,4 - long tail local
student forex in Goalpara,/study-abroad-consultants-in-goalpara,Travel & Forex,local commercial,4 - long tail local
student forex in Diphu,/study-abroad-consultants-in-diphu,Travel & Forex,local commercial,4 - long tail local
student forex in Dispur,/study-abroad-consultants-in-dispur,Travel & Forex,local commercial,4 - long tail local
student forex in Haldwani,/study-abroad-consultants-in-haldwani,Travel & Forex,local commercial,4 - long tail local
student forex in Roorkee,/study-abroad-consultants-in-roorkee,Travel & Forex,local commercial,4 - long tail local
student forex in Rudrapur,/study-abroad-consultants-in-rudrapur,Travel & Forex,local commercial,4 - long tail local
student forex in Kashipur,/study-abroad-consultants-in-kashipur,Travel & Forex,local commercial,4 - long tail local
student forex in Rishikesh,/study-abroad-consultants-in-rishikesh,Travel & Forex,local commercial,4 - long tail local
student forex in Nainital,/study-abroad-consultants-in-nainital,Travel & Forex,local commercial,4 - long tail local
student forex in Pithoragarh,/study-abroad-consultants-in-pithoragarh,Travel & Forex,local commercial,4 - long tail local
student forex in Almora,/study-abroad-consultants-in-almora,Travel & Forex,local commercial,4 - long tail local
student forex in Mussoorie,/study-abroad-consultants-in-mussoorie,Travel & Forex,local commercial,4 - long tail local
student forex in Solan,/study-abroad-consultants-in-solan,Travel & Forex,local commercial,4 - long tail local
student forex in Dharamshala,/study-abroad-consultants-in-dharamshala,Travel & Forex,local commercial,4 - long tail local
student forex in Mandi,/study-abroad-consultants-in-mandi,Travel & Forex,local commercial,4 - long tail local
student forex in Kullu,/study-abroad-consultants-in-kullu,Travel & Forex,local commercial,4 - long tail local
student forex in Una,/study-abroad-consultants-in-una,Travel & Forex,local commercial,4 - long tail local
student forex in Hamirpur,/study-abroad-consultants-in-hamirpur,Travel & Forex,local commercial,4 - long tail local
student forex in Bilaspur,/study-abroad-consultants-in-bilaspur,Travel & Forex,local commercial,4 - long tail local
student forex in Chamba,/study-abroad-consultants-in-chamba,Travel & Forex,local commercial,4 - long tail local
student forex in Nahan,/study-abroad-consultants-in-nahan,Travel & Forex,local commercial,4 - long tail local
student forex in Baddi,/study-abroad-consultants-in-baddi,Travel & Forex,local commercial,4 - long tail local
student forex in Palampur,/study-abroad-consultants-in-palampur,Travel & Forex,local commercial,4 - long tail local
student forex in Margao,/study-abroad-consultants-in-margao,Travel & Forex,local commercial,4 - long tail local
student forex in Vasco da Gama,/study-abroad-consultants-in-vasco-da-gama,Travel & Forex,local commercial,4 - long tail local
student forex in Mapusa,/study-abroad-consultants-in-mapusa,Travel & Forex,local commercial,4 - long tail local
student forex in Ponda,/study-abroad-consultants-in-ponda,Travel & Forex,local commercial,4 - long tail local
student forex in Porvorim,/study-abroad-consultants-in-porvorim,Travel & Forex,local commercial,4 - long tail local
student forex in Anantnag,/study-abroad-consultants-in-anantnag,Travel & Forex,local commercial,4 - long tail local
student forex in Baramulla,/study-abroad-consultants-in-baramulla,Travel & Forex,local commercial,4 - long tail local
student forex in Udhampur,/study-abroad-consultants-in-udhampur,Travel & Forex,local commercial,4 - long tail local
student forex in Kathua,/study-abroad-consultants-in-kathua,Travel & Forex,local commercial,4 - long tail local
student forex in Sopore,/study-abroad-consultants-in-sopore,Travel & Forex,local commercial,4 - long tail local
student forex in Kupwara,/study-abroad-consultants-in-kupwara,Travel & Forex,local commercial,4 - long tail local
student forex in Karaikal,/study-abroad-consultants-in-karaikal,Travel & Forex,local commercial,4 - long tail local
student forex in Yanam,/study-abroad-consultants-in-yanam,Travel & Forex,local commercial,4 - long tail local
student forex in Mahe,/study-abroad-consultants-in-mahe,Travel & Forex,local commercial,4 - long tail local
student forex in Udaipur,/study-abroad-consultants-in-udaipur,Travel & Forex,local commercial,4 - long tail local
student forex in Dharmanagar,/study-abroad-consultants-in-dharmanagar,Travel & Forex,local commercial,4 - long tail local
student forex in Kailashahar,/study-abroad-consultants-in-kailashahar,Travel & Forex,local commercial,4 - long tail local
student forex in Thoubal,/study-abroad-consultants-in-thoubal,Travel & Forex,local commercial,4 - long tail local
student forex in Churachandpur,/study-abroad-consultants-in-churachandpur,Travel & Forex,local commercial,4 - long tail local
student forex in Bishnupur,/study-abroad-consultants-in-bishnupur,Travel & Forex,local commercial,4 - long tail local
student forex in Tura,/study-abroad-consultants-in-tura,Travel & Forex,local commercial,4 - long tail local
student forex in Jowai,/study-abroad-consultants-in-jowai,Travel & Forex,local commercial,4 - long tail local
student forex in Nongstoin,/study-abroad-consultants-in-nongstoin,Travel & Forex,local commercial,4 - long tail local
student forex in Mokokchung,/study-abroad-consultants-in-mokokchung,Travel & Forex,local commercial,4 - long tail local
student forex in Tuensang,/study-abroad-consultants-in-tuensang,Travel & Forex,local commercial,4 - long tail local
student forex in Lunglei,/study-abroad-consultants-in-lunglei,Travel & Forex,local commercial,4 - long tail local
student forex in Champhai,/study-abroad-consultants-in-champhai,Travel & Forex,local commercial,4 - long tail local
student forex in Naharlagun,/study-abroad-consultants-in-naharlagun,Travel & Forex,local commercial,4 - long tail local
student forex in Pasighat,/study-abroad-consultants-in-pasighat,Travel & Forex,local commercial,4 - long tail local
student forex in Tezu,/study-abroad-consultants-in-tezu,Travel & Forex,local commercial,4 - long tail local
student forex in Namchi,/study-abroad-consultants-in-namchi,Travel & Forex,local commercial,4 - long tail local
student forex in Gyalshing,/study-abroad-consultants-in-gyalshing,Travel & Forex,local commercial,4 - long tail local
student forex in Mangan,/study-abroad-consultants-in-mangan,Travel & Forex,local commercial,4 - long tail local
student forex in Port Blair,/study-abroad-consultants-in-port-blair,Travel & Forex,local commercial,4 - long tail local
student forex in Car Nicobar,/study-abroad-consultants-in-car-nicobar,Travel & Forex,local commercial,4 - long tail local
student forex in Leh,/study-abroad-consultants-in-leh,Travel & Forex,local commercial,4 - long tail local
student forex in Kargil,/study-abroad-consultants-in-kargil,Travel & Forex,local commercial,4 - long tail local
student forex in Silvassa,/study-abroad-consultants-in-silvassa,Travel & Forex,local commercial,4 - long tail local
student forex in Daman,/study-abroad-consultants-in-daman,Travel & Forex,local commercial,4 - long tail local
student forex in Diu,/study-abroad-consultants-in-diu,Travel & Forex,local commercial,4 - long tail local
international student insurance,/insurance-assistance,Insurance,commercial,1 - head
student health insurance abroad,/insurance-assistance,Insurance,commercial,1 - head
is health insurance mandatory for student visa,/insurance-assistance,Insurance,commercial,2 - body
OSHC Australia for Indian students,/insurance-assistance,Insurance,commercial,2 - body
UK IHS surcharge for students,/insurance-assistance,Insurance,commercial,2 - body
student insurance cost abroad,/insurance-assistance,Insurance,commercial,2 - body
does student insurance cover pre existing conditions,/insurance-assistance,Insurance,informational,3 - long tail / AEO
can I waive university health insurance,/insurance-assistance,Insurance,informational,3 - long tail / AEO
student insurance in Mumbai,/study-abroad-consultants-in-mumbai,Insurance,local commercial,2 - body
student insurance in Pune,/study-abroad-consultants-in-pune,Insurance,local commercial,2 - body
student insurance in Nagpur,/study-abroad-consultants-in-nagpur,Insurance,local commercial,2 - body
student insurance in Thane,/study-abroad-consultants-in-thane,Insurance,local commercial,2 - body
student insurance in Nashik,/study-abroad-consultants-in-nashik,Insurance,local commercial,2 - body
student insurance in Navi Mumbai,/study-abroad-consultants-in-navi-mumbai,Insurance,local commercial,2 - body
student insurance in Pimpri-Chinchwad,/study-abroad-consultants-in-pimpri-chinchwad,Insurance,local commercial,2 - body
student insurance in Kalyan-Dombivli,/study-abroad-consultants-in-kalyan-dombivli,Insurance,local commercial,2 - body
student insurance in Vasai-Virar,/study-abroad-consultants-in-vasai-virar,Insurance,local commercial,2 - body
student insurance in Chhatrapati Sambhajinagar,/study-abroad-consultants-in-chhatrapati-sambhajinagar,Insurance,local commercial,2 - body
student insurance in Solapur,/study-abroad-consultants-in-solapur,Insurance,local commercial,2 - body
student insurance in Kolhapur,/study-abroad-consultants-in-kolhapur,Insurance,local commercial,2 - body
student insurance in Amravati,/study-abroad-consultants-in-amravati,Insurance,local commercial,2 - body
student insurance in Mira-Bhayandar,/study-abroad-consultants-in-mira-bhayandar,Insurance,local commercial,2 - body
student insurance in Bengaluru,/study-abroad-consultants-in-bengaluru,Insurance,local commercial,2 - body
student insurance in Mysuru,/study-abroad-consultants-in-mysuru,Insurance,local commercial,2 - body
student insurance in Hubballi-Dharwad,/study-abroad-consultants-in-hubballi-dharwad,Insurance,local commercial,2 - body
student insurance in Mangaluru,/study-abroad-consultants-in-mangaluru,Insurance,local commercial,2 - body
student insurance in Belagavi,/study-abroad-consultants-in-belagavi,Insurance,local commercial,2 - body
student insurance in Kalaburagi,/study-abroad-consultants-in-kalaburagi,Insurance,local commercial,2 - body
student insurance in Davanagere,/study-abroad-consultants-in-davanagere,Insurance,local commercial,2 - body
student insurance in Ballari,/study-abroad-consultants-in-ballari,Insurance,local commercial,2 - body
student insurance in Chennai,/study-abroad-consultants-in-chennai,Insurance,local commercial,2 - body
student insurance in Coimbatore,/study-abroad-consultants-in-coimbatore,Insurance,local commercial,2 - body
student insurance in Madurai,/study-abroad-consultants-in-madurai,Insurance,local commercial,2 - body
student insurance in Tiruchirappalli,/study-abroad-consultants-in-tiruchirappalli,Insurance,local commercial,2 - body
student insurance in Salem,/study-abroad-consultants-in-salem,Insurance,local commercial,2 - body
student insurance in Tirunelveli,/study-abroad-consultants-in-tirunelveli,Insurance,local commercial,2 - body
student insurance in Tiruppur,/study-abroad-consultants-in-tiruppur,Insurance,local commercial,2 - body
student insurance in Erode,/study-abroad-consultants-in-erode,Insurance,local commercial,2 - body
student insurance in Vellore,/study-abroad-consultants-in-vellore,Insurance,local commercial,2 - body
student insurance in Hyderabad,/study-abroad-consultants-in-hyderabad,Insurance,local commercial,2 - body
student insurance in Warangal,/study-abroad-consultants-in-warangal,Insurance,local commercial,2 - body
student insurance in Nizamabad,/study-abroad-consultants-in-nizamabad,Insurance,local commercial,2 - body
student insurance in Karimnagar,/study-abroad-consultants-in-karimnagar,Insurance,local commercial,2 - body
student insurance in Khammam,/study-abroad-consultants-in-khammam,Insurance,local commercial,2 - body
student insurance in Secunderabad,/study-abroad-consultants-in-secunderabad,Insurance,local commercial,2 - body
student insurance in New Delhi,/study-abroad-consultants-in-new-delhi,Insurance,local commercial,2 - body
student insurance in Ahmedabad,/study-abroad-consultants-in-ahmedabad,Insurance,local commercial,2 - body
student insurance in Surat,/study-abroad-consultants-in-surat,Insurance,local commercial,2 - body
student insurance in Vadodara,/study-abroad-consultants-in-vadodara,Insurance,local commercial,2 - body
student insurance in Rajkot,/study-abroad-consultants-in-rajkot,Insurance,local commercial,2 - body
student insurance in Bhavnagar,/study-abroad-consultants-in-bhavnagar,Insurance,local commercial,2 - body
student insurance in Jamnagar,/study-abroad-consultants-in-jamnagar,Insurance,local commercial,2 - body
student insurance in Gandhinagar,/study-abroad-consultants-in-gandhinagar,Insurance,local commercial,2 - body
student insurance in Thiruvananthapuram,/study-abroad-consultants-in-thiruvananthapuram,Insurance,local commercial,2 - body
student insurance in Kochi,/study-abroad-consultants-in-kochi,Insurance,local commercial,2 - body
student insurance in Kozhikode,/study-abroad-consultants-in-kozhikode,Insurance,local commercial,2 - body
student insurance in Thrissur,/study-abroad-consultants-in-thrissur,Insurance,local commercial,2 - body
student insurance in Kollam,/study-abroad-consultants-in-kollam,Insurance,local commercial,2 - body
student insurance in Kannur,/study-abroad-consultants-in-kannur,Insurance,local commercial,2 - body
student insurance in Kolkata,/study-abroad-consultants-in-kolkata,Insurance,local commercial,2 - body
student insurance in Howrah,/study-abroad-consultants-in-howrah,Insurance,local commercial,2 - body
student insurance in Durgapur,/study-abroad-consultants-in-durgapur,Insurance,local commercial,2 - body
student insurance in Asansol,/study-abroad-consultants-in-asansol,Insurance,local commercial,2 - body
student insurance in Siliguri,/study-abroad-consultants-in-siliguri,Insurance,local commercial,2 - body
student insurance in Lucknow,/study-abroad-consultants-in-lucknow,Insurance,local commercial,2 - body
student insurance in Kanpur,/study-abroad-consultants-in-kanpur,Insurance,local commercial,2 - body
student insurance in Ghaziabad,/study-abroad-consultants-in-ghaziabad,Insurance,local commercial,2 - body
student insurance in Agra,/study-abroad-consultants-in-agra,Insurance,local commercial,2 - body
student insurance in Varanasi,/study-abroad-consultants-in-varanasi,Insurance,local commercial,2 - body
student insurance in Meerut,/study-abroad-consultants-in-meerut,Insurance,local commercial,2 - body
student insurance in Prayagraj,/study-abroad-consultants-in-prayagraj,Insurance,local commercial,2 - body
student insurance in Noida,/study-abroad-consultants-in-noida,Insurance,local commercial,2 - body
student insurance in Bareilly,/study-abroad-consultants-in-bareilly,Insurance,local commercial,2 - body
student insurance in Aligarh,/study-abroad-consultants-in-aligarh,Insurance,local commercial,2 - body
student insurance in Moradabad,/study-abroad-consultants-in-moradabad,Insurance,local commercial,2 - body
student insurance in Gorakhpur,/study-abroad-consultants-in-gorakhpur,Insurance,local commercial,2 - body
student insurance in Saharanpur,/study-abroad-consultants-in-saharanpur,Insurance,local commercial,2 - body
student insurance in Greater Noida,/study-abroad-consultants-in-greater-noida,Insurance,local commercial,2 - body
student insurance in Jaipur,/study-abroad-consultants-in-jaipur,Insurance,local commercial,2 - body
student insurance in Jodhpur,/study-abroad-consultants-in-jodhpur,Insurance,local commercial,2 - body
student insurance in Kota,/study-abroad-consultants-in-kota,Insurance,local commercial,2 - body
student insurance in Bikaner,/study-abroad-consultants-in-bikaner,Insurance,local commercial,2 - body
student insurance in Ajmer,/study-abroad-consultants-in-ajmer,Insurance,local commercial,2 - body
student insurance in Udaipur,/study-abroad-consultants-in-udaipur,Insurance,local commercial,2 - body
student insurance in Indore,/study-abroad-consultants-in-indore,Insurance,local commercial,2 - body
student insurance in Bhopal,/study-abroad-consultants-in-bhopal,Insurance,local commercial,2 - body
student insurance in Jabalpur,/study-abroad-consultants-in-jabalpur,Insurance,local commercial,2 - body
student insurance in Gwalior,/study-abroad-consultants-in-gwalior,Insurance,local commercial,2 - body
student insurance in Ujjain,/study-abroad-consultants-in-ujjain,Insurance,local commercial,2 - body
student insurance in Ludhiana,/study-abroad-consultants-in-ludhiana,Insurance,local commercial,2 - body
student insurance in Amritsar,/study-abroad-consultants-in-amritsar,Insurance,local commercial,2 - body
student insurance in Jalandhar,/study-abroad-consultants-in-jalandhar,Insurance,local commercial,2 - body
student insurance in Patiala,/study-abroad-consultants-in-patiala,Insurance,local commercial,2 - body
student insurance in Bathinda,/study-abroad-consultants-in-bathinda,Insurance,local commercial,2 - body
student insurance in Mohali,/study-abroad-consultants-in-mohali,Insurance,local commercial,2 - body
student insurance in Gurugram,/study-abroad-consultants-in-gurugram,Insurance,local commercial,2 - body
student insurance in Faridabad,/study-abroad-consultants-in-faridabad,Insurance,local commercial,2 - body
student insurance in Panipat,/study-abroad-consultants-in-panipat,Insurance,local commercial,2 - body
student insurance in Ambala,/study-abroad-consultants-in-ambala,Insurance,local commercial,2 - body
student insurance in Yamunanagar,/study-abroad-consultants-in-yamunanagar,Insurance,local commercial,2 - body
student insurance in Rohtak,/study-abroad-consultants-in-rohtak,Insurance,local commercial,2 - body
student insurance in Hisar,/study-abroad-consultants-in-hisar,Insurance,local commercial,2 - body
student insurance in Karnal,/study-abroad-consultants-in-karnal,Insurance,local commercial,2 - body
student insurance in Visakhapatnam,/study-abroad-consultants-in-visakhapatnam,Insurance,local commercial,2 - body
student insurance in Vijayawada,/study-abroad-consultants-in-vijayawada,Insurance,local commercial,2 - body
student insurance in Guntur,/study-abroad-consultants-in-guntur,Insurance,local commercial,2 - body
student insurance in Nellore,/study-abroad-consultants-in-nellore,Insurance,local commercial,2 - body
student insurance in Kurnool,/study-abroad-consultants-in-kurnool,Insurance,local commercial,2 - body
student insurance in Rajahmundry,/study-abroad-consultants-in-rajahmundry,Insurance,local commercial,2 - body
student insurance in Tirupati,/study-abroad-consultants-in-tirupati,Insurance,local commercial,2 - body
student insurance in Kakinada,/study-abroad-consultants-in-kakinada,Insurance,local commercial,2 - body
student insurance in Patna,/study-abroad-consultants-in-patna,Insurance,local commercial,2 - body
student insurance in Gaya,/study-abroad-consultants-in-gaya,Insurance,local commercial,2 - body
student insurance in Bhagalpur,/study-abroad-consultants-in-bhagalpur,Insurance,local commercial,2 - body
student insurance in Muzaffarpur,/study-abroad-consultants-in-muzaffarpur,Insurance,local commercial,2 - body
student insurance in Darbhanga,/study-abroad-consultants-in-darbhanga,Insurance,local commercial,2 - body
student insurance in Bhubaneswar,/study-abroad-consultants-in-bhubaneswar,Insurance,local commercial,2 - body
student insurance in Cuttack,/study-abroad-consultants-in-cuttack,Insurance,local commercial,2 - body
student insurance in Rourkela,/study-abroad-consultants-in-rourkela,Insurance,local commercial,2 - body
student insurance in Berhampur,/study-abroad-consultants-in-berhampur,Insurance,local commercial,2 - body
student insurance in Ranchi,/study-abroad-consultants-in-ranchi,Insurance,local commercial,2 - body
student insurance in Jamshedpur,/study-abroad-consultants-in-jamshedpur,Insurance,local commercial,2 - body
student insurance in Dhanbad,/study-abroad-consultants-in-dhanbad,Insurance,local commercial,2 - body
student insurance in Bokaro,/study-abroad-consultants-in-bokaro,Insurance,local commercial,2 - body
student insurance in Raipur,/study-abroad-consultants-in-raipur,Insurance,local commercial,2 - body
student insurance in Bhilai,/study-abroad-consultants-in-bhilai,Insurance,local commercial,2 - body
student insurance in Bilaspur,/study-abroad-consultants-in-bilaspur,Insurance,local commercial,2 - body
student insurance in Korba,/study-abroad-consultants-in-korba,Insurance,local commercial,2 - body
student insurance in Guwahati,/study-abroad-consultants-in-guwahati,Insurance,local commercial,2 - body
student insurance in Silchar,/study-abroad-consultants-in-silchar,Insurance,local commercial,2 - body
student insurance in Dehradun,/study-abroad-consultants-in-dehradun,Insurance,local commercial,2 - body
student insurance in Haridwar,/study-abroad-consultants-in-haridwar,Insurance,local commercial,2 - body
student insurance in Shimla,/study-abroad-consultants-in-shimla,Insurance,local commercial,2 - body
student insurance in Panaji,/study-abroad-consultants-in-panaji,Insurance,local commercial,2 - body
student insurance in Srinagar,/study-abroad-consultants-in-srinagar,Insurance,local commercial,2 - body
student insurance in Jammu,/study-abroad-consultants-in-jammu,Insurance,local commercial,2 - body
student insurance in Chandigarh,/study-abroad-consultants-in-chandigarh,Insurance,local commercial,2 - body
student insurance in Puducherry,/study-abroad-consultants-in-puducherry,Insurance,local commercial,2 - body
student insurance in Agartala,/study-abroad-consultants-in-agartala,Insurance,local commercial,2 - body
student insurance in Imphal,/study-abroad-consultants-in-imphal,Insurance,local commercial,2 - body
student insurance in Shillong,/study-abroad-consultants-in-shillong,Insurance,local commercial,2 - body
student insurance in Kohima,/study-abroad-consultants-in-kohima,Insurance,local commercial,2 - body
student insurance in Dimapur,/study-abroad-consultants-in-dimapur,Insurance,local commercial,2 - body
student insurance in Aizawl,/study-abroad-consultants-in-aizawl,Insurance,local commercial,2 - body
student insurance in Itanagar,/study-abroad-consultants-in-itanagar,Insurance,local commercial,2 - body
student insurance in Gangtok,/study-abroad-consultants-in-gangtok,Insurance,local commercial,2 - body
student insurance in Bhiwandi,/study-abroad-consultants-in-bhiwandi,Insurance,local commercial,4 - long tail local
student insurance in Nanded,/study-abroad-consultants-in-nanded,Insurance,local commercial,4 - long tail local
student insurance in Sangli,/study-abroad-consultants-in-sangli,Insurance,local commercial,4 - long tail local
student insurance in Jalgaon,/study-abroad-consultants-in-jalgaon,Insurance,local commercial,4 - long tail local
student insurance in Akola,/study-abroad-consultants-in-akola,Insurance,local commercial,4 - long tail local
student insurance in Latur,/study-abroad-consultants-in-latur,Insurance,local commercial,4 - long tail local
student insurance in Dhule,/study-abroad-consultants-in-dhule,Insurance,local commercial,4 - long tail local
student insurance in Ahmednagar,/study-abroad-consultants-in-ahmednagar,Insurance,local commercial,4 - long tail local
student insurance in Chandrapur,/study-abroad-consultants-in-chandrapur,Insurance,local commercial,4 - long tail local
student insurance in Parbhani,/study-abroad-consultants-in-parbhani,Insurance,local commercial,4 - long tail local
student insurance in Ichalkaranji,/study-abroad-consultants-in-ichalkaranji,Insurance,local commercial,4 - long tail local
student insurance in Jalna,/study-abroad-consultants-in-jalna,Insurance,local commercial,4 - long tail local
student insurance in Ambernath,/study-abroad-consultants-in-ambernath,Insurance,local commercial,4 - long tail local
student insurance in Badlapur,/study-abroad-consultants-in-badlapur,Insurance,local commercial,4 - long tail local
student insurance in Panvel,/study-abroad-consultants-in-panvel,Insurance,local commercial,4 - long tail local
student insurance in Satara,/study-abroad-consultants-in-satara,Insurance,local commercial,4 - long tail local
student insurance in Beed,/study-abroad-consultants-in-beed,Insurance,local commercial,4 - long tail local
student insurance in Yavatmal,/study-abroad-consultants-in-yavatmal,Insurance,local commercial,4 - long tail local
student insurance in Wardha,/study-abroad-consultants-in-wardha,Insurance,local commercial,4 - long tail local
student insurance in Ratnagiri,/study-abroad-consultants-in-ratnagiri,Insurance,local commercial,4 - long tail local
student insurance in Ulhasnagar,/study-abroad-consultants-in-ulhasnagar,Insurance,local commercial,4 - long tail local
student insurance in Andheri,/study-abroad-consultants-in-andheri,Insurance,local commercial,4 - long tail local
student insurance in Ghatkopar,/study-abroad-consultants-in-ghatkopar,Insurance,local commercial,4 - long tail local
student insurance in Borivali,/study-abroad-consultants-in-borivali,Insurance,local commercial,4 - long tail local
student insurance in Dadar,/study-abroad-consultants-in-dadar,Insurance,local commercial,4 - long tail local
student insurance in Powai,/study-abroad-consultants-in-powai,Insurance,local commercial,4 - long tail local
student insurance in Vijayapura,/study-abroad-consultants-in-vijayapura,Insurance,local commercial,4 - long tail local
student insurance in Shivamogga,/study-abroad-consultants-in-shivamogga,Insurance,local commercial,4 - long tail local
student insurance in Tumakuru,/study-abroad-consultants-in-tumakuru,Insurance,local commercial,4 - long tail local
student insurance in Raichur,/study-abroad-consultants-in-raichur,Insurance,local commercial,4 - long tail local
student insurance in Bidar,/study-abroad-consultants-in-bidar,Insurance,local commercial,4 - long tail local
student insurance in Hassan,/study-abroad-consultants-in-hassan,Insurance,local commercial,4 - long tail local
student insurance in Udupi,/study-abroad-consultants-in-udupi,Insurance,local commercial,4 - long tail local
student insurance in Gadag,/study-abroad-consultants-in-gadag,Insurance,local commercial,4 - long tail local
student insurance in Chitradurga,/study-abroad-consultants-in-chitradurga,Insurance,local commercial,4 - long tail local
student insurance in Kolar,/study-abroad-consultants-in-kolar,Insurance,local commercial,4 - long tail local
student insurance in Mandya,/study-abroad-consultants-in-mandya,Insurance,local commercial,4 - long tail local
student insurance in Bagalkot,/study-abroad-consultants-in-bagalkot,Insurance,local commercial,4 - long tail local
student insurance in Karwar,/study-abroad-consultants-in-karwar,Insurance,local commercial,4 - long tail local
student insurance in Chikkamagaluru,/study-abroad-consultants-in-chikkamagaluru,Insurance,local commercial,4 - long tail local
student insurance in Whitefield,/study-abroad-consultants-in-whitefield,Insurance,local commercial,4 - long tail local
student insurance in Electronic City,/study-abroad-consultants-in-electronic-city,Insurance,local commercial,4 - long tail local
student insurance in Jayanagar,/study-abroad-consultants-in-jayanagar,Insurance,local commercial,4 - long tail local
student insurance in Thoothukudi,/study-abroad-consultants-in-thoothukudi,Insurance,local commercial,4 - long tail local
student insurance in Thanjavur,/study-abroad-consultants-in-thanjavur,Insurance,local commercial,4 - long tail local
student insurance in Dindigul,/study-abroad-consultants-in-dindigul,Insurance,local commercial,4 - long tail local
student insurance in Cuddalore,/study-abroad-consultants-in-cuddalore,Insurance,local commercial,4 - long tail local
student insurance in Kanchipuram,/study-abroad-consultants-in-kanchipuram,Insurance,local commercial,4 - long tail local
student insurance in Karur,/study-abroad-consultants-in-karur,Insurance,local commercial,4 - long tail local
student insurance in Namakkal,/study-abroad-consultants-in-namakkal,Insurance,local commercial,4 - long tail local
student insurance in Hosur,/study-abroad-consultants-in-hosur,Insurance,local commercial,4 - long tail local
student insurance in Nagercoil,/study-abroad-consultants-in-nagercoil,Insurance,local commercial,4 - long tail local
student insurance in Kumbakonam,/study-abroad-consultants-in-kumbakonam,Insurance,local commercial,4 - long tail local
student insurance in Rajapalayam,/study-abroad-consultants-in-rajapalayam,Insurance,local commercial,4 - long tail local
student insurance in Sivakasi,/study-abroad-consultants-in-sivakasi,Insurance,local commercial,4 - long tail local
student insurance in Pudukkottai,/study-abroad-consultants-in-pudukkottai,Insurance,local commercial,4 - long tail local
student insurance in Ambur,/study-abroad-consultants-in-ambur,Insurance,local commercial,4 - long tail local
student insurance in Villupuram,/study-abroad-consultants-in-villupuram,Insurance,local commercial,4 - long tail local
student insurance in Tambaram,/study-abroad-consultants-in-tambaram,Insurance,local commercial,4 - long tail local
student insurance in Avadi,/study-abroad-consultants-in-avadi,Insurance,local commercial,4 - long tail local
student insurance in Ooty,/study-abroad-consultants-in-ooty,Insurance,local commercial,4 - long tail local
student insurance in Ramagundam,/study-abroad-consultants-in-ramagundam,Insurance,local commercial,4 - long tail local
student insurance in Mahbubnagar,/study-abroad-consultants-in-mahbubnagar,Insurance,local commercial,4 - long tail local
student insurance in Nalgonda,/study-abroad-consultants-in-nalgonda,Insurance,local commercial,4 - long tail local
student insurance in Adilabad,/study-abroad-consultants-in-adilabad,Insurance,local commercial,4 - long tail local
student insurance in Suryapet,/study-abroad-consultants-in-suryapet,Insurance,local commercial,4 - long tail local
student insurance in Siddipet,/study-abroad-consultants-in-siddipet,Insurance,local commercial,4 - long tail local
student insurance in Miryalaguda,/study-abroad-consultants-in-miryalaguda,Insurance,local commercial,4 - long tail local
student insurance in Gachibowli,/study-abroad-consultants-in-gachibowli,Insurance,local commercial,4 - long tail local
student insurance in Kukatpally,/study-abroad-consultants-in-kukatpally,Insurance,local commercial,4 - long tail local
student insurance in Madhapur,/study-abroad-consultants-in-madhapur,Insurance,local commercial,4 - long tail local
student insurance in Dwarka,/study-abroad-consultants-in-dwarka,Insurance,local commercial,4 - long tail local
student insurance in Rohini,/study-abroad-consultants-in-rohini,Insurance,local commercial,4 - long tail local
student insurance in Saket,/study-abroad-consultants-in-saket,Insurance,local commercial,4 - long tail local
student insurance in Laxmi Nagar,/study-abroad-consultants-in-laxmi-nagar,Insurance,local commercial,4 - long tail local
student insurance in Pitampura,/study-abroad-consultants-in-pitampura,Insurance,local commercial,4 - long tail local
student insurance in Janakpuri,/study-abroad-consultants-in-janakpuri,Insurance,local commercial,4 - long tail local
student insurance in Karol Bagh,/study-abroad-consultants-in-karol-bagh,Insurance,local commercial,4 - long tail local
student insurance in Connaught Place,/study-abroad-consultants-in-connaught-place,Insurance,local commercial,4 - long tail local
student insurance in Vasant Kunj,/study-abroad-consultants-in-vasant-kunj,Insurance,local commercial,4 - long tail local
student insurance in Mayur Vihar,/study-abroad-consultants-in-mayur-vihar,Insurance,local commercial,4 - long tail local
student insurance in Rajouri Garden,/study-abroad-consultants-in-rajouri-garden,Insurance,local commercial,4 - long tail local
student insurance in Junagadh,/study-abroad-consultants-in-junagadh,Insurance,local commercial,4 - long tail local
student insurance in Anand,/study-abroad-consultants-in-anand,Insurance,local commercial,4 - long tail local
student insurance in Nadiad,/study-abroad-consultants-in-nadiad,Insurance,local commercial,4 - long tail local
student insurance in Bharuch,/study-abroad-consultants-in-bharuch,Insurance,local commercial,4 - long tail local
student insurance in Mehsana,/study-abroad-consultants-in-mehsana,Insurance,local commercial,4 - long tail local
student insurance in Navsari,/study-abroad-consultants-in-navsari,Insurance,local commercial,4 - long tail local
student insurance in Morbi,/study-abroad-consultants-in-morbi,Insurance,local commercial,4 - long tail local
student insurance in Surendranagar,/study-abroad-consultants-in-surendranagar,Insurance,local commercial,4 - long tail local
student insurance in Gandhidham,/study-abroad-consultants-in-gandhidham,Insurance,local commercial,4 - long tail local
student insurance in Vapi,/study-abroad-consultants-in-vapi,Insurance,local commercial,4 - long tail local
student insurance in Valsad,/study-abroad-consultants-in-valsad,Insurance,local commercial,4 - long tail local
student insurance in Porbandar,/study-abroad-consultants-in-porbandar,Insurance,local commercial,4 - long tail local
student insurance in Veraval,/study-abroad-consultants-in-veraval,Insurance,local commercial,4 - long tail local
student insurance in Patan,/study-abroad-consultants-in-patan,Insurance,local commercial,4 - long tail local
student insurance in Bhuj,/study-abroad-consultants-in-bhuj,Insurance,local commercial,4 - long tail local
student insurance in Palanpur,/study-abroad-consultants-in-palanpur,Insurance,local commercial,4 - long tail local
student insurance in Godhra,/study-abroad-consultants-in-godhra,Insurance,local commercial,4 - long tail local
student insurance in Ankleshwar,/study-abroad-consultants-in-ankleshwar,Insurance,local commercial,4 - long tail local
student insurance in Alappuzha,/study-abroad-consultants-in-alappuzha,Insurance,local commercial,4 - long tail local
student insurance in Palakkad,/study-abroad-consultants-in-palakkad,Insurance,local commercial,4 - long tail local
student insurance in Malappuram,/study-abroad-consultants-in-malappuram,Insurance,local commercial,4 - long tail local
student insurance in Kottayam,/study-abroad-consultants-in-kottayam,Insurance,local commercial,4 - long tail local
student insurance in Pathanamthitta,/study-abroad-consultants-in-pathanamthitta,Insurance,local commercial,4 - long tail local
student insurance in Idukki,/study-abroad-consultants-in-idukki,Insurance,local commercial,4 - long tail local
student insurance in Kasaragod,/study-abroad-consultants-in-kasaragod,Insurance,local commercial,4 - long tail local
student insurance in Wayanad,/study-abroad-consultants-in-wayanad,Insurance,local commercial,4 - long tail local
student insurance in Ernakulam,/study-abroad-consultants-in-ernakulam,Insurance,local commercial,4 - long tail local
student insurance in Manjeri,/study-abroad-consultants-in-manjeri,Insurance,local commercial,4 - long tail local
student insurance in Ponnani,/study-abroad-consultants-in-ponnani,Insurance,local commercial,4 - long tail local
student insurance in Thalassery,/study-abroad-consultants-in-thalassery,Insurance,local commercial,4 - long tail local
student insurance in Bardhaman,/study-abroad-consultants-in-bardhaman,Insurance,local commercial,4 - long tail local
student insurance in Malda,/study-abroad-consultants-in-malda,Insurance,local commercial,4 - long tail local
student insurance in Kharagpur,/study-abroad-consultants-in-kharagpur,Insurance,local commercial,4 - long tail local
student insurance in Haldia,/study-abroad-consultants-in-haldia,Insurance,local commercial,4 - long tail local
student insurance in Darjeeling,/study-abroad-consultants-in-darjeeling,Insurance,local commercial,4 - long tail local
student insurance in Krishnanagar,/study-abroad-consultants-in-krishnanagar,Insurance,local commercial,4 - long tail local
student insurance in Barasat,/study-abroad-consultants-in-barasat,Insurance,local commercial,4 - long tail local
student insurance in Berhampore,/study-abroad-consultants-in-berhampore,Insurance,local commercial,4 - long tail local
student insurance in Bankura,/study-abroad-consultants-in-bankura,Insurance,local commercial,4 - long tail local
student insurance in Jalpaiguri,/study-abroad-consultants-in-jalpaiguri,Insurance,local commercial,4 - long tail local
student insurance in Cooch Behar,/study-abroad-consultants-in-cooch-behar,Insurance,local commercial,4 - long tail local
student insurance in Raiganj,/study-abroad-consultants-in-raiganj,Insurance,local commercial,4 - long tail local
student insurance in Salt Lake,/study-abroad-consultants-in-salt-lake,Insurance,local commercial,4 - long tail local
student insurance in Barrackpore,/study-abroad-consultants-in-barrackpore,Insurance,local commercial,4 - long tail local
student insurance in Serampore,/study-abroad-consultants-in-serampore,Insurance,local commercial,4 - long tail local
student insurance in Jhansi,/study-abroad-consultants-in-jhansi,Insurance,local commercial,4 - long tail local
student insurance in Firozabad,/study-abroad-consultants-in-firozabad,Insurance,local commercial,4 - long tail local
student insurance in Muzaffarnagar,/study-abroad-consultants-in-muzaffarnagar,Insurance,local commercial,4 - long tail local
student insurance in Mathura,/study-abroad-consultants-in-mathura,Insurance,local commercial,4 - long tail local
student insurance in Shahjahanpur,/study-abroad-consultants-in-shahjahanpur,Insurance,local commercial,4 - long tail local
student insurance in Rampur,/study-abroad-consultants-in-rampur,Insurance,local commercial,4 - long tail local
student insurance in Mau,/study-abroad-consultants-in-mau,Insurance,local commercial,4 - long tail local
student insurance in Farrukhabad,/study-abroad-consultants-in-farrukhabad,Insurance,local commercial,4 - long tail local
student insurance in Hapur,/study-abroad-consultants-in-hapur,Insurance,local commercial,4 - long tail local
student insurance in Etawah,/study-abroad-consultants-in-etawah,Insurance,local commercial,4 - long tail local
student insurance in Mirzapur,/study-abroad-consultants-in-mirzapur,Insurance,local commercial,4 - long tail local
student insurance in Bulandshahr,/study-abroad-consultants-in-bulandshahr,Insurance,local commercial,4 - long tail local
student insurance in Sambhal,/study-abroad-consultants-in-sambhal,Insurance,local commercial,4 - long tail local
student insurance in Amroha,/study-abroad-consultants-in-amroha,Insurance,local commercial,4 - long tail local
student insurance in Hardoi,/study-abroad-consultants-in-hardoi,Insurance,local commercial,4 - long tail local
student insurance in Fatehpur,/study-abroad-consultants-in-fatehpur,Insurance,local commercial,4 - long tail local
student insurance in Raebareli,/study-abroad-consultants-in-raebareli,Insurance,local commercial,4 - long tail local
student insurance in Sitapur,/study-abroad-consultants-in-sitapur,Insurance,local commercial,4 - long tail local
student insurance in Bahraich,/study-abroad-consultants-in-bahraich,Insurance,local commercial,4 - long tail local
student insurance in Unnao,/study-abroad-consultants-in-unnao,Insurance,local commercial,4 - long tail local
student insurance in Jaunpur,/study-abroad-consultants-in-jaunpur,Insurance,local commercial,4 - long tail local
student insurance in Lakhimpur,/study-abroad-consultants-in-lakhimpur,Insurance,local commercial,4 - long tail local
student insurance in Ayodhya,/study-abroad-consultants-in-ayodhya,Insurance,local commercial,4 - long tail local
student insurance in Banda,/study-abroad-consultants-in-banda,Insurance,local commercial,4 - long tail local
student insurance in Basti,/study-abroad-consultants-in-basti,Insurance,local commercial,4 - long tail local
student insurance in Deoria,/study-abroad-consultants-in-deoria,Insurance,local commercial,4 - long tail local
student insurance in Bhilwara,/study-abroad-consultants-in-bhilwara,Insurance,local commercial,4 - long tail local
student insurance in Alwar,/study-abroad-consultants-in-alwar,Insurance,local commercial,4 - long tail local
student insurance in Sikar,/study-abroad-consultants-in-sikar,Insurance,local commercial,4 - long tail local
student insurance in Pali,/study-abroad-consultants-in-pali,Insurance,local commercial,4 - long tail local
student insurance in Sri Ganganagar,/study-abroad-consultants-in-sri-ganganagar,Insurance,local commercial,4 - long tail local
student insurance in Bharatpur,/study-abroad-consultants-in-bharatpur,Insurance,local commercial,4 - long tail local
student insurance in Hanumangarh,/study-abroad-consultants-in-hanumangarh,Insurance,local commercial,4 - long tail local
student insurance in Chittorgarh,/study-abroad-consultants-in-chittorgarh,Insurance,local commercial,4 - long tail local
student insurance in Jhunjhunu,/study-abroad-consultants-in-jhunjhunu,Insurance,local commercial,4 - long tail local
student insurance in Banswara,/study-abroad-consultants-in-banswara,Insurance,local commercial,4 - long tail local
student insurance in Barmer,/study-abroad-consultants-in-barmer,Insurance,local commercial,4 - long tail local
student insurance in Jaisalmer,/study-abroad-consultants-in-jaisalmer,Insurance,local commercial,4 - long tail local
student insurance in Nagaur,/study-abroad-consultants-in-nagaur,Insurance,local commercial,4 - long tail local
student insurance in Tonk,/study-abroad-consultants-in-tonk,Insurance,local commercial,4 - long tail local
student insurance in Dausa,/study-abroad-consultants-in-dausa,Insurance,local commercial,4 - long tail local
student insurance in Baran,/study-abroad-consultants-in-baran,Insurance,local commercial,4 - long tail local
student insurance in Sagar,/study-abroad-consultants-in-sagar,Insurance,local commercial,4 - long tail local
student insurance in Dewas,/study-abroad-consultants-in-dewas,Insurance,local commercial,4 - long tail local
student insurance in Satna,/study-abroad-consultants-in-satna,Insurance,local commercial,4 - long tail local
student insurance in Ratlam,/study-abroad-consultants-in-ratlam,Insurance,local commercial,4 - long tail local
student insurance in Rewa,/study-abroad-consultants-in-rewa,Insurance,local commercial,4 - long tail local
student insurance in Katni,/study-abroad-consultants-in-katni,Insurance,local commercial,4 - long tail local
student insurance in Singrauli,/study-abroad-consultants-in-singrauli,Insurance,local commercial,4 - long tail local
student insurance in Burhanpur,/study-abroad-consultants-in-burhanpur,Insurance,local commercial,4 - long tail local
student insurance in Khandwa,/study-abroad-consultants-in-khandwa,Insurance,local commercial,4 - long tail local
student insurance in Morena,/study-abroad-consultants-in-morena,Insurance,local commercial,4 - long tail local
student insurance in Bhind,/study-abroad-consultants-in-bhind,Insurance,local commercial,4 - long tail local
student insurance in Chhindwara,/study-abroad-consultants-in-chhindwara,Insurance,local commercial,4 - long tail local
student insurance in Guna,/study-abroad-consultants-in-guna,Insurance,local commercial,4 - long tail local
student insurance in Shivpuri,/study-abroad-consultants-in-shivpuri,Insurance,local commercial,4 - long tail local
student insurance in Vidisha,/study-abroad-consultants-in-vidisha,Insurance,local commercial,4 - long tail local
student insurance in Chhatarpur,/study-abroad-consultants-in-chhatarpur,Insurance,local commercial,4 - long tail local
student insurance in Damoh,/study-abroad-consultants-in-damoh,Insurance,local commercial,4 - long tail local
student insurance in Mandsaur,/study-abroad-consultants-in-mandsaur,Insurance,local commercial,4 - long tail local
student insurance in Neemuch,/study-abroad-consultants-in-neemuch,Insurance,local commercial,4 - long tail local
student insurance in Narmadapuram,/study-abroad-consultants-in-narmadapuram,Insurance,local commercial,4 - long tail local
student insurance in Hoshiarpur,/study-abroad-consultants-in-hoshiarpur,Insurance,local commercial,4 - long tail local
student insurance in Pathankot,/study-abroad-consultants-in-pathankot,Insurance,local commercial,4 - long tail local
student insurance in Moga,/study-abroad-consultants-in-moga,Insurance,local commercial,4 - long tail local
student insurance in Batala,/study-abroad-consultants-in-batala,Insurance,local commercial,4 - long tail local
student insurance in Firozpur,/study-abroad-consultants-in-firozpur,Insurance,local commercial,4 - long tail local
student insurance in Kapurthala,/study-abroad-consultants-in-kapurthala,Insurance,local commercial,4 - long tail local
student insurance in Phagwara,/study-abroad-consultants-in-phagwara,Insurance,local commercial,4 - long tail local
student insurance in Barnala,/study-abroad-consultants-in-barnala,Insurance,local commercial,4 - long tail local
student insurance in Sangrur,/study-abroad-consultants-in-sangrur,Insurance,local commercial,4 - long tail local
student insurance in Khanna,/study-abroad-consultants-in-khanna,Insurance,local commercial,4 - long tail local
student insurance in Muktsar,/study-abroad-consultants-in-muktsar,Insurance,local commercial,4 - long tail local
student insurance in Faridkot,/study-abroad-consultants-in-faridkot,Insurance,local commercial,4 - long tail local
student insurance in Rajpura,/study-abroad-consultants-in-rajpura,Insurance,local commercial,4 - long tail local
student insurance in Gurdaspur,/study-abroad-consultants-in-gurdaspur,Insurance,local commercial,4 - long tail local
student insurance in Sonipat,/study-abroad-consultants-in-sonipat,Insurance,local commercial,4 - long tail local
student insurance in Panchkula,/study-abroad-consultants-in-panchkula,Insurance,local commercial,4 - long tail local
student insurance in Bhiwani,/study-abroad-consultants-in-bhiwani,Insurance,local commercial,4 - long tail local
student insurance in Sirsa,/study-abroad-consultants-in-sirsa,Insurance,local commercial,4 - long tail local
student insurance in Bahadurgarh,/study-abroad-consultants-in-bahadurgarh,Insurance,local commercial,4 - long tail local
student insurance in Jind,/study-abroad-consultants-in-jind,Insurance,local commercial,4 - long tail local
student insurance in Kurukshetra,/study-abroad-consultants-in-kurukshetra,Insurance,local commercial,4 - long tail local
student insurance in Kaithal,/study-abroad-consultants-in-kaithal,Insurance,local commercial,4 - long tail local
student insurance in Rewari,/study-abroad-consultants-in-rewari,Insurance,local commercial,4 - long tail local
student insurance in Palwal,/study-abroad-consultants-in-palwal,Insurance,local commercial,4 - long tail local
student insurance in Fatehabad,/study-abroad-consultants-in-fatehabad,Insurance,local commercial,4 - long tail local
student insurance in Narnaul,/study-abroad-consultants-in-narnaul,Insurance,local commercial,4 - long tail local
student insurance in Anantapur,/study-abroad-consultants-in-anantapur,Insurance,local commercial,4 - long tail local
student insurance in Kadapa,/study-abroad-consultants-in-kadapa,Insurance,local commercial,4 - long tail local
student insurance in Vizianagaram,/study-abroad-consultants-in-vizianagaram,Insurance,local commercial,4 - long tail local
student insurance in Eluru,/study-abroad-consultants-in-eluru,Insurance,local commercial,4 - long tail local
student insurance in Ongole,/study-abroad-consultants-in-ongole,Insurance,local commercial,4 - long tail local
student insurance in Nandyal,/study-abroad-consultants-in-nandyal,Insurance,local commercial,4 - long tail local
student insurance in Machilipatnam,/study-abroad-consultants-in-machilipatnam,Insurance,local commercial,4 - long tail local
student insurance in Adoni,/study-abroad-consultants-in-adoni,Insurance,local commercial,4 - long tail local
student insurance in Tenali,/study-abroad-consultants-in-tenali,Insurance,local commercial,4 - long tail local
student insurance in Proddatur,/study-abroad-consultants-in-proddatur,Insurance,local commercial,4 - long tail local
student insurance in Chittoor,/study-abroad-consultants-in-chittoor,Insurance,local commercial,4 - long tail local
student insurance in Hindupur,/study-abroad-consultants-in-hindupur,Insurance,local commercial,4 - long tail local
student insurance in Bhimavaram,/study-abroad-consultants-in-bhimavaram,Insurance,local commercial,4 - long tail local
student insurance in Srikakulam,/study-abroad-consultants-in-srikakulam,Insurance,local commercial,4 - long tail local
student insurance in Amaravati,/study-abroad-consultants-in-amaravati,Insurance,local commercial,4 - long tail local
student insurance in Purnia,/study-abroad-consultants-in-purnia,Insurance,local commercial,4 - long tail local
student insurance in Arrah,/study-abroad-consultants-in-arrah,Insurance,local commercial,4 - long tail local
student insurance in Begusarai,/study-abroad-consultants-in-begusarai,Insurance,local commercial,4 - long tail local
student insurance in Katihar,/study-abroad-consultants-in-katihar,Insurance,local commercial,4 - long tail local
student insurance in Munger,/study-abroad-consultants-in-munger,Insurance,local commercial,4 - long tail local
student insurance in Chhapra,/study-abroad-consultants-in-chhapra,Insurance,local commercial,4 - long tail local
student insurance in Danapur,/study-abroad-consultants-in-danapur,Insurance,local commercial,4 - long tail local
student insurance in Saharsa,/study-abroad-consultants-in-saharsa,Insurance,local commercial,4 - long tail local
student insurance in Sasaram,/study-abroad-consultants-in-sasaram,Insurance,local commercial,4 - long tail local
student insurance in Hajipur,/study-abroad-consultants-in-hajipur,Insurance,local commercial,4 - long tail local
student insurance in Dehri,/study-abroad-consultants-in-dehri,Insurance,local commercial,4 - long tail local
student insurance in Siwan,/study-abroad-consultants-in-siwan,Insurance,local commercial,4 - long tail local
student insurance in Motihari,/study-abroad-consultants-in-motihari,Insurance,local commercial,4 - long tail local
student insurance in Nawada,/study-abroad-consultants-in-nawada,Insurance,local commercial,4 - long tail local
student insurance in Bettiah,/study-abroad-consultants-in-bettiah,Insurance,local commercial,4 - long tail local
student insurance in Bihar Sharif,/study-abroad-consultants-in-bihar-sharif,Insurance,local commercial,4 - long tail local
student insurance in Sambalpur,/study-abroad-consultants-in-sambalpur,Insurance,local commercial,4 - long tail local
student insurance in Puri,/study-abroad-consultants-in-puri,Insurance,local commercial,4 - long tail local
student insurance in Balasore,/study-abroad-consultants-in-balasore,Insurance,local commercial,4 - long tail local
student insurance in Bhadrak,/study-abroad-consultants-in-bhadrak,Insurance,local commercial,4 - long tail local
student insurance in Baripada,/study-abroad-consultants-in-baripada,Insurance,local commercial,4 - long tail local
student insurance in Jharsuguda,/study-abroad-consultants-in-jharsuguda,Insurance,local commercial,4 - long tail local
student insurance in Jeypore,/study-abroad-consultants-in-jeypore,Insurance,local commercial,4 - long tail local
student insurance in Angul,/study-abroad-consultants-in-angul,Insurance,local commercial,4 - long tail local
student insurance in Dhenkanal,/study-abroad-consultants-in-dhenkanal,Insurance,local commercial,4 - long tail local
student insurance in Rayagada,/study-abroad-consultants-in-rayagada,Insurance,local commercial,4 - long tail local
student insurance in Deoghar,/study-abroad-consultants-in-deoghar,Insurance,local commercial,4 - long tail local
student insurance in Hazaribagh,/study-abroad-consultants-in-hazaribagh,Insurance,local commercial,4 - long tail local
student insurance in Giridih,/study-abroad-consultants-in-giridih,Insurance,local commercial,4 - long tail local
student insurance in Ramgarh,/study-abroad-consultants-in-ramgarh,Insurance,local commercial,4 - long tail local
student insurance in Phusro,/study-abroad-consultants-in-phusro,Insurance,local commercial,4 - long tail local
student insurance in Medininagar,/study-abroad-consultants-in-medininagar,Insurance,local commercial,4 - long tail local
student insurance in Chaibasa,/study-abroad-consultants-in-chaibasa,Insurance,local commercial,4 - long tail local
student insurance in Dumka,/study-abroad-consultants-in-dumka,Insurance,local commercial,4 - long tail local
student insurance in Durg,/study-abroad-consultants-in-durg,Insurance,local commercial,4 - long tail local
student insurance in Rajnandgaon,/study-abroad-consultants-in-rajnandgaon,Insurance,local commercial,4 - long tail local
student insurance in Jagdalpur,/study-abroad-consultants-in-jagdalpur,Insurance,local commercial,4 - long tail local
student insurance in Raigarh,/study-abroad-consultants-in-raigarh,Insurance,local commercial,4 - long tail local
student insurance in Ambikapur,/study-abroad-consultants-in-ambikapur,Insurance,local commercial,4 - long tail local
student insurance in Dhamtari,/study-abroad-consultants-in-dhamtari,Insurance,local commercial,4 - long tail local
student insurance in Mahasamund,/study-abroad-consultants-in-mahasamund,Insurance,local commercial,4 - long tail local
student insurance in Dibrugarh,/study-abroad-consultants-in-dibrugarh,Insurance,local commercial,4 - long tail local
student insurance in Jorhat,/study-abroad-consultants-in-jorhat,Insurance,local commercial,4 - long tail local
student insurance in Nagaon,/study-abroad-consultants-in-nagaon,Insurance,local commercial,4 - long tail local
student insurance in Tinsukia,/study-abroad-consultants-in-tinsukia,Insurance,local commercial,4 - long tail local
student insurance in Tezpur,/study-abroad-consultants-in-tezpur,Insurance,local commercial,4 - long tail local
student insurance in Bongaigaon,/study-abroad-consultants-in-bongaigaon,Insurance,local commercial,4 - long tail local
student insurance in Dhubri,/study-abroad-consultants-in-dhubri,Insurance,local commercial,4 - long tail local
student insurance in Sivasagar,/study-abroad-consultants-in-sivasagar,Insurance,local commercial,4 - long tail local
student insurance in Goalpara,/study-abroad-consultants-in-goalpara,Insurance,local commercial,4 - long tail local
student insurance in Diphu,/study-abroad-consultants-in-diphu,Insurance,local commercial,4 - long tail local
student insurance in Dispur,/study-abroad-consultants-in-dispur,Insurance,local commercial,4 - long tail local
student insurance in Haldwani,/study-abroad-consultants-in-haldwani,Insurance,local commercial,4 - long tail local
student insurance in Roorkee,/study-abroad-consultants-in-roorkee,Insurance,local commercial,4 - long tail local
student insurance in Rudrapur,/study-abroad-consultants-in-rudrapur,Insurance,local commercial,4 - long tail local
student insurance in Kashipur,/study-abroad-consultants-in-kashipur,Insurance,local commercial,4 - long tail local
student insurance in Rishikesh,/study-abroad-consultants-in-rishikesh,Insurance,local commercial,4 - long tail local
student insurance in Nainital,/study-abroad-consultants-in-nainital,Insurance,local commercial,4 - long tail local
student insurance in Pithoragarh,/study-abroad-consultants-in-pithoragarh,Insurance,local commercial,4 - long tail local
student insurance in Almora,/study-abroad-consultants-in-almora,Insurance,local commercial,4 - long tail local
student insurance in Mussoorie,/study-abroad-consultants-in-mussoorie,Insurance,local commercial,4 - long tail local
student insurance in Solan,/study-abroad-consultants-in-solan,Insurance,local commercial,4 - long tail local
student insurance in Dharamshala,/study-abroad-consultants-in-dharamshala,Insurance,local commercial,4 - long tail local
student insurance in Mandi,/study-abroad-consultants-in-mandi,Insurance,local commercial,4 - long tail local
student insurance in Kullu,/study-abroad-consultants-in-kullu,Insurance,local commercial,4 - long tail local
student insurance in Una,/study-abroad-consultants-in-una,Insurance,local commercial,4 - long tail local
student insurance in Hamirpur,/study-abroad-consultants-in-hamirpur,Insurance,local commercial,4 - long tail local
student insurance in Bilaspur,/study-abroad-consultants-in-bilaspur,Insurance,local commercial,4 - long tail local
student insurance in Chamba,/study-abroad-consultants-in-chamba,Insurance,local commercial,4 - long tail local
student insurance in Nahan,/study-abroad-consultants-in-nahan,Insurance,local commercial,4 - long tail local
student insurance in Baddi,/study-abroad-consultants-in-baddi,Insurance,local commercial,4 - long tail local
student insurance in Palampur,/study-abroad-consultants-in-palampur,Insurance,local commercial,4 - long tail local
student insurance in Margao,/study-abroad-consultants-in-margao,Insurance,local commercial,4 - long tail local
student insurance in Vasco da Gama,/study-abroad-consultants-in-vasco-da-gama,Insurance,local commercial,4 - long tail local
student insurance in Mapusa,/study-abroad-consultants-in-mapusa,Insurance,local commercial,4 - long tail local
student insurance in Ponda,/study-abroad-consultants-in-ponda,Insurance,local commercial,4 - long tail local
student insurance in Porvorim,/study-abroad-consultants-in-porvorim,Insurance,local commercial,4 - long tail local
student insurance in Anantnag,/study-abroad-consultants-in-anantnag,Insurance,local commercial,4 - long tail local
student insurance in Baramulla,/study-abroad-consultants-in-baramulla,Insurance,local commercial,4 - long tail local
student insurance in Udhampur,/study-abroad-consultants-in-udhampur,Insurance,local commercial,4 - long tail local
student insurance in Kathua,/study-abroad-consultants-in-kathua,Insurance,local commercial,4 - long tail local
student insurance in Sopore,/study-abroad-consultants-in-sopore,Insurance,local commercial,4 - long tail local
student insurance in Kupwara,/study-abroad-consultants-in-kupwara,Insurance,local commercial,4 - long tail local
student insurance in Karaikal,/study-abroad-consultants-in-karaikal,Insurance,local commercial,4 - long tail local
student insurance in Yanam,/study-abroad-consultants-in-yanam,Insurance,local commercial,4 - long tail local
student insurance in Mahe,/study-abroad-consultants-in-mahe,Insurance,local commercial,4 - long tail local
student insurance in Udaipur,/study-abroad-consultants-in-udaipur,Insurance,local commercial,4 - long tail local
student insurance in Dharmanagar,/study-abroad-consultants-in-dharmanagar,Insurance,local commercial,4 - long tail local
student insurance in Kailashahar,/study-abroad-consultants-in-kailashahar,Insurance,local commercial,4 - long tail local
student insurance in Thoubal,/study-abroad-consultants-in-thoubal,Insurance,local commercial,4 - long tail local
student insurance in Churachandpur,/study-abroad-consultants-in-churachandpur,Insurance,local commercial,4 - long tail local
student insurance in Bishnupur,/study-abroad-consultants-in-bishnupur,Insurance,local commercial,4 - long tail local
student insurance in Tura,/study-abroad-consultants-in-tura,Insurance,local commercial,4 - long tail local
student insurance in Jowai,/study-abroad-consultants-in-jowai,Insurance,local commercial,4 - long tail local
student insurance in Nongstoin,/study-abroad-consultants-in-nongstoin,Insurance,local commercial,4 - long tail local
student insurance in Mokokchung,/study-abroad-consultants-in-mokokchung,Insurance,local commercial,4 - long tail local
student insurance in Tuensang,/study-abroad-consultants-in-tuensang,Insurance,local commercial,4 - long tail local
student insurance in Lunglei,/study-abroad-consultants-in-lunglei,Insurance,local commercial,4 - long tail local
student insurance in Champhai,/study-abroad-consultants-in-champhai,Insurance,local commercial,4 - long tail local
student insurance in Naharlagun,/study-abroad-consultants-in-naharlagun,Insurance,local commercial,4 - long tail local
student insurance in Pasighat,/study-abroad-consultants-in-pasighat,Insurance,local commercial,4 - long tail local
student insurance in Tezu,/study-abroad-consultants-in-tezu,Insurance,local commercial,4 - long tail local
student insurance in Namchi,/study-abroad-consultants-in-namchi,Insurance,local commercial,4 - long tail local
student insurance in Gyalshing,/study-abroad-consultants-in-gyalshing,Insurance,local commercial,4 - long tail local
student insurance in Mangan,/study-abroad-consultants-in-mangan,Insurance,local commercial,4 - long tail local
student insurance in Port Blair,/study-abroad-consultants-in-port-blair,Insurance,local commercial,4 - long tail local
student insurance in Car Nicobar,/study-abroad-consultants-in-car-nicobar,Insurance,local commercial,4 - long tail local
student insurance in Leh,/study-abroad-consultants-in-leh,Insurance,local commercial,4 - long tail local
student insurance in Kargil,/study-abroad-consultants-in-kargil,Insurance,local commercial,4 - long tail local
student insurance in Silvassa,/study-abroad-consultants-in-silvassa,Insurance,local commercial,4 - long tail local
student insurance in Daman,/study-abroad-consultants-in-daman,Insurance,local commercial,4 - long tail local
student insurance in Diu,/study-abroad-consultants-in-diu,Insurance,local commercial,4 - long tail local
study abroad consultants in Mumbai,/study-abroad-consultants-in-mumbai,Location,local commercial,1 - head
overseas education consultants in Mumbai,/study-abroad-consultants-in-mumbai,Location,local commercial,1 - head
best study abroad consultant in Mumbai,/study-abroad-consultants-in-mumbai,Location,local commercial,1 - head
abroad education consultancy in Mumbai,/study-abroad-consultants-in-mumbai,Location,local commercial,1 - head
free study abroad counselling Mumbai,/study-abroad-consultants-in-mumbai,Location,local commercial,1 - head
study abroad consultants in Pune,/study-abroad-consultants-in-pune,Location,local commercial,1 - head
overseas education consultants in Pune,/study-abroad-consultants-in-pune,Location,local commercial,1 - head
best study abroad consultant in Pune,/study-abroad-consultants-in-pune,Location,local commercial,1 - head
abroad education consultancy in Pune,/study-abroad-consultants-in-pune,Location,local commercial,1 - head
free study abroad counselling Pune,/study-abroad-consultants-in-pune,Location,local commercial,1 - head
study abroad consultants in Nagpur,/study-abroad-consultants-in-nagpur,Location,local commercial,2 - body
overseas education consultants in Nagpur,/study-abroad-consultants-in-nagpur,Location,local commercial,2 - body
best study abroad consultant in Nagpur,/study-abroad-consultants-in-nagpur,Location,local commercial,2 - body
abroad education consultancy in Nagpur,/study-abroad-consultants-in-nagpur,Location,local commercial,2 - body
free study abroad counselling Nagpur,/study-abroad-consultants-in-nagpur,Location,local commercial,2 - body
study abroad consultants in Thane,/study-abroad-consultants-in-thane,Location,local commercial,2 - body
overseas education consultants in Thane,/study-abroad-consultants-in-thane,Location,local commercial,2 - body
best study abroad consultant in Thane,/study-abroad-consultants-in-thane,Location,local commercial,2 - body
abroad education consultancy in Thane,/study-abroad-consultants-in-thane,Location,local commercial,2 - body
free study abroad counselling Thane,/study-abroad-consultants-in-thane,Location,local commercial,2 - body
study abroad consultants in Nashik,/study-abroad-consultants-in-nashik,Location,local commercial,2 - body
overseas education consultants in Nashik,/study-abroad-consultants-in-nashik,Location,local commercial,2 - body
best study abroad consultant in Nashik,/study-abroad-consultants-in-nashik,Location,local commercial,2 - body
abroad education consultancy in Nashik,/study-abroad-consultants-in-nashik,Location,local commercial,2 - body
free study abroad counselling Nashik,/study-abroad-consultants-in-nashik,Location,local commercial,2 - body
study abroad consultants in Navi Mumbai,/study-abroad-consultants-in-navi-mumbai,Location,local commercial,2 - body
overseas education consultants in Navi Mumbai,/study-abroad-consultants-in-navi-mumbai,Location,local commercial,2 - body
best study abroad consultant in Navi Mumbai,/study-abroad-consultants-in-navi-mumbai,Location,local commercial,2 - body
abroad education consultancy in Navi Mumbai,/study-abroad-consultants-in-navi-mumbai,Location,local commercial,2 - body
free study abroad counselling Navi Mumbai,/study-abroad-consultants-in-navi-mumbai,Location,local commercial,2 - body
study abroad consultants in Pimpri-Chinchwad,/study-abroad-consultants-in-pimpri-chinchwad,Location,local commercial,2 - body
overseas education consultants in Pimpri-Chinchwad,/study-abroad-consultants-in-pimpri-chinchwad,Location,local commercial,2 - body
best study abroad consultant in Pimpri-Chinchwad,/study-abroad-consultants-in-pimpri-chinchwad,Location,local commercial,2 - body
abroad education consultancy in Pimpri-Chinchwad,/study-abroad-consultants-in-pimpri-chinchwad,Location,local commercial,2 - body
free study abroad counselling Pimpri-Chinchwad,/study-abroad-consultants-in-pimpri-chinchwad,Location,local commercial,2 - body
study abroad consultants in Kalyan-Dombivli,/study-abroad-consultants-in-kalyan-dombivli,Location,local commercial,2 - body
overseas education consultants in Kalyan-Dombivli,/study-abroad-consultants-in-kalyan-dombivli,Location,local commercial,2 - body
best study abroad consultant in Kalyan-Dombivli,/study-abroad-consultants-in-kalyan-dombivli,Location,local commercial,2 - body
abroad education consultancy in Kalyan-Dombivli,/study-abroad-consultants-in-kalyan-dombivli,Location,local commercial,2 - body
free study abroad counselling Kalyan-Dombivli,/study-abroad-consultants-in-kalyan-dombivli,Location,local commercial,2 - body
study abroad consultants in Vasai-Virar,/study-abroad-consultants-in-vasai-virar,Location,local commercial,2 - body
overseas education consultants in Vasai-Virar,/study-abroad-consultants-in-vasai-virar,Location,local commercial,2 - body
best study abroad consultant in Vasai-Virar,/study-abroad-consultants-in-vasai-virar,Location,local commercial,2 - body
abroad education consultancy in Vasai-Virar,/study-abroad-consultants-in-vasai-virar,Location,local commercial,2 - body
free study abroad counselling Vasai-Virar,/study-abroad-consultants-in-vasai-virar,Location,local commercial,2 - body
study abroad consultants in Chhatrapati Sambhajinagar,/study-abroad-consultants-in-chhatrapati-sambhajinagar,Location,local commercial,2 - body
overseas education consultants in Chhatrapati Sambhajinagar,/study-abroad-consultants-in-chhatrapati-sambhajinagar,Location,local commercial,2 - body
best study abroad consultant in Chhatrapati Sambhajinagar,/study-abroad-consultants-in-chhatrapati-sambhajinagar,Location,local commercial,2 - body
abroad education consultancy in Chhatrapati Sambhajinagar,/study-abroad-consultants-in-chhatrapati-sambhajinagar,Location,local commercial,2 - body
free study abroad counselling Chhatrapati Sambhajinagar,/study-abroad-consultants-in-chhatrapati-sambhajinagar,Location,local commercial,2 - body
study abroad consultants in Solapur,/study-abroad-consultants-in-solapur,Location,local commercial,2 - body
overseas education consultants in Solapur,/study-abroad-consultants-in-solapur,Location,local commercial,2 - body
best study abroad consultant in Solapur,/study-abroad-consultants-in-solapur,Location,local commercial,2 - body
abroad education consultancy in Solapur,/study-abroad-consultants-in-solapur,Location,local commercial,2 - body
free study abroad counselling Solapur,/study-abroad-consultants-in-solapur,Location,local commercial,2 - body
study abroad consultants in Kolhapur,/study-abroad-consultants-in-kolhapur,Location,local commercial,2 - body
overseas education consultants in Kolhapur,/study-abroad-consultants-in-kolhapur,Location,local commercial,2 - body
best study abroad consultant in Kolhapur,/study-abroad-consultants-in-kolhapur,Location,local commercial,2 - body
abroad education consultancy in Kolhapur,/study-abroad-consultants-in-kolhapur,Location,local commercial,2 - body
free study abroad counselling Kolhapur,/study-abroad-consultants-in-kolhapur,Location,local commercial,2 - body
study abroad consultants in Amravati,/study-abroad-consultants-in-amravati,Location,local commercial,2 - body
overseas education consultants in Amravati,/study-abroad-consultants-in-amravati,Location,local commercial,2 - body
best study abroad consultant in Amravati,/study-abroad-consultants-in-amravati,Location,local commercial,2 - body
abroad education consultancy in Amravati,/study-abroad-consultants-in-amravati,Location,local commercial,2 - body
free study abroad counselling Amravati,/study-abroad-consultants-in-amravati,Location,local commercial,2 - body
study abroad consultants in Mira-Bhayandar,/study-abroad-consultants-in-mira-bhayandar,Location,local commercial,2 - body
overseas education consultants in Mira-Bhayandar,/study-abroad-consultants-in-mira-bhayandar,Location,local commercial,2 - body
best study abroad consultant in Mira-Bhayandar,/study-abroad-consultants-in-mira-bhayandar,Location,local commercial,2 - body
abroad education consultancy in Mira-Bhayandar,/study-abroad-consultants-in-mira-bhayandar,Location,local commercial,2 - body
free study abroad counselling Mira-Bhayandar,/study-abroad-consultants-in-mira-bhayandar,Location,local commercial,2 - body
study abroad consultants in Bhiwandi,/study-abroad-consultants-in-bhiwandi,Location,local commercial,4 - long tail local
overseas education consultants in Bhiwandi,/study-abroad-consultants-in-bhiwandi,Location,local commercial,4 - long tail local
best study abroad consultant in Bhiwandi,/study-abroad-consultants-in-bhiwandi,Location,local commercial,4 - long tail local
abroad education consultancy in Bhiwandi,/study-abroad-consultants-in-bhiwandi,Location,local commercial,4 - long tail local
free study abroad counselling Bhiwandi,/study-abroad-consultants-in-bhiwandi,Location,local commercial,4 - long tail local
study abroad consultants in Nanded,/study-abroad-consultants-in-nanded,Location,local commercial,4 - long tail local
overseas education consultants in Nanded,/study-abroad-consultants-in-nanded,Location,local commercial,4 - long tail local
best study abroad consultant in Nanded,/study-abroad-consultants-in-nanded,Location,local commercial,4 - long tail local
abroad education consultancy in Nanded,/study-abroad-consultants-in-nanded,Location,local commercial,4 - long tail local
free study abroad counselling Nanded,/study-abroad-consultants-in-nanded,Location,local commercial,4 - long tail local
study abroad consultants in Sangli,/study-abroad-consultants-in-sangli,Location,local commercial,4 - long tail local
overseas education consultants in Sangli,/study-abroad-consultants-in-sangli,Location,local commercial,4 - long tail local
best study abroad consultant in Sangli,/study-abroad-consultants-in-sangli,Location,local commercial,4 - long tail local
abroad education consultancy in Sangli,/study-abroad-consultants-in-sangli,Location,local commercial,4 - long tail local
free study abroad counselling Sangli,/study-abroad-consultants-in-sangli,Location,local commercial,4 - long tail local
study abroad consultants in Jalgaon,/study-abroad-consultants-in-jalgaon,Location,local commercial,4 - long tail local
overseas education consultants in Jalgaon,/study-abroad-consultants-in-jalgaon,Location,local commercial,4 - long tail local
best study abroad consultant in Jalgaon,/study-abroad-consultants-in-jalgaon,Location,local commercial,4 - long tail local
abroad education consultancy in Jalgaon,/study-abroad-consultants-in-jalgaon,Location,local commercial,4 - long tail local
free study abroad counselling Jalgaon,/study-abroad-consultants-in-jalgaon,Location,local commercial,4 - long tail local
study abroad consultants in Akola,/study-abroad-consultants-in-akola,Location,local commercial,4 - long tail local
overseas education consultants in Akola,/study-abroad-consultants-in-akola,Location,local commercial,4 - long tail local
best study abroad consultant in Akola,/study-abroad-consultants-in-akola,Location,local commercial,4 - long tail local
abroad education consultancy in Akola,/study-abroad-consultants-in-akola,Location,local commercial,4 - long tail local
free study abroad counselling Akola,/study-abroad-consultants-in-akola,Location,local commercial,4 - long tail local
study abroad consultants in Latur,/study-abroad-consultants-in-latur,Location,local commercial,4 - long tail local
overseas education consultants in Latur,/study-abroad-consultants-in-latur,Location,local commercial,4 - long tail local
best study abroad consultant in Latur,/study-abroad-consultants-in-latur,Location,local commercial,4 - long tail local
abroad education consultancy in Latur,/study-abroad-consultants-in-latur,Location,local commercial,4 - long tail local
free study abroad counselling Latur,/study-abroad-consultants-in-latur,Location,local commercial,4 - long tail local
study abroad consultants in Dhule,/study-abroad-consultants-in-dhule,Location,local commercial,4 - long tail local
overseas education consultants in Dhule,/study-abroad-consultants-in-dhule,Location,local commercial,4 - long tail local
best study abroad consultant in Dhule,/study-abroad-consultants-in-dhule,Location,local commercial,4 - long tail local
abroad education consultancy in Dhule,/study-abroad-consultants-in-dhule,Location,local commercial,4 - long tail local
free study abroad counselling Dhule,/study-abroad-consultants-in-dhule,Location,local commercial,4 - long tail local
study abroad consultants in Ahmednagar,/study-abroad-consultants-in-ahmednagar,Location,local commercial,4 - long tail local
overseas education consultants in Ahmednagar,/study-abroad-consultants-in-ahmednagar,Location,local commercial,4 - long tail local
best study abroad consultant in Ahmednagar,/study-abroad-consultants-in-ahmednagar,Location,local commercial,4 - long tail local
abroad education consultancy in Ahmednagar,/study-abroad-consultants-in-ahmednagar,Location,local commercial,4 - long tail local
free study abroad counselling Ahmednagar,/study-abroad-consultants-in-ahmednagar,Location,local commercial,4 - long tail local
study abroad consultants in Chandrapur,/study-abroad-consultants-in-chandrapur,Location,local commercial,4 - long tail local
overseas education consultants in Chandrapur,/study-abroad-consultants-in-chandrapur,Location,local commercial,4 - long tail local
best study abroad consultant in Chandrapur,/study-abroad-consultants-in-chandrapur,Location,local commercial,4 - long tail local
abroad education consultancy in Chandrapur,/study-abroad-consultants-in-chandrapur,Location,local commercial,4 - long tail local
free study abroad counselling Chandrapur,/study-abroad-consultants-in-chandrapur,Location,local commercial,4 - long tail local
study abroad consultants in Parbhani,/study-abroad-consultants-in-parbhani,Location,local commercial,4 - long tail local
overseas education consultants in Parbhani,/study-abroad-consultants-in-parbhani,Location,local commercial,4 - long tail local
best study abroad consultant in Parbhani,/study-abroad-consultants-in-parbhani,Location,local commercial,4 - long tail local
abroad education consultancy in Parbhani,/study-abroad-consultants-in-parbhani,Location,local commercial,4 - long tail local
free study abroad counselling Parbhani,/study-abroad-consultants-in-parbhani,Location,local commercial,4 - long tail local
study abroad consultants in Ichalkaranji,/study-abroad-consultants-in-ichalkaranji,Location,local commercial,4 - long tail local
overseas education consultants in Ichalkaranji,/study-abroad-consultants-in-ichalkaranji,Location,local commercial,4 - long tail local
best study abroad consultant in Ichalkaranji,/study-abroad-consultants-in-ichalkaranji,Location,local commercial,4 - long tail local
abroad education consultancy in Ichalkaranji,/study-abroad-consultants-in-ichalkaranji,Location,local commercial,4 - long tail local
free study abroad counselling Ichalkaranji,/study-abroad-consultants-in-ichalkaranji,Location,local commercial,4 - long tail local
study abroad consultants in Jalna,/study-abroad-consultants-in-jalna,Location,local commercial,4 - long tail local
overseas education consultants in Jalna,/study-abroad-consultants-in-jalna,Location,local commercial,4 - long tail local
best study abroad consultant in Jalna,/study-abroad-consultants-in-jalna,Location,local commercial,4 - long tail local
abroad education consultancy in Jalna,/study-abroad-consultants-in-jalna,Location,local commercial,4 - long tail local
free study abroad counselling Jalna,/study-abroad-consultants-in-jalna,Location,local commercial,4 - long tail local
study abroad consultants in Ambernath,/study-abroad-consultants-in-ambernath,Location,local commercial,4 - long tail local
overseas education consultants in Ambernath,/study-abroad-consultants-in-ambernath,Location,local commercial,4 - long tail local
best study abroad consultant in Ambernath,/study-abroad-consultants-in-ambernath,Location,local commercial,4 - long tail local
abroad education consultancy in Ambernath,/study-abroad-consultants-in-ambernath,Location,local commercial,4 - long tail local
free study abroad counselling Ambernath,/study-abroad-consultants-in-ambernath,Location,local commercial,4 - long tail local
study abroad consultants in Badlapur,/study-abroad-consultants-in-badlapur,Location,local commercial,4 - long tail local
overseas education consultants in Badlapur,/study-abroad-consultants-in-badlapur,Location,local commercial,4 - long tail local
best study abroad consultant in Badlapur,/study-abroad-consultants-in-badlapur,Location,local commercial,4 - long tail local
abroad education consultancy in Badlapur,/study-abroad-consultants-in-badlapur,Location,local commercial,4 - long tail local
free study abroad counselling Badlapur,/study-abroad-consultants-in-badlapur,Location,local commercial,4 - long tail local
study abroad consultants in Panvel,/study-abroad-consultants-in-panvel,Location,local commercial,4 - long tail local
overseas education consultants in Panvel,/study-abroad-consultants-in-panvel,Location,local commercial,4 - long tail local
best study abroad consultant in Panvel,/study-abroad-consultants-in-panvel,Location,local commercial,4 - long tail local
abroad education consultancy in Panvel,/study-abroad-consultants-in-panvel,Location,local commercial,4 - long tail local
free study abroad counselling Panvel,/study-abroad-consultants-in-panvel,Location,local commercial,4 - long tail local
study abroad consultants in Satara,/study-abroad-consultants-in-satara,Location,local commercial,4 - long tail local
overseas education consultants in Satara,/study-abroad-consultants-in-satara,Location,local commercial,4 - long tail local
best study abroad consultant in Satara,/study-abroad-consultants-in-satara,Location,local commercial,4 - long tail local
abroad education consultancy in Satara,/study-abroad-consultants-in-satara,Location,local commercial,4 - long tail local
free study abroad counselling Satara,/study-abroad-consultants-in-satara,Location,local commercial,4 - long tail local
study abroad consultants in Beed,/study-abroad-consultants-in-beed,Location,local commercial,4 - long tail local
overseas education consultants in Beed,/study-abroad-consultants-in-beed,Location,local commercial,4 - long tail local
best study abroad consultant in Beed,/study-abroad-consultants-in-beed,Location,local commercial,4 - long tail local
abroad education consultancy in Beed,/study-abroad-consultants-in-beed,Location,local commercial,4 - long tail local
free study abroad counselling Beed,/study-abroad-consultants-in-beed,Location,local commercial,4 - long tail local
study abroad consultants in Yavatmal,/study-abroad-consultants-in-yavatmal,Location,local commercial,4 - long tail local
overseas education consultants in Yavatmal,/study-abroad-consultants-in-yavatmal,Location,local commercial,4 - long tail local
best study abroad consultant in Yavatmal,/study-abroad-consultants-in-yavatmal,Location,local commercial,4 - long tail local
abroad education consultancy in Yavatmal,/study-abroad-consultants-in-yavatmal,Location,local commercial,4 - long tail local
free study abroad counselling Yavatmal,/study-abroad-consultants-in-yavatmal,Location,local commercial,4 - long tail local
study abroad consultants in Wardha,/study-abroad-consultants-in-wardha,Location,local commercial,4 - long tail local
overseas education consultants in Wardha,/study-abroad-consultants-in-wardha,Location,local commercial,4 - long tail local
best study abroad consultant in Wardha,/study-abroad-consultants-in-wardha,Location,local commercial,4 - long tail local
abroad education consultancy in Wardha,/study-abroad-consultants-in-wardha,Location,local commercial,4 - long tail local
free study abroad counselling Wardha,/study-abroad-consultants-in-wardha,Location,local commercial,4 - long tail local
study abroad consultants in Ratnagiri,/study-abroad-consultants-in-ratnagiri,Location,local commercial,4 - long tail local
overseas education consultants in Ratnagiri,/study-abroad-consultants-in-ratnagiri,Location,local commercial,4 - long tail local
best study abroad consultant in Ratnagiri,/study-abroad-consultants-in-ratnagiri,Location,local commercial,4 - long tail local
abroad education consultancy in Ratnagiri,/study-abroad-consultants-in-ratnagiri,Location,local commercial,4 - long tail local
free study abroad counselling Ratnagiri,/study-abroad-consultants-in-ratnagiri,Location,local commercial,4 - long tail local
study abroad consultants in Ulhasnagar,/study-abroad-consultants-in-ulhasnagar,Location,local commercial,4 - long tail local
overseas education consultants in Ulhasnagar,/study-abroad-consultants-in-ulhasnagar,Location,local commercial,4 - long tail local
best study abroad consultant in Ulhasnagar,/study-abroad-consultants-in-ulhasnagar,Location,local commercial,4 - long tail local
abroad education consultancy in Ulhasnagar,/study-abroad-consultants-in-ulhasnagar,Location,local commercial,4 - long tail local
free study abroad counselling Ulhasnagar,/study-abroad-consultants-in-ulhasnagar,Location,local commercial,4 - long tail local
study abroad consultants in Andheri,/study-abroad-consultants-in-andheri,Location,local commercial,4 - long tail local
overseas education consultants in Andheri,/study-abroad-consultants-in-andheri,Location,local commercial,4 - long tail local
best study abroad consultant in Andheri,/study-abroad-consultants-in-andheri,Location,local commercial,4 - long tail local
abroad education consultancy in Andheri,/study-abroad-consultants-in-andheri,Location,local commercial,4 - long tail local
free study abroad counselling Andheri,/study-abroad-consultants-in-andheri,Location,local commercial,4 - long tail local
study abroad consultants in Ghatkopar,/study-abroad-consultants-in-ghatkopar,Location,local commercial,4 - long tail local
overseas education consultants in Ghatkopar,/study-abroad-consultants-in-ghatkopar,Location,local commercial,4 - long tail local
best study abroad consultant in Ghatkopar,/study-abroad-consultants-in-ghatkopar,Location,local commercial,4 - long tail local
abroad education consultancy in Ghatkopar,/study-abroad-consultants-in-ghatkopar,Location,local commercial,4 - long tail local
free study abroad counselling Ghatkopar,/study-abroad-consultants-in-ghatkopar,Location,local commercial,4 - long tail local
study abroad consultants in Borivali,/study-abroad-consultants-in-borivali,Location,local commercial,4 - long tail local
overseas education consultants in Borivali,/study-abroad-consultants-in-borivali,Location,local commercial,4 - long tail local
best study abroad consultant in Borivali,/study-abroad-consultants-in-borivali,Location,local commercial,4 - long tail local
abroad education consultancy in Borivali,/study-abroad-consultants-in-borivali,Location,local commercial,4 - long tail local
free study abroad counselling Borivali,/study-abroad-consultants-in-borivali,Location,local commercial,4 - long tail local
study abroad consultants in Dadar,/study-abroad-consultants-in-dadar,Location,local commercial,4 - long tail local
overseas education consultants in Dadar,/study-abroad-consultants-in-dadar,Location,local commercial,4 - long tail local
best study abroad consultant in Dadar,/study-abroad-consultants-in-dadar,Location,local commercial,4 - long tail local
abroad education consultancy in Dadar,/study-abroad-consultants-in-dadar,Location,local commercial,4 - long tail local
free study abroad counselling Dadar,/study-abroad-consultants-in-dadar,Location,local commercial,4 - long tail local
study abroad consultants in Powai,/study-abroad-consultants-in-powai,Location,local commercial,4 - long tail local
overseas education consultants in Powai,/study-abroad-consultants-in-powai,Location,local commercial,4 - long tail local
best study abroad consultant in Powai,/study-abroad-consultants-in-powai,Location,local commercial,4 - long tail local
abroad education consultancy in Powai,/study-abroad-consultants-in-powai,Location,local commercial,4 - long tail local
free study abroad counselling Powai,/study-abroad-consultants-in-powai,Location,local commercial,4 - long tail local
study abroad consultants in Bengaluru,/study-abroad-consultants-in-bengaluru,Location,local commercial,1 - head
overseas education consultants in Bengaluru,/study-abroad-consultants-in-bengaluru,Location,local commercial,1 - head
best study abroad consultant in Bengaluru,/study-abroad-consultants-in-bengaluru,Location,local commercial,1 - head
abroad education consultancy in Bengaluru,/study-abroad-consultants-in-bengaluru,Location,local commercial,1 - head
free study abroad counselling Bengaluru,/study-abroad-consultants-in-bengaluru,Location,local commercial,1 - head
study abroad consultants in Mysuru,/study-abroad-consultants-in-mysuru,Location,local commercial,2 - body
overseas education consultants in Mysuru,/study-abroad-consultants-in-mysuru,Location,local commercial,2 - body
best study abroad consultant in Mysuru,/study-abroad-consultants-in-mysuru,Location,local commercial,2 - body
abroad education consultancy in Mysuru,/study-abroad-consultants-in-mysuru,Location,local commercial,2 - body
free study abroad counselling Mysuru,/study-abroad-consultants-in-mysuru,Location,local commercial,2 - body
study abroad consultants in Hubballi-Dharwad,/study-abroad-consultants-in-hubballi-dharwad,Location,local commercial,2 - body
overseas education consultants in Hubballi-Dharwad,/study-abroad-consultants-in-hubballi-dharwad,Location,local commercial,2 - body
best study abroad consultant in Hubballi-Dharwad,/study-abroad-consultants-in-hubballi-dharwad,Location,local commercial,2 - body
abroad education consultancy in Hubballi-Dharwad,/study-abroad-consultants-in-hubballi-dharwad,Location,local commercial,2 - body
free study abroad counselling Hubballi-Dharwad,/study-abroad-consultants-in-hubballi-dharwad,Location,local commercial,2 - body
study abroad consultants in Mangaluru,/study-abroad-consultants-in-mangaluru,Location,local commercial,2 - body
overseas education consultants in Mangaluru,/study-abroad-consultants-in-mangaluru,Location,local commercial,2 - body
best study abroad consultant in Mangaluru,/study-abroad-consultants-in-mangaluru,Location,local commercial,2 - body
abroad education consultancy in Mangaluru,/study-abroad-consultants-in-mangaluru,Location,local commercial,2 - body
free study abroad counselling Mangaluru,/study-abroad-consultants-in-mangaluru,Location,local commercial,2 - body
study abroad consultants in Belagavi,/study-abroad-consultants-in-belagavi,Location,local commercial,2 - body
overseas education consultants in Belagavi,/study-abroad-consultants-in-belagavi,Location,local commercial,2 - body
best study abroad consultant in Belagavi,/study-abroad-consultants-in-belagavi,Location,local commercial,2 - body
abroad education consultancy in Belagavi,/study-abroad-consultants-in-belagavi,Location,local commercial,2 - body
free study abroad counselling Belagavi,/study-abroad-consultants-in-belagavi,Location,local commercial,2 - body
study abroad consultants in Kalaburagi,/study-abroad-consultants-in-kalaburagi,Location,local commercial,2 - body
overseas education consultants in Kalaburagi,/study-abroad-consultants-in-kalaburagi,Location,local commercial,2 - body
best study abroad consultant in Kalaburagi,/study-abroad-consultants-in-kalaburagi,Location,local commercial,2 - body
abroad education consultancy in Kalaburagi,/study-abroad-consultants-in-kalaburagi,Location,local commercial,2 - body
free study abroad counselling Kalaburagi,/study-abroad-consultants-in-kalaburagi,Location,local commercial,2 - body
study abroad consultants in Davanagere,/study-abroad-consultants-in-davanagere,Location,local commercial,2 - body
overseas education consultants in Davanagere,/study-abroad-consultants-in-davanagere,Location,local commercial,2 - body
best study abroad consultant in Davanagere,/study-abroad-consultants-in-davanagere,Location,local commercial,2 - body
abroad education consultancy in Davanagere,/study-abroad-consultants-in-davanagere,Location,local commercial,2 - body
free study abroad counselling Davanagere,/study-abroad-consultants-in-davanagere,Location,local commercial,2 - body
study abroad consultants in Ballari,/study-abroad-consultants-in-ballari,Location,local commercial,2 - body
overseas education consultants in Ballari,/study-abroad-consultants-in-ballari,Location,local commercial,2 - body
best study abroad consultant in Ballari,/study-abroad-consultants-in-ballari,Location,local commercial,2 - body
abroad education consultancy in Ballari,/study-abroad-consultants-in-ballari,Location,local commercial,2 - body
free study abroad counselling Ballari,/study-abroad-consultants-in-ballari,Location,local commercial,2 - body
study abroad consultants in Vijayapura,/study-abroad-consultants-in-vijayapura,Location,local commercial,4 - long tail local
overseas education consultants in Vijayapura,/study-abroad-consultants-in-vijayapura,Location,local commercial,4 - long tail local
best study abroad consultant in Vijayapura,/study-abroad-consultants-in-vijayapura,Location,local commercial,4 - long tail local
abroad education consultancy in Vijayapura,/study-abroad-consultants-in-vijayapura,Location,local commercial,4 - long tail local
free study abroad counselling Vijayapura,/study-abroad-consultants-in-vijayapura,Location,local commercial,4 - long tail local
study abroad consultants in Shivamogga,/study-abroad-consultants-in-shivamogga,Location,local commercial,4 - long tail local
overseas education consultants in Shivamogga,/study-abroad-consultants-in-shivamogga,Location,local commercial,4 - long tail local
best study abroad consultant in Shivamogga,/study-abroad-consultants-in-shivamogga,Location,local commercial,4 - long tail local
abroad education consultancy in Shivamogga,/study-abroad-consultants-in-shivamogga,Location,local commercial,4 - long tail local
free study abroad counselling Shivamogga,/study-abroad-consultants-in-shivamogga,Location,local commercial,4 - long tail local
study abroad consultants in Tumakuru,/study-abroad-consultants-in-tumakuru,Location,local commercial,4 - long tail local
overseas education consultants in Tumakuru,/study-abroad-consultants-in-tumakuru,Location,local commercial,4 - long tail local
best study abroad consultant in Tumakuru,/study-abroad-consultants-in-tumakuru,Location,local commercial,4 - long tail local
abroad education consultancy in Tumakuru,/study-abroad-consultants-in-tumakuru,Location,local commercial,4 - long tail local
free study abroad counselling Tumakuru,/study-abroad-consultants-in-tumakuru,Location,local commercial,4 - long tail local
study abroad consultants in Raichur,/study-abroad-consultants-in-raichur,Location,local commercial,4 - long tail local
overseas education consultants in Raichur,/study-abroad-consultants-in-raichur,Location,local commercial,4 - long tail local
best study abroad consultant in Raichur,/study-abroad-consultants-in-raichur,Location,local commercial,4 - long tail local
abroad education consultancy in Raichur,/study-abroad-consultants-in-raichur,Location,local commercial,4 - long tail local
free study abroad counselling Raichur,/study-abroad-consultants-in-raichur,Location,local commercial,4 - long tail local
study abroad consultants in Bidar,/study-abroad-consultants-in-bidar,Location,local commercial,4 - long tail local
overseas education consultants in Bidar,/study-abroad-consultants-in-bidar,Location,local commercial,4 - long tail local
best study abroad consultant in Bidar,/study-abroad-consultants-in-bidar,Location,local commercial,4 - long tail local
abroad education consultancy in Bidar,/study-abroad-consultants-in-bidar,Location,local commercial,4 - long tail local
free study abroad counselling Bidar,/study-abroad-consultants-in-bidar,Location,local commercial,4 - long tail local
study abroad consultants in Hassan,/study-abroad-consultants-in-hassan,Location,local commercial,4 - long tail local
overseas education consultants in Hassan,/study-abroad-consultants-in-hassan,Location,local commercial,4 - long tail local
best study abroad consultant in Hassan,/study-abroad-consultants-in-hassan,Location,local commercial,4 - long tail local
abroad education consultancy in Hassan,/study-abroad-consultants-in-hassan,Location,local commercial,4 - long tail local
free study abroad counselling Hassan,/study-abroad-consultants-in-hassan,Location,local commercial,4 - long tail local
study abroad consultants in Udupi,/study-abroad-consultants-in-udupi,Location,local commercial,4 - long tail local
overseas education consultants in Udupi,/study-abroad-consultants-in-udupi,Location,local commercial,4 - long tail local
best study abroad consultant in Udupi,/study-abroad-consultants-in-udupi,Location,local commercial,4 - long tail local
abroad education consultancy in Udupi,/study-abroad-consultants-in-udupi,Location,local commercial,4 - long tail local
free study abroad counselling Udupi,/study-abroad-consultants-in-udupi,Location,local commercial,4 - long tail local
study abroad consultants in Gadag,/study-abroad-consultants-in-gadag,Location,local commercial,4 - long tail local
overseas education consultants in Gadag,/study-abroad-consultants-in-gadag,Location,local commercial,4 - long tail local
best study abroad consultant in Gadag,/study-abroad-consultants-in-gadag,Location,local commercial,4 - long tail local
abroad education consultancy in Gadag,/study-abroad-consultants-in-gadag,Location,local commercial,4 - long tail local
free study abroad counselling Gadag,/study-abroad-consultants-in-gadag,Location,local commercial,4 - long tail local
study abroad consultants in Chitradurga,/study-abroad-consultants-in-chitradurga,Location,local commercial,4 - long tail local
overseas education consultants in Chitradurga,/study-abroad-consultants-in-chitradurga,Location,local commercial,4 - long tail local
best study abroad consultant in Chitradurga,/study-abroad-consultants-in-chitradurga,Location,local commercial,4 - long tail local
abroad education consultancy in Chitradurga,/study-abroad-consultants-in-chitradurga,Location,local commercial,4 - long tail local
free study abroad counselling Chitradurga,/study-abroad-consultants-in-chitradurga,Location,local commercial,4 - long tail local
study abroad consultants in Kolar,/study-abroad-consultants-in-kolar,Location,local commercial,4 - long tail local
overseas education consultants in Kolar,/study-abroad-consultants-in-kolar,Location,local commercial,4 - long tail local
best study abroad consultant in Kolar,/study-abroad-consultants-in-kolar,Location,local commercial,4 - long tail local
abroad education consultancy in Kolar,/study-abroad-consultants-in-kolar,Location,local commercial,4 - long tail local
free study abroad counselling Kolar,/study-abroad-consultants-in-kolar,Location,local commercial,4 - long tail local
study abroad consultants in Mandya,/study-abroad-consultants-in-mandya,Location,local commercial,4 - long tail local
overseas education consultants in Mandya,/study-abroad-consultants-in-mandya,Location,local commercial,4 - long tail local
best study abroad consultant in Mandya,/study-abroad-consultants-in-mandya,Location,local commercial,4 - long tail local
abroad education consultancy in Mandya,/study-abroad-consultants-in-mandya,Location,local commercial,4 - long tail local
free study abroad counselling Mandya,/study-abroad-consultants-in-mandya,Location,local commercial,4 - long tail local
study abroad consultants in Bagalkot,/study-abroad-consultants-in-bagalkot,Location,local commercial,4 - long tail local
overseas education consultants in Bagalkot,/study-abroad-consultants-in-bagalkot,Location,local commercial,4 - long tail local
best study abroad consultant in Bagalkot,/study-abroad-consultants-in-bagalkot,Location,local commercial,4 - long tail local
abroad education consultancy in Bagalkot,/study-abroad-consultants-in-bagalkot,Location,local commercial,4 - long tail local
free study abroad counselling Bagalkot,/study-abroad-consultants-in-bagalkot,Location,local commercial,4 - long tail local
study abroad consultants in Karwar,/study-abroad-consultants-in-karwar,Location,local commercial,4 - long tail local
overseas education consultants in Karwar,/study-abroad-consultants-in-karwar,Location,local commercial,4 - long tail local
best study abroad consultant in Karwar,/study-abroad-consultants-in-karwar,Location,local commercial,4 - long tail local
abroad education consultancy in Karwar,/study-abroad-consultants-in-karwar,Location,local commercial,4 - long tail local
free study abroad counselling Karwar,/study-abroad-consultants-in-karwar,Location,local commercial,4 - long tail local
study abroad consultants in Chikkamagaluru,/study-abroad-consultants-in-chikkamagaluru,Location,local commercial,4 - long tail local
overseas education consultants in Chikkamagaluru,/study-abroad-consultants-in-chikkamagaluru,Location,local commercial,4 - long tail local
best study abroad consultant in Chikkamagaluru,/study-abroad-consultants-in-chikkamagaluru,Location,local commercial,4 - long tail local
abroad education consultancy in Chikkamagaluru,/study-abroad-consultants-in-chikkamagaluru,Location,local commercial,4 - long tail local
free study abroad counselling Chikkamagaluru,/study-abroad-consultants-in-chikkamagaluru,Location,local commercial,4 - long tail local
study abroad consultants in Whitefield,/study-abroad-consultants-in-whitefield,Location,local commercial,4 - long tail local
overseas education consultants in Whitefield,/study-abroad-consultants-in-whitefield,Location,local commercial,4 - long tail local
best study abroad consultant in Whitefield,/study-abroad-consultants-in-whitefield,Location,local commercial,4 - long tail local
abroad education consultancy in Whitefield,/study-abroad-consultants-in-whitefield,Location,local commercial,4 - long tail local
free study abroad counselling Whitefield,/study-abroad-consultants-in-whitefield,Location,local commercial,4 - long tail local
study abroad consultants in Electronic City,/study-abroad-consultants-in-electronic-city,Location,local commercial,4 - long tail local
overseas education consultants in Electronic City,/study-abroad-consultants-in-electronic-city,Location,local commercial,4 - long tail local
best study abroad consultant in Electronic City,/study-abroad-consultants-in-electronic-city,Location,local commercial,4 - long tail local
abroad education consultancy in Electronic City,/study-abroad-consultants-in-electronic-city,Location,local commercial,4 - long tail local
free study abroad counselling Electronic City,/study-abroad-consultants-in-electronic-city,Location,local commercial,4 - long tail local
study abroad consultants in Jayanagar,/study-abroad-consultants-in-jayanagar,Location,local commercial,4 - long tail local
overseas education consultants in Jayanagar,/study-abroad-consultants-in-jayanagar,Location,local commercial,4 - long tail local
best study abroad consultant in Jayanagar,/study-abroad-consultants-in-jayanagar,Location,local commercial,4 - long tail local
abroad education consultancy in Jayanagar,/study-abroad-consultants-in-jayanagar,Location,local commercial,4 - long tail local
free study abroad counselling Jayanagar,/study-abroad-consultants-in-jayanagar,Location,local commercial,4 - long tail local
study abroad consultants in Chennai,/study-abroad-consultants-in-chennai,Location,local commercial,1 - head
overseas education consultants in Chennai,/study-abroad-consultants-in-chennai,Location,local commercial,1 - head
best study abroad consultant in Chennai,/study-abroad-consultants-in-chennai,Location,local commercial,1 - head
abroad education consultancy in Chennai,/study-abroad-consultants-in-chennai,Location,local commercial,1 - head
free study abroad counselling Chennai,/study-abroad-consultants-in-chennai,Location,local commercial,1 - head
study abroad consultants in Coimbatore,/study-abroad-consultants-in-coimbatore,Location,local commercial,2 - body
overseas education consultants in Coimbatore,/study-abroad-consultants-in-coimbatore,Location,local commercial,2 - body
best study abroad consultant in Coimbatore,/study-abroad-consultants-in-coimbatore,Location,local commercial,2 - body
abroad education consultancy in Coimbatore,/study-abroad-consultants-in-coimbatore,Location,local commercial,2 - body
free study abroad counselling Coimbatore,/study-abroad-consultants-in-coimbatore,Location,local commercial,2 - body
study abroad consultants in Madurai,/study-abroad-consultants-in-madurai,Location,local commercial,2 - body
overseas education consultants in Madurai,/study-abroad-consultants-in-madurai,Location,local commercial,2 - body
best study abroad consultant in Madurai,/study-abroad-consultants-in-madurai,Location,local commercial,2 - body
abroad education consultancy in Madurai,/study-abroad-consultants-in-madurai,Location,local commercial,2 - body
free study abroad counselling Madurai,/study-abroad-consultants-in-madurai,Location,local commercial,2 - body
study abroad consultants in Tiruchirappalli,/study-abroad-consultants-in-tiruchirappalli,Location,local commercial,2 - body
overseas education consultants in Tiruchirappalli,/study-abroad-consultants-in-tiruchirappalli,Location,local commercial,2 - body
best study abroad consultant in Tiruchirappalli,/study-abroad-consultants-in-tiruchirappalli,Location,local commercial,2 - body
abroad education consultancy in Tiruchirappalli,/study-abroad-consultants-in-tiruchirappalli,Location,local commercial,2 - body
free study abroad counselling Tiruchirappalli,/study-abroad-consultants-in-tiruchirappalli,Location,local commercial,2 - body
study abroad consultants in Salem,/study-abroad-consultants-in-salem,Location,local commercial,2 - body
overseas education consultants in Salem,/study-abroad-consultants-in-salem,Location,local commercial,2 - body
best study abroad consultant in Salem,/study-abroad-consultants-in-salem,Location,local commercial,2 - body
abroad education consultancy in Salem,/study-abroad-consultants-in-salem,Location,local commercial,2 - body
free study abroad counselling Salem,/study-abroad-consultants-in-salem,Location,local commercial,2 - body
study abroad consultants in Tirunelveli,/study-abroad-consultants-in-tirunelveli,Location,local commercial,2 - body
overseas education consultants in Tirunelveli,/study-abroad-consultants-in-tirunelveli,Location,local commercial,2 - body
best study abroad consultant in Tirunelveli,/study-abroad-consultants-in-tirunelveli,Location,local commercial,2 - body
abroad education consultancy in Tirunelveli,/study-abroad-consultants-in-tirunelveli,Location,local commercial,2 - body
free study abroad counselling Tirunelveli,/study-abroad-consultants-in-tirunelveli,Location,local commercial,2 - body
study abroad consultants in Tiruppur,/study-abroad-consultants-in-tiruppur,Location,local commercial,2 - body
overseas education consultants in Tiruppur,/study-abroad-consultants-in-tiruppur,Location,local commercial,2 - body
best study abroad consultant in Tiruppur,/study-abroad-consultants-in-tiruppur,Location,local commercial,2 - body
abroad education consultancy in Tiruppur,/study-abroad-consultants-in-tiruppur,Location,local commercial,2 - body
free study abroad counselling Tiruppur,/study-abroad-consultants-in-tiruppur,Location,local commercial,2 - body
study abroad consultants in Erode,/study-abroad-consultants-in-erode,Location,local commercial,2 - body
overseas education consultants in Erode,/study-abroad-consultants-in-erode,Location,local commercial,2 - body
best study abroad consultant in Erode,/study-abroad-consultants-in-erode,Location,local commercial,2 - body
abroad education consultancy in Erode,/study-abroad-consultants-in-erode,Location,local commercial,2 - body
free study abroad counselling Erode,/study-abroad-consultants-in-erode,Location,local commercial,2 - body
study abroad consultants in Vellore,/study-abroad-consultants-in-vellore,Location,local commercial,2 - body
overseas education consultants in Vellore,/study-abroad-consultants-in-vellore,Location,local commercial,2 - body
best study abroad consultant in Vellore,/study-abroad-consultants-in-vellore,Location,local commercial,2 - body
abroad education consultancy in Vellore,/study-abroad-consultants-in-vellore,Location,local commercial,2 - body
free study abroad counselling Vellore,/study-abroad-consultants-in-vellore,Location,local commercial,2 - body
study abroad consultants in Thoothukudi,/study-abroad-consultants-in-thoothukudi,Location,local commercial,4 - long tail local
overseas education consultants in Thoothukudi,/study-abroad-consultants-in-thoothukudi,Location,local commercial,4 - long tail local
best study abroad consultant in Thoothukudi,/study-abroad-consultants-in-thoothukudi,Location,local commercial,4 - long tail local
abroad education consultancy in Thoothukudi,/study-abroad-consultants-in-thoothukudi,Location,local commercial,4 - long tail local
free study abroad counselling Thoothukudi,/study-abroad-consultants-in-thoothukudi,Location,local commercial,4 - long tail local
study abroad consultants in Thanjavur,/study-abroad-consultants-in-thanjavur,Location,local commercial,4 - long tail local
overseas education consultants in Thanjavur,/study-abroad-consultants-in-thanjavur,Location,local commercial,4 - long tail local
best study abroad consultant in Thanjavur,/study-abroad-consultants-in-thanjavur,Location,local commercial,4 - long tail local
abroad education consultancy in Thanjavur,/study-abroad-consultants-in-thanjavur,Location,local commercial,4 - long tail local
free study abroad counselling Thanjavur,/study-abroad-consultants-in-thanjavur,Location,local commercial,4 - long tail local
study abroad consultants in Dindigul,/study-abroad-consultants-in-dindigul,Location,local commercial,4 - long tail local
overseas education consultants in Dindigul,/study-abroad-consultants-in-dindigul,Location,local commercial,4 - long tail local
best study abroad consultant in Dindigul,/study-abroad-consultants-in-dindigul,Location,local commercial,4 - long tail local
abroad education consultancy in Dindigul,/study-abroad-consultants-in-dindigul,Location,local commercial,4 - long tail local
free study abroad counselling Dindigul,/study-abroad-consultants-in-dindigul,Location,local commercial,4 - long tail local
study abroad consultants in Cuddalore,/study-abroad-consultants-in-cuddalore,Location,local commercial,4 - long tail local
overseas education consultants in Cuddalore,/study-abroad-consultants-in-cuddalore,Location,local commercial,4 - long tail local
best study abroad consultant in Cuddalore,/study-abroad-consultants-in-cuddalore,Location,local commercial,4 - long tail local
abroad education consultancy in Cuddalore,/study-abroad-consultants-in-cuddalore,Location,local commercial,4 - long tail local
free study abroad counselling Cuddalore,/study-abroad-consultants-in-cuddalore,Location,local commercial,4 - long tail local
study abroad consultants in Kanchipuram,/study-abroad-consultants-in-kanchipuram,Location,local commercial,4 - long tail local
overseas education consultants in Kanchipuram,/study-abroad-consultants-in-kanchipuram,Location,local commercial,4 - long tail local
best study abroad consultant in Kanchipuram,/study-abroad-consultants-in-kanchipuram,Location,local commercial,4 - long tail local
abroad education consultancy in Kanchipuram,/study-abroad-consultants-in-kanchipuram,Location,local commercial,4 - long tail local
free study abroad counselling Kanchipuram,/study-abroad-consultants-in-kanchipuram,Location,local commercial,4 - long tail local
study abroad consultants in Karur,/study-abroad-consultants-in-karur,Location,local commercial,4 - long tail local
overseas education consultants in Karur,/study-abroad-consultants-in-karur,Location,local commercial,4 - long tail local
best study abroad consultant in Karur,/study-abroad-consultants-in-karur,Location,local commercial,4 - long tail local
abroad education consultancy in Karur,/study-abroad-consultants-in-karur,Location,local commercial,4 - long tail local
free study abroad counselling Karur,/study-abroad-consultants-in-karur,Location,local commercial,4 - long tail local
study abroad consultants in Namakkal,/study-abroad-consultants-in-namakkal,Location,local commercial,4 - long tail local
overseas education consultants in Namakkal,/study-abroad-consultants-in-namakkal,Location,local commercial,4 - long tail local
best study abroad consultant in Namakkal,/study-abroad-consultants-in-namakkal,Location,local commercial,4 - long tail local
abroad education consultancy in Namakkal,/study-abroad-consultants-in-namakkal,Location,local commercial,4 - long tail local
free study abroad counselling Namakkal,/study-abroad-consultants-in-namakkal,Location,local commercial,4 - long tail local
study abroad consultants in Hosur,/study-abroad-consultants-in-hosur,Location,local commercial,4 - long tail local
overseas education consultants in Hosur,/study-abroad-consultants-in-hosur,Location,local commercial,4 - long tail local
best study abroad consultant in Hosur,/study-abroad-consultants-in-hosur,Location,local commercial,4 - long tail local
abroad education consultancy in Hosur,/study-abroad-consultants-in-hosur,Location,local commercial,4 - long tail local
free study abroad counselling Hosur,/study-abroad-consultants-in-hosur,Location,local commercial,4 - long tail local
study abroad consultants in Nagercoil,/study-abroad-consultants-in-nagercoil,Location,local commercial,4 - long tail local
overseas education consultants in Nagercoil,/study-abroad-consultants-in-nagercoil,Location,local commercial,4 - long tail local
best study abroad consultant in Nagercoil,/study-abroad-consultants-in-nagercoil,Location,local commercial,4 - long tail local
abroad education consultancy in Nagercoil,/study-abroad-consultants-in-nagercoil,Location,local commercial,4 - long tail local
free study abroad counselling Nagercoil,/study-abroad-consultants-in-nagercoil,Location,local commercial,4 - long tail local
study abroad consultants in Kumbakonam,/study-abroad-consultants-in-kumbakonam,Location,local commercial,4 - long tail local
overseas education consultants in Kumbakonam,/study-abroad-consultants-in-kumbakonam,Location,local commercial,4 - long tail local
best study abroad consultant in Kumbakonam,/study-abroad-consultants-in-kumbakonam,Location,local commercial,4 - long tail local
abroad education consultancy in Kumbakonam,/study-abroad-consultants-in-kumbakonam,Location,local commercial,4 - long tail local
free study abroad counselling Kumbakonam,/study-abroad-consultants-in-kumbakonam,Location,local commercial,4 - long tail local
study abroad consultants in Rajapalayam,/study-abroad-consultants-in-rajapalayam,Location,local commercial,4 - long tail local
overseas education consultants in Rajapalayam,/study-abroad-consultants-in-rajapalayam,Location,local commercial,4 - long tail local
best study abroad consultant in Rajapalayam,/study-abroad-consultants-in-rajapalayam,Location,local commercial,4 - long tail local
abroad education consultancy in Rajapalayam,/study-abroad-consultants-in-rajapalayam,Location,local commercial,4 - long tail local
free study abroad counselling Rajapalayam,/study-abroad-consultants-in-rajapalayam,Location,local commercial,4 - long tail local
study abroad consultants in Sivakasi,/study-abroad-consultants-in-sivakasi,Location,local commercial,4 - long tail local
overseas education consultants in Sivakasi,/study-abroad-consultants-in-sivakasi,Location,local commercial,4 - long tail local
best study abroad consultant in Sivakasi,/study-abroad-consultants-in-sivakasi,Location,local commercial,4 - long tail local
abroad education consultancy in Sivakasi,/study-abroad-consultants-in-sivakasi,Location,local commercial,4 - long tail local
free study abroad counselling Sivakasi,/study-abroad-consultants-in-sivakasi,Location,local commercial,4 - long tail local
study abroad consultants in Pudukkottai,/study-abroad-consultants-in-pudukkottai,Location,local commercial,4 - long tail local
overseas education consultants in Pudukkottai,/study-abroad-consultants-in-pudukkottai,Location,local commercial,4 - long tail local
best study abroad consultant in Pudukkottai,/study-abroad-consultants-in-pudukkottai,Location,local commercial,4 - long tail local
abroad education consultancy in Pudukkottai,/study-abroad-consultants-in-pudukkottai,Location,local commercial,4 - long tail local
free study abroad counselling Pudukkottai,/study-abroad-consultants-in-pudukkottai,Location,local commercial,4 - long tail local
study abroad consultants in Ambur,/study-abroad-consultants-in-ambur,Location,local commercial,4 - long tail local
overseas education consultants in Ambur,/study-abroad-consultants-in-ambur,Location,local commercial,4 - long tail local
best study abroad consultant in Ambur,/study-abroad-consultants-in-ambur,Location,local commercial,4 - long tail local
abroad education consultancy in Ambur,/study-abroad-consultants-in-ambur,Location,local commercial,4 - long tail local
free study abroad counselling Ambur,/study-abroad-consultants-in-ambur,Location,local commercial,4 - long tail local
study abroad consultants in Villupuram,/study-abroad-consultants-in-villupuram,Location,local commercial,4 - long tail local
overseas education consultants in Villupuram,/study-abroad-consultants-in-villupuram,Location,local commercial,4 - long tail local
best study abroad consultant in Villupuram,/study-abroad-consultants-in-villupuram,Location,local commercial,4 - long tail local
abroad education consultancy in Villupuram,/study-abroad-consultants-in-villupuram,Location,local commercial,4 - long tail local
free study abroad counselling Villupuram,/study-abroad-consultants-in-villupuram,Location,local commercial,4 - long tail local
study abroad consultants in Tambaram,/study-abroad-consultants-in-tambaram,Location,local commercial,4 - long tail local
overseas education consultants in Tambaram,/study-abroad-consultants-in-tambaram,Location,local commercial,4 - long tail local
best study abroad consultant in Tambaram,/study-abroad-consultants-in-tambaram,Location,local commercial,4 - long tail local
abroad education consultancy in Tambaram,/study-abroad-consultants-in-tambaram,Location,local commercial,4 - long tail local
free study abroad counselling Tambaram,/study-abroad-consultants-in-tambaram,Location,local commercial,4 - long tail local
study abroad consultants in Avadi,/study-abroad-consultants-in-avadi,Location,local commercial,4 - long tail local
overseas education consultants in Avadi,/study-abroad-consultants-in-avadi,Location,local commercial,4 - long tail local
best study abroad consultant in Avadi,/study-abroad-consultants-in-avadi,Location,local commercial,4 - long tail local
abroad education consultancy in Avadi,/study-abroad-consultants-in-avadi,Location,local commercial,4 - long tail local
free study abroad counselling Avadi,/study-abroad-consultants-in-avadi,Location,local commercial,4 - long tail local
study abroad consultants in Ooty,/study-abroad-consultants-in-ooty,Location,local commercial,4 - long tail local
overseas education consultants in Ooty,/study-abroad-consultants-in-ooty,Location,local commercial,4 - long tail local
best study abroad consultant in Ooty,/study-abroad-consultants-in-ooty,Location,local commercial,4 - long tail local
abroad education consultancy in Ooty,/study-abroad-consultants-in-ooty,Location,local commercial,4 - long tail local
free study abroad counselling Ooty,/study-abroad-consultants-in-ooty,Location,local commercial,4 - long tail local
study abroad consultants in Hyderabad,/study-abroad-consultants-in-hyderabad,Location,local commercial,1 - head
overseas education consultants in Hyderabad,/study-abroad-consultants-in-hyderabad,Location,local commercial,1 - head
best study abroad consultant in Hyderabad,/study-abroad-consultants-in-hyderabad,Location,local commercial,1 - head
abroad education consultancy in Hyderabad,/study-abroad-consultants-in-hyderabad,Location,local commercial,1 - head
free study abroad counselling Hyderabad,/study-abroad-consultants-in-hyderabad,Location,local commercial,1 - head
study abroad consultants in Warangal,/study-abroad-consultants-in-warangal,Location,local commercial,2 - body
overseas education consultants in Warangal,/study-abroad-consultants-in-warangal,Location,local commercial,2 - body
best study abroad consultant in Warangal,/study-abroad-consultants-in-warangal,Location,local commercial,2 - body
abroad education consultancy in Warangal,/study-abroad-consultants-in-warangal,Location,local commercial,2 - body
free study abroad counselling Warangal,/study-abroad-consultants-in-warangal,Location,local commercial,2 - body
study abroad consultants in Nizamabad,/study-abroad-consultants-in-nizamabad,Location,local commercial,2 - body
overseas education consultants in Nizamabad,/study-abroad-consultants-in-nizamabad,Location,local commercial,2 - body
best study abroad consultant in Nizamabad,/study-abroad-consultants-in-nizamabad,Location,local commercial,2 - body
abroad education consultancy in Nizamabad,/study-abroad-consultants-in-nizamabad,Location,local commercial,2 - body
free study abroad counselling Nizamabad,/study-abroad-consultants-in-nizamabad,Location,local commercial,2 - body
study abroad consultants in Karimnagar,/study-abroad-consultants-in-karimnagar,Location,local commercial,2 - body
overseas education consultants in Karimnagar,/study-abroad-consultants-in-karimnagar,Location,local commercial,2 - body
best study abroad consultant in Karimnagar,/study-abroad-consultants-in-karimnagar,Location,local commercial,2 - body
abroad education consultancy in Karimnagar,/study-abroad-consultants-in-karimnagar,Location,local commercial,2 - body
free study abroad counselling Karimnagar,/study-abroad-consultants-in-karimnagar,Location,local commercial,2 - body
study abroad consultants in Khammam,/study-abroad-consultants-in-khammam,Location,local commercial,2 - body
overseas education consultants in Khammam,/study-abroad-consultants-in-khammam,Location,local commercial,2 - body
best study abroad consultant in Khammam,/study-abroad-consultants-in-khammam,Location,local commercial,2 - body
abroad education consultancy in Khammam,/study-abroad-consultants-in-khammam,Location,local commercial,2 - body
free study abroad counselling Khammam,/study-abroad-consultants-in-khammam,Location,local commercial,2 - body
study abroad consultants in Ramagundam,/study-abroad-consultants-in-ramagundam,Location,local commercial,4 - long tail local
overseas education consultants in Ramagundam,/study-abroad-consultants-in-ramagundam,Location,local commercial,4 - long tail local
best study abroad consultant in Ramagundam,/study-abroad-consultants-in-ramagundam,Location,local commercial,4 - long tail local
abroad education consultancy in Ramagundam,/study-abroad-consultants-in-ramagundam,Location,local commercial,4 - long tail local
free study abroad counselling Ramagundam,/study-abroad-consultants-in-ramagundam,Location,local commercial,4 - long tail local
study abroad consultants in Mahbubnagar,/study-abroad-consultants-in-mahbubnagar,Location,local commercial,4 - long tail local
overseas education consultants in Mahbubnagar,/study-abroad-consultants-in-mahbubnagar,Location,local commercial,4 - long tail local
best study abroad consultant in Mahbubnagar,/study-abroad-consultants-in-mahbubnagar,Location,local commercial,4 - long tail local
abroad education consultancy in Mahbubnagar,/study-abroad-consultants-in-mahbubnagar,Location,local commercial,4 - long tail local
free study abroad counselling Mahbubnagar,/study-abroad-consultants-in-mahbubnagar,Location,local commercial,4 - long tail local
study abroad consultants in Nalgonda,/study-abroad-consultants-in-nalgonda,Location,local commercial,4 - long tail local
overseas education consultants in Nalgonda,/study-abroad-consultants-in-nalgonda,Location,local commercial,4 - long tail local
best study abroad consultant in Nalgonda,/study-abroad-consultants-in-nalgonda,Location,local commercial,4 - long tail local
abroad education consultancy in Nalgonda,/study-abroad-consultants-in-nalgonda,Location,local commercial,4 - long tail local
free study abroad counselling Nalgonda,/study-abroad-consultants-in-nalgonda,Location,local commercial,4 - long tail local
study abroad consultants in Adilabad,/study-abroad-consultants-in-adilabad,Location,local commercial,4 - long tail local
overseas education consultants in Adilabad,/study-abroad-consultants-in-adilabad,Location,local commercial,4 - long tail local
best study abroad consultant in Adilabad,/study-abroad-consultants-in-adilabad,Location,local commercial,4 - long tail local
abroad education consultancy in Adilabad,/study-abroad-consultants-in-adilabad,Location,local commercial,4 - long tail local
free study abroad counselling Adilabad,/study-abroad-consultants-in-adilabad,Location,local commercial,4 - long tail local
study abroad consultants in Suryapet,/study-abroad-consultants-in-suryapet,Location,local commercial,4 - long tail local
overseas education consultants in Suryapet,/study-abroad-consultants-in-suryapet,Location,local commercial,4 - long tail local
best study abroad consultant in Suryapet,/study-abroad-consultants-in-suryapet,Location,local commercial,4 - long tail local
abroad education consultancy in Suryapet,/study-abroad-consultants-in-suryapet,Location,local commercial,4 - long tail local
free study abroad counselling Suryapet,/study-abroad-consultants-in-suryapet,Location,local commercial,4 - long tail local
study abroad consultants in Siddipet,/study-abroad-consultants-in-siddipet,Location,local commercial,4 - long tail local
overseas education consultants in Siddipet,/study-abroad-consultants-in-siddipet,Location,local commercial,4 - long tail local
best study abroad consultant in Siddipet,/study-abroad-consultants-in-siddipet,Location,local commercial,4 - long tail local
abroad education consultancy in Siddipet,/study-abroad-consultants-in-siddipet,Location,local commercial,4 - long tail local
free study abroad counselling Siddipet,/study-abroad-consultants-in-siddipet,Location,local commercial,4 - long tail local
study abroad consultants in Miryalaguda,/study-abroad-consultants-in-miryalaguda,Location,local commercial,4 - long tail local
overseas education consultants in Miryalaguda,/study-abroad-consultants-in-miryalaguda,Location,local commercial,4 - long tail local
best study abroad consultant in Miryalaguda,/study-abroad-consultants-in-miryalaguda,Location,local commercial,4 - long tail local
abroad education consultancy in Miryalaguda,/study-abroad-consultants-in-miryalaguda,Location,local commercial,4 - long tail local
free study abroad counselling Miryalaguda,/study-abroad-consultants-in-miryalaguda,Location,local commercial,4 - long tail local
study abroad consultants in Secunderabad,/study-abroad-consultants-in-secunderabad,Location,local commercial,2 - body
overseas education consultants in Secunderabad,/study-abroad-consultants-in-secunderabad,Location,local commercial,2 - body
best study abroad consultant in Secunderabad,/study-abroad-consultants-in-secunderabad,Location,local commercial,2 - body
abroad education consultancy in Secunderabad,/study-abroad-consultants-in-secunderabad,Location,local commercial,2 - body
free study abroad counselling Secunderabad,/study-abroad-consultants-in-secunderabad,Location,local commercial,2 - body
study abroad consultants in Gachibowli,/study-abroad-consultants-in-gachibowli,Location,local commercial,4 - long tail local
overseas education consultants in Gachibowli,/study-abroad-consultants-in-gachibowli,Location,local commercial,4 - long tail local
best study abroad consultant in Gachibowli,/study-abroad-consultants-in-gachibowli,Location,local commercial,4 - long tail local
abroad education consultancy in Gachibowli,/study-abroad-consultants-in-gachibowli,Location,local commercial,4 - long tail local
free study abroad counselling Gachibowli,/study-abroad-consultants-in-gachibowli,Location,local commercial,4 - long tail local
study abroad consultants in Kukatpally,/study-abroad-consultants-in-kukatpally,Location,local commercial,4 - long tail local
overseas education consultants in Kukatpally,/study-abroad-consultants-in-kukatpally,Location,local commercial,4 - long tail local
best study abroad consultant in Kukatpally,/study-abroad-consultants-in-kukatpally,Location,local commercial,4 - long tail local
abroad education consultancy in Kukatpally,/study-abroad-consultants-in-kukatpally,Location,local commercial,4 - long tail local
free study abroad counselling Kukatpally,/study-abroad-consultants-in-kukatpally,Location,local commercial,4 - long tail local
study abroad consultants in Madhapur,/study-abroad-consultants-in-madhapur,Location,local commercial,4 - long tail local
overseas education consultants in Madhapur,/study-abroad-consultants-in-madhapur,Location,local commercial,4 - long tail local
best study abroad consultant in Madhapur,/study-abroad-consultants-in-madhapur,Location,local commercial,4 - long tail local
abroad education consultancy in Madhapur,/study-abroad-consultants-in-madhapur,Location,local commercial,4 - long tail local
free study abroad counselling Madhapur,/study-abroad-consultants-in-madhapur,Location,local commercial,4 - long tail local
study abroad consultants in New Delhi,/study-abroad-consultants-in-new-delhi,Location,local commercial,1 - head
overseas education consultants in New Delhi,/study-abroad-consultants-in-new-delhi,Location,local commercial,1 - head
best study abroad consultant in New Delhi,/study-abroad-consultants-in-new-delhi,Location,local commercial,1 - head
abroad education consultancy in New Delhi,/study-abroad-consultants-in-new-delhi,Location,local commercial,1 - head
free study abroad counselling New Delhi,/study-abroad-consultants-in-new-delhi,Location,local commercial,1 - head
study abroad consultants in Dwarka,/study-abroad-consultants-in-dwarka,Location,local commercial,4 - long tail local
overseas education consultants in Dwarka,/study-abroad-consultants-in-dwarka,Location,local commercial,4 - long tail local
best study abroad consultant in Dwarka,/study-abroad-consultants-in-dwarka,Location,local commercial,4 - long tail local
abroad education consultancy in Dwarka,/study-abroad-consultants-in-dwarka,Location,local commercial,4 - long tail local
free study abroad counselling Dwarka,/study-abroad-consultants-in-dwarka,Location,local commercial,4 - long tail local
study abroad consultants in Rohini,/study-abroad-consultants-in-rohini,Location,local commercial,4 - long tail local
overseas education consultants in Rohini,/study-abroad-consultants-in-rohini,Location,local commercial,4 - long tail local
best study abroad consultant in Rohini,/study-abroad-consultants-in-rohini,Location,local commercial,4 - long tail local
abroad education consultancy in Rohini,/study-abroad-consultants-in-rohini,Location,local commercial,4 - long tail local
free study abroad counselling Rohini,/study-abroad-consultants-in-rohini,Location,local commercial,4 - long tail local
study abroad consultants in Saket,/study-abroad-consultants-in-saket,Location,local commercial,4 - long tail local
overseas education consultants in Saket,/study-abroad-consultants-in-saket,Location,local commercial,4 - long tail local
best study abroad consultant in Saket,/study-abroad-consultants-in-saket,Location,local commercial,4 - long tail local
abroad education consultancy in Saket,/study-abroad-consultants-in-saket,Location,local commercial,4 - long tail local
free study abroad counselling Saket,/study-abroad-consultants-in-saket,Location,local commercial,4 - long tail local
study abroad consultants in Laxmi Nagar,/study-abroad-consultants-in-laxmi-nagar,Location,local commercial,4 - long tail local
overseas education consultants in Laxmi Nagar,/study-abroad-consultants-in-laxmi-nagar,Location,local commercial,4 - long tail local
best study abroad consultant in Laxmi Nagar,/study-abroad-consultants-in-laxmi-nagar,Location,local commercial,4 - long tail local
abroad education consultancy in Laxmi Nagar,/study-abroad-consultants-in-laxmi-nagar,Location,local commercial,4 - long tail local
free study abroad counselling Laxmi Nagar,/study-abroad-consultants-in-laxmi-nagar,Location,local commercial,4 - long tail local
study abroad consultants in Pitampura,/study-abroad-consultants-in-pitampura,Location,local commercial,4 - long tail local
overseas education consultants in Pitampura,/study-abroad-consultants-in-pitampura,Location,local commercial,4 - long tail local
best study abroad consultant in Pitampura,/study-abroad-consultants-in-pitampura,Location,local commercial,4 - long tail local
abroad education consultancy in Pitampura,/study-abroad-consultants-in-pitampura,Location,local commercial,4 - long tail local
free study abroad counselling Pitampura,/study-abroad-consultants-in-pitampura,Location,local commercial,4 - long tail local
study abroad consultants in Janakpuri,/study-abroad-consultants-in-janakpuri,Location,local commercial,4 - long tail local
overseas education consultants in Janakpuri,/study-abroad-consultants-in-janakpuri,Location,local commercial,4 - long tail local
best study abroad consultant in Janakpuri,/study-abroad-consultants-in-janakpuri,Location,local commercial,4 - long tail local
abroad education consultancy in Janakpuri,/study-abroad-consultants-in-janakpuri,Location,local commercial,4 - long tail local
free study abroad counselling Janakpuri,/study-abroad-consultants-in-janakpuri,Location,local commercial,4 - long tail local
study abroad consultants in Karol Bagh,/study-abroad-consultants-in-karol-bagh,Location,local commercial,4 - long tail local
overseas education consultants in Karol Bagh,/study-abroad-consultants-in-karol-bagh,Location,local commercial,4 - long tail local
best study abroad consultant in Karol Bagh,/study-abroad-consultants-in-karol-bagh,Location,local commercial,4 - long tail local
abroad education consultancy in Karol Bagh,/study-abroad-consultants-in-karol-bagh,Location,local commercial,4 - long tail local
free study abroad counselling Karol Bagh,/study-abroad-consultants-in-karol-bagh,Location,local commercial,4 - long tail local
study abroad consultants in Connaught Place,/study-abroad-consultants-in-connaught-place,Location,local commercial,4 - long tail local
overseas education consultants in Connaught Place,/study-abroad-consultants-in-connaught-place,Location,local commercial,4 - long tail local
best study abroad consultant in Connaught Place,/study-abroad-consultants-in-connaught-place,Location,local commercial,4 - long tail local
abroad education consultancy in Connaught Place,/study-abroad-consultants-in-connaught-place,Location,local commercial,4 - long tail local
free study abroad counselling Connaught Place,/study-abroad-consultants-in-connaught-place,Location,local commercial,4 - long tail local
study abroad consultants in Vasant Kunj,/study-abroad-consultants-in-vasant-kunj,Location,local commercial,4 - long tail local
overseas education consultants in Vasant Kunj,/study-abroad-consultants-in-vasant-kunj,Location,local commercial,4 - long tail local
best study abroad consultant in Vasant Kunj,/study-abroad-consultants-in-vasant-kunj,Location,local commercial,4 - long tail local
abroad education consultancy in Vasant Kunj,/study-abroad-consultants-in-vasant-kunj,Location,local commercial,4 - long tail local
free study abroad counselling Vasant Kunj,/study-abroad-consultants-in-vasant-kunj,Location,local commercial,4 - long tail local
study abroad consultants in Mayur Vihar,/study-abroad-consultants-in-mayur-vihar,Location,local commercial,4 - long tail local
overseas education consultants in Mayur Vihar,/study-abroad-consultants-in-mayur-vihar,Location,local commercial,4 - long tail local
best study abroad consultant in Mayur Vihar,/study-abroad-consultants-in-mayur-vihar,Location,local commercial,4 - long tail local
abroad education consultancy in Mayur Vihar,/study-abroad-consultants-in-mayur-vihar,Location,local commercial,4 - long tail local
free study abroad counselling Mayur Vihar,/study-abroad-consultants-in-mayur-vihar,Location,local commercial,4 - long tail local
study abroad consultants in Rajouri Garden,/study-abroad-consultants-in-rajouri-garden,Location,local commercial,4 - long tail local
overseas education consultants in Rajouri Garden,/study-abroad-consultants-in-rajouri-garden,Location,local commercial,4 - long tail local
best study abroad consultant in Rajouri Garden,/study-abroad-consultants-in-rajouri-garden,Location,local commercial,4 - long tail local
abroad education consultancy in Rajouri Garden,/study-abroad-consultants-in-rajouri-garden,Location,local commercial,4 - long tail local
free study abroad counselling Rajouri Garden,/study-abroad-consultants-in-rajouri-garden,Location,local commercial,4 - long tail local
study abroad consultants in Ahmedabad,/study-abroad-consultants-in-ahmedabad,Location,local commercial,1 - head
overseas education consultants in Ahmedabad,/study-abroad-consultants-in-ahmedabad,Location,local commercial,1 - head
best study abroad consultant in Ahmedabad,/study-abroad-consultants-in-ahmedabad,Location,local commercial,1 - head
abroad education consultancy in Ahmedabad,/study-abroad-consultants-in-ahmedabad,Location,local commercial,1 - head
free study abroad counselling Ahmedabad,/study-abroad-consultants-in-ahmedabad,Location,local commercial,1 - head
study abroad consultants in Surat,/study-abroad-consultants-in-surat,Location,local commercial,1 - head
overseas education consultants in Surat,/study-abroad-consultants-in-surat,Location,local commercial,1 - head
best study abroad consultant in Surat,/study-abroad-consultants-in-surat,Location,local commercial,1 - head
abroad education consultancy in Surat,/study-abroad-consultants-in-surat,Location,local commercial,1 - head
free study abroad counselling Surat,/study-abroad-consultants-in-surat,Location,local commercial,1 - head
study abroad consultants in Vadodara,/study-abroad-consultants-in-vadodara,Location,local commercial,2 - body
overseas education consultants in Vadodara,/study-abroad-consultants-in-vadodara,Location,local commercial,2 - body
best study abroad consultant in Vadodara,/study-abroad-consultants-in-vadodara,Location,local commercial,2 - body
abroad education consultancy in Vadodara,/study-abroad-consultants-in-vadodara,Location,local commercial,2 - body
free study abroad counselling Vadodara,/study-abroad-consultants-in-vadodara,Location,local commercial,2 - body
study abroad consultants in Rajkot,/study-abroad-consultants-in-rajkot,Location,local commercial,2 - body
overseas education consultants in Rajkot,/study-abroad-consultants-in-rajkot,Location,local commercial,2 - body
best study abroad consultant in Rajkot,/study-abroad-consultants-in-rajkot,Location,local commercial,2 - body
abroad education consultancy in Rajkot,/study-abroad-consultants-in-rajkot,Location,local commercial,2 - body
free study abroad counselling Rajkot,/study-abroad-consultants-in-rajkot,Location,local commercial,2 - body
study abroad consultants in Bhavnagar,/study-abroad-consultants-in-bhavnagar,Location,local commercial,2 - body
overseas education consultants in Bhavnagar,/study-abroad-consultants-in-bhavnagar,Location,local commercial,2 - body
best study abroad consultant in Bhavnagar,/study-abroad-consultants-in-bhavnagar,Location,local commercial,2 - body
abroad education consultancy in Bhavnagar,/study-abroad-consultants-in-bhavnagar,Location,local commercial,2 - body
free study abroad counselling Bhavnagar,/study-abroad-consultants-in-bhavnagar,Location,local commercial,2 - body
study abroad consultants in Jamnagar,/study-abroad-consultants-in-jamnagar,Location,local commercial,2 - body
overseas education consultants in Jamnagar,/study-abroad-consultants-in-jamnagar,Location,local commercial,2 - body
best study abroad consultant in Jamnagar,/study-abroad-consultants-in-jamnagar,Location,local commercial,2 - body
abroad education consultancy in Jamnagar,/study-abroad-consultants-in-jamnagar,Location,local commercial,2 - body
free study abroad counselling Jamnagar,/study-abroad-consultants-in-jamnagar,Location,local commercial,2 - body
study abroad consultants in Gandhinagar,/study-abroad-consultants-in-gandhinagar,Location,local commercial,2 - body
overseas education consultants in Gandhinagar,/study-abroad-consultants-in-gandhinagar,Location,local commercial,2 - body
best study abroad consultant in Gandhinagar,/study-abroad-consultants-in-gandhinagar,Location,local commercial,2 - body
abroad education consultancy in Gandhinagar,/study-abroad-consultants-in-gandhinagar,Location,local commercial,2 - body
free study abroad counselling Gandhinagar,/study-abroad-consultants-in-gandhinagar,Location,local commercial,2 - body
study abroad consultants in Junagadh,/study-abroad-consultants-in-junagadh,Location,local commercial,4 - long tail local
overseas education consultants in Junagadh,/study-abroad-consultants-in-junagadh,Location,local commercial,4 - long tail local
best study abroad consultant in Junagadh,/study-abroad-consultants-in-junagadh,Location,local commercial,4 - long tail local
abroad education consultancy in Junagadh,/study-abroad-consultants-in-junagadh,Location,local commercial,4 - long tail local
free study abroad counselling Junagadh,/study-abroad-consultants-in-junagadh,Location,local commercial,4 - long tail local
study abroad consultants in Anand,/study-abroad-consultants-in-anand,Location,local commercial,4 - long tail local
overseas education consultants in Anand,/study-abroad-consultants-in-anand,Location,local commercial,4 - long tail local
best study abroad consultant in Anand,/study-abroad-consultants-in-anand,Location,local commercial,4 - long tail local
abroad education consultancy in Anand,/study-abroad-consultants-in-anand,Location,local commercial,4 - long tail local
free study abroad counselling Anand,/study-abroad-consultants-in-anand,Location,local commercial,4 - long tail local
study abroad consultants in Nadiad,/study-abroad-consultants-in-nadiad,Location,local commercial,4 - long tail local
overseas education consultants in Nadiad,/study-abroad-consultants-in-nadiad,Location,local commercial,4 - long tail local
best study abroad consultant in Nadiad,/study-abroad-consultants-in-nadiad,Location,local commercial,4 - long tail local
abroad education consultancy in Nadiad,/study-abroad-consultants-in-nadiad,Location,local commercial,4 - long tail local
free study abroad counselling Nadiad,/study-abroad-consultants-in-nadiad,Location,local commercial,4 - long tail local
study abroad consultants in Bharuch,/study-abroad-consultants-in-bharuch,Location,local commercial,4 - long tail local
overseas education consultants in Bharuch,/study-abroad-consultants-in-bharuch,Location,local commercial,4 - long tail local
best study abroad consultant in Bharuch,/study-abroad-consultants-in-bharuch,Location,local commercial,4 - long tail local
abroad education consultancy in Bharuch,/study-abroad-consultants-in-bharuch,Location,local commercial,4 - long tail local
free study abroad counselling Bharuch,/study-abroad-consultants-in-bharuch,Location,local commercial,4 - long tail local
study abroad consultants in Mehsana,/study-abroad-consultants-in-mehsana,Location,local commercial,4 - long tail local
overseas education consultants in Mehsana,/study-abroad-consultants-in-mehsana,Location,local commercial,4 - long tail local
best study abroad consultant in Mehsana,/study-abroad-consultants-in-mehsana,Location,local commercial,4 - long tail local
abroad education consultancy in Mehsana,/study-abroad-consultants-in-mehsana,Location,local commercial,4 - long tail local
free study abroad counselling Mehsana,/study-abroad-consultants-in-mehsana,Location,local commercial,4 - long tail local
study abroad consultants in Navsari,/study-abroad-consultants-in-navsari,Location,local commercial,4 - long tail local
overseas education consultants in Navsari,/study-abroad-consultants-in-navsari,Location,local commercial,4 - long tail local
best study abroad consultant in Navsari,/study-abroad-consultants-in-navsari,Location,local commercial,4 - long tail local
abroad education consultancy in Navsari,/study-abroad-consultants-in-navsari,Location,local commercial,4 - long tail local
free study abroad counselling Navsari,/study-abroad-consultants-in-navsari,Location,local commercial,4 - long tail local
study abroad consultants in Morbi,/study-abroad-consultants-in-morbi,Location,local commercial,4 - long tail local
overseas education consultants in Morbi,/study-abroad-consultants-in-morbi,Location,local commercial,4 - long tail local
best study abroad consultant in Morbi,/study-abroad-consultants-in-morbi,Location,local commercial,4 - long tail local
abroad education consultancy in Morbi,/study-abroad-consultants-in-morbi,Location,local commercial,4 - long tail local
free study abroad counselling Morbi,/study-abroad-consultants-in-morbi,Location,local commercial,4 - long tail local
study abroad consultants in Surendranagar,/study-abroad-consultants-in-surendranagar,Location,local commercial,4 - long tail local
overseas education consultants in Surendranagar,/study-abroad-consultants-in-surendranagar,Location,local commercial,4 - long tail local
best study abroad consultant in Surendranagar,/study-abroad-consultants-in-surendranagar,Location,local commercial,4 - long tail local
abroad education consultancy in Surendranagar,/study-abroad-consultants-in-surendranagar,Location,local commercial,4 - long tail local
free study abroad counselling Surendranagar,/study-abroad-consultants-in-surendranagar,Location,local commercial,4 - long tail local
study abroad consultants in Gandhidham,/study-abroad-consultants-in-gandhidham,Location,local commercial,4 - long tail local
overseas education consultants in Gandhidham,/study-abroad-consultants-in-gandhidham,Location,local commercial,4 - long tail local
best study abroad consultant in Gandhidham,/study-abroad-consultants-in-gandhidham,Location,local commercial,4 - long tail local
abroad education consultancy in Gandhidham,/study-abroad-consultants-in-gandhidham,Location,local commercial,4 - long tail local
free study abroad counselling Gandhidham,/study-abroad-consultants-in-gandhidham,Location,local commercial,4 - long tail local
study abroad consultants in Vapi,/study-abroad-consultants-in-vapi,Location,local commercial,4 - long tail local
overseas education consultants in Vapi,/study-abroad-consultants-in-vapi,Location,local commercial,4 - long tail local
best study abroad consultant in Vapi,/study-abroad-consultants-in-vapi,Location,local commercial,4 - long tail local
abroad education consultancy in Vapi,/study-abroad-consultants-in-vapi,Location,local commercial,4 - long tail local
free study abroad counselling Vapi,/study-abroad-consultants-in-vapi,Location,local commercial,4 - long tail local
study abroad consultants in Valsad,/study-abroad-consultants-in-valsad,Location,local commercial,4 - long tail local
overseas education consultants in Valsad,/study-abroad-consultants-in-valsad,Location,local commercial,4 - long tail local
best study abroad consultant in Valsad,/study-abroad-consultants-in-valsad,Location,local commercial,4 - long tail local
abroad education consultancy in Valsad,/study-abroad-consultants-in-valsad,Location,local commercial,4 - long tail local
free study abroad counselling Valsad,/study-abroad-consultants-in-valsad,Location,local commercial,4 - long tail local
study abroad consultants in Porbandar,/study-abroad-consultants-in-porbandar,Location,local commercial,4 - long tail local
overseas education consultants in Porbandar,/study-abroad-consultants-in-porbandar,Location,local commercial,4 - long tail local
best study abroad consultant in Porbandar,/study-abroad-consultants-in-porbandar,Location,local commercial,4 - long tail local
abroad education consultancy in Porbandar,/study-abroad-consultants-in-porbandar,Location,local commercial,4 - long tail local
free study abroad counselling Porbandar,/study-abroad-consultants-in-porbandar,Location,local commercial,4 - long tail local
study abroad consultants in Veraval,/study-abroad-consultants-in-veraval,Location,local commercial,4 - long tail local
overseas education consultants in Veraval,/study-abroad-consultants-in-veraval,Location,local commercial,4 - long tail local
best study abroad consultant in Veraval,/study-abroad-consultants-in-veraval,Location,local commercial,4 - long tail local
abroad education consultancy in Veraval,/study-abroad-consultants-in-veraval,Location,local commercial,4 - long tail local
free study abroad counselling Veraval,/study-abroad-consultants-in-veraval,Location,local commercial,4 - long tail local
study abroad consultants in Patan,/study-abroad-consultants-in-patan,Location,local commercial,4 - long tail local
overseas education consultants in Patan,/study-abroad-consultants-in-patan,Location,local commercial,4 - long tail local
best study abroad consultant in Patan,/study-abroad-consultants-in-patan,Location,local commercial,4 - long tail local
abroad education consultancy in Patan,/study-abroad-consultants-in-patan,Location,local commercial,4 - long tail local
free study abroad counselling Patan,/study-abroad-consultants-in-patan,Location,local commercial,4 - long tail local
study abroad consultants in Bhuj,/study-abroad-consultants-in-bhuj,Location,local commercial,4 - long tail local
overseas education consultants in Bhuj,/study-abroad-consultants-in-bhuj,Location,local commercial,4 - long tail local
best study abroad consultant in Bhuj,/study-abroad-consultants-in-bhuj,Location,local commercial,4 - long tail local
abroad education consultancy in Bhuj,/study-abroad-consultants-in-bhuj,Location,local commercial,4 - long tail local
free study abroad counselling Bhuj,/study-abroad-consultants-in-bhuj,Location,local commercial,4 - long tail local
study abroad consultants in Palanpur,/study-abroad-consultants-in-palanpur,Location,local commercial,4 - long tail local
overseas education consultants in Palanpur,/study-abroad-consultants-in-palanpur,Location,local commercial,4 - long tail local
best study abroad consultant in Palanpur,/study-abroad-consultants-in-palanpur,Location,local commercial,4 - long tail local
abroad education consultancy in Palanpur,/study-abroad-consultants-in-palanpur,Location,local commercial,4 - long tail local
free study abroad counselling Palanpur,/study-abroad-consultants-in-palanpur,Location,local commercial,4 - long tail local
study abroad consultants in Godhra,/study-abroad-consultants-in-godhra,Location,local commercial,4 - long tail local
overseas education consultants in Godhra,/study-abroad-consultants-in-godhra,Location,local commercial,4 - long tail local
best study abroad consultant in Godhra,/study-abroad-consultants-in-godhra,Location,local commercial,4 - long tail local
abroad education consultancy in Godhra,/study-abroad-consultants-in-godhra,Location,local commercial,4 - long tail local
free study abroad counselling Godhra,/study-abroad-consultants-in-godhra,Location,local commercial,4 - long tail local
study abroad consultants in Ankleshwar,/study-abroad-consultants-in-ankleshwar,Location,local commercial,4 - long tail local
overseas education consultants in Ankleshwar,/study-abroad-consultants-in-ankleshwar,Location,local commercial,4 - long tail local
best study abroad consultant in Ankleshwar,/study-abroad-consultants-in-ankleshwar,Location,local commercial,4 - long tail local
abroad education consultancy in Ankleshwar,/study-abroad-consultants-in-ankleshwar,Location,local commercial,4 - long tail local
free study abroad counselling Ankleshwar,/study-abroad-consultants-in-ankleshwar,Location,local commercial,4 - long tail local
study abroad consultants in Thiruvananthapuram,/study-abroad-consultants-in-thiruvananthapuram,Location,local commercial,2 - body
overseas education consultants in Thiruvananthapuram,/study-abroad-consultants-in-thiruvananthapuram,Location,local commercial,2 - body
best study abroad consultant in Thiruvananthapuram,/study-abroad-consultants-in-thiruvananthapuram,Location,local commercial,2 - body
abroad education consultancy in Thiruvananthapuram,/study-abroad-consultants-in-thiruvananthapuram,Location,local commercial,2 - body
free study abroad counselling Thiruvananthapuram,/study-abroad-consultants-in-thiruvananthapuram,Location,local commercial,2 - body
study abroad consultants in Kochi,/study-abroad-consultants-in-kochi,Location,local commercial,2 - body
overseas education consultants in Kochi,/study-abroad-consultants-in-kochi,Location,local commercial,2 - body
best study abroad consultant in Kochi,/study-abroad-consultants-in-kochi,Location,local commercial,2 - body
abroad education consultancy in Kochi,/study-abroad-consultants-in-kochi,Location,local commercial,2 - body
free study abroad counselling Kochi,/study-abroad-consultants-in-kochi,Location,local commercial,2 - body
study abroad consultants in Kozhikode,/study-abroad-consultants-in-kozhikode,Location,local commercial,2 - body
overseas education consultants in Kozhikode,/study-abroad-consultants-in-kozhikode,Location,local commercial,2 - body
best study abroad consultant in Kozhikode,/study-abroad-consultants-in-kozhikode,Location,local commercial,2 - body
abroad education consultancy in Kozhikode,/study-abroad-consultants-in-kozhikode,Location,local commercial,2 - body
free study abroad counselling Kozhikode,/study-abroad-consultants-in-kozhikode,Location,local commercial,2 - body
study abroad consultants in Thrissur,/study-abroad-consultants-in-thrissur,Location,local commercial,2 - body
overseas education consultants in Thrissur,/study-abroad-consultants-in-thrissur,Location,local commercial,2 - body
best study abroad consultant in Thrissur,/study-abroad-consultants-in-thrissur,Location,local commercial,2 - body
abroad education consultancy in Thrissur,/study-abroad-consultants-in-thrissur,Location,local commercial,2 - body
free study abroad counselling Thrissur,/study-abroad-consultants-in-thrissur,Location,local commercial,2 - body
study abroad consultants in Kollam,/study-abroad-consultants-in-kollam,Location,local commercial,2 - body
overseas education consultants in Kollam,/study-abroad-consultants-in-kollam,Location,local commercial,2 - body
best study abroad consultant in Kollam,/study-abroad-consultants-in-kollam,Location,local commercial,2 - body
abroad education consultancy in Kollam,/study-abroad-consultants-in-kollam,Location,local commercial,2 - body
free study abroad counselling Kollam,/study-abroad-consultants-in-kollam,Location,local commercial,2 - body
study abroad consultants in Kannur,/study-abroad-consultants-in-kannur,Location,local commercial,2 - body
overseas education consultants in Kannur,/study-abroad-consultants-in-kannur,Location,local commercial,2 - body
best study abroad consultant in Kannur,/study-abroad-consultants-in-kannur,Location,local commercial,2 - body
abroad education consultancy in Kannur,/study-abroad-consultants-in-kannur,Location,local commercial,2 - body
free study abroad counselling Kannur,/study-abroad-consultants-in-kannur,Location,local commercial,2 - body
study abroad consultants in Alappuzha,/study-abroad-consultants-in-alappuzha,Location,local commercial,4 - long tail local
overseas education consultants in Alappuzha,/study-abroad-consultants-in-alappuzha,Location,local commercial,4 - long tail local
best study abroad consultant in Alappuzha,/study-abroad-consultants-in-alappuzha,Location,local commercial,4 - long tail local
abroad education consultancy in Alappuzha,/study-abroad-consultants-in-alappuzha,Location,local commercial,4 - long tail local
free study abroad counselling Alappuzha,/study-abroad-consultants-in-alappuzha,Location,local commercial,4 - long tail local
study abroad consultants in Palakkad,/study-abroad-consultants-in-palakkad,Location,local commercial,4 - long tail local
overseas education consultants in Palakkad,/study-abroad-consultants-in-palakkad,Location,local commercial,4 - long tail local
best study abroad consultant in Palakkad,/study-abroad-consultants-in-palakkad,Location,local commercial,4 - long tail local
abroad education consultancy in Palakkad,/study-abroad-consultants-in-palakkad,Location,local commercial,4 - long tail local
free study abroad counselling Palakkad,/study-abroad-consultants-in-palakkad,Location,local commercial,4 - long tail local
study abroad consultants in Malappuram,/study-abroad-consultants-in-malappuram,Location,local commercial,4 - long tail local
overseas education consultants in Malappuram,/study-abroad-consultants-in-malappuram,Location,local commercial,4 - long tail local
best study abroad consultant in Malappuram,/study-abroad-consultants-in-malappuram,Location,local commercial,4 - long tail local
abroad education consultancy in Malappuram,/study-abroad-consultants-in-malappuram,Location,local commercial,4 - long tail local
free study abroad counselling Malappuram,/study-abroad-consultants-in-malappuram,Location,local commercial,4 - long tail local
study abroad consultants in Kottayam,/study-abroad-consultants-in-kottayam,Location,local commercial,4 - long tail local
overseas education consultants in Kottayam,/study-abroad-consultants-in-kottayam,Location,local commercial,4 - long tail local
best study abroad consultant in Kottayam,/study-abroad-consultants-in-kottayam,Location,local commercial,4 - long tail local
abroad education consultancy in Kottayam,/study-abroad-consultants-in-kottayam,Location,local commercial,4 - long tail local
free study abroad counselling Kottayam,/study-abroad-consultants-in-kottayam,Location,local commercial,4 - long tail local
study abroad consultants in Pathanamthitta,/study-abroad-consultants-in-pathanamthitta,Location,local commercial,4 - long tail local
overseas education consultants in Pathanamthitta,/study-abroad-consultants-in-pathanamthitta,Location,local commercial,4 - long tail local
best study abroad consultant in Pathanamthitta,/study-abroad-consultants-in-pathanamthitta,Location,local commercial,4 - long tail local
abroad education consultancy in Pathanamthitta,/study-abroad-consultants-in-pathanamthitta,Location,local commercial,4 - long tail local
free study abroad counselling Pathanamthitta,/study-abroad-consultants-in-pathanamthitta,Location,local commercial,4 - long tail local
study abroad consultants in Idukki,/study-abroad-consultants-in-idukki,Location,local commercial,4 - long tail local
overseas education consultants in Idukki,/study-abroad-consultants-in-idukki,Location,local commercial,4 - long tail local
best study abroad consultant in Idukki,/study-abroad-consultants-in-idukki,Location,local commercial,4 - long tail local
abroad education consultancy in Idukki,/study-abroad-consultants-in-idukki,Location,local commercial,4 - long tail local
free study abroad counselling Idukki,/study-abroad-consultants-in-idukki,Location,local commercial,4 - long tail local
study abroad consultants in Kasaragod,/study-abroad-consultants-in-kasaragod,Location,local commercial,4 - long tail local
overseas education consultants in Kasaragod,/study-abroad-consultants-in-kasaragod,Location,local commercial,4 - long tail local
best study abroad consultant in Kasaragod,/study-abroad-consultants-in-kasaragod,Location,local commercial,4 - long tail local
abroad education consultancy in Kasaragod,/study-abroad-consultants-in-kasaragod,Location,local commercial,4 - long tail local
free study abroad counselling Kasaragod,/study-abroad-consultants-in-kasaragod,Location,local commercial,4 - long tail local
study abroad consultants in Wayanad,/study-abroad-consultants-in-wayanad,Location,local commercial,4 - long tail local
overseas education consultants in Wayanad,/study-abroad-consultants-in-wayanad,Location,local commercial,4 - long tail local
best study abroad consultant in Wayanad,/study-abroad-consultants-in-wayanad,Location,local commercial,4 - long tail local
abroad education consultancy in Wayanad,/study-abroad-consultants-in-wayanad,Location,local commercial,4 - long tail local
free study abroad counselling Wayanad,/study-abroad-consultants-in-wayanad,Location,local commercial,4 - long tail local
study abroad consultants in Ernakulam,/study-abroad-consultants-in-ernakulam,Location,local commercial,4 - long tail local
overseas education consultants in Ernakulam,/study-abroad-consultants-in-ernakulam,Location,local commercial,4 - long tail local
best study abroad consultant in Ernakulam,/study-abroad-consultants-in-ernakulam,Location,local commercial,4 - long tail local
abroad education consultancy in Ernakulam,/study-abroad-consultants-in-ernakulam,Location,local commercial,4 - long tail local
free study abroad counselling Ernakulam,/study-abroad-consultants-in-ernakulam,Location,local commercial,4 - long tail local
study abroad consultants in Manjeri,/study-abroad-consultants-in-manjeri,Location,local commercial,4 - long tail local
overseas education consultants in Manjeri,/study-abroad-consultants-in-manjeri,Location,local commercial,4 - long tail local
best study abroad consultant in Manjeri,/study-abroad-consultants-in-manjeri,Location,local commercial,4 - long tail local
abroad education consultancy in Manjeri,/study-abroad-consultants-in-manjeri,Location,local commercial,4 - long tail local
free study abroad counselling Manjeri,/study-abroad-consultants-in-manjeri,Location,local commercial,4 - long tail local
study abroad consultants in Ponnani,/study-abroad-consultants-in-ponnani,Location,local commercial,4 - long tail local
overseas education consultants in Ponnani,/study-abroad-consultants-in-ponnani,Location,local commercial,4 - long tail local
best study abroad consultant in Ponnani,/study-abroad-consultants-in-ponnani,Location,local commercial,4 - long tail local
abroad education consultancy in Ponnani,/study-abroad-consultants-in-ponnani,Location,local commercial,4 - long tail local
free study abroad counselling Ponnani,/study-abroad-consultants-in-ponnani,Location,local commercial,4 - long tail local
study abroad consultants in Thalassery,/study-abroad-consultants-in-thalassery,Location,local commercial,4 - long tail local
overseas education consultants in Thalassery,/study-abroad-consultants-in-thalassery,Location,local commercial,4 - long tail local
best study abroad consultant in Thalassery,/study-abroad-consultants-in-thalassery,Location,local commercial,4 - long tail local
abroad education consultancy in Thalassery,/study-abroad-consultants-in-thalassery,Location,local commercial,4 - long tail local
free study abroad counselling Thalassery,/study-abroad-consultants-in-thalassery,Location,local commercial,4 - long tail local
study abroad consultants in Kolkata,/study-abroad-consultants-in-kolkata,Location,local commercial,1 - head
overseas education consultants in Kolkata,/study-abroad-consultants-in-kolkata,Location,local commercial,1 - head
best study abroad consultant in Kolkata,/study-abroad-consultants-in-kolkata,Location,local commercial,1 - head
abroad education consultancy in Kolkata,/study-abroad-consultants-in-kolkata,Location,local commercial,1 - head
free study abroad counselling Kolkata,/study-abroad-consultants-in-kolkata,Location,local commercial,1 - head
study abroad consultants in Howrah,/study-abroad-consultants-in-howrah,Location,local commercial,2 - body
overseas education consultants in Howrah,/study-abroad-consultants-in-howrah,Location,local commercial,2 - body
best study abroad consultant in Howrah,/study-abroad-consultants-in-howrah,Location,local commercial,2 - body
abroad education consultancy in Howrah,/study-abroad-consultants-in-howrah,Location,local commercial,2 - body
free study abroad counselling Howrah,/study-abroad-consultants-in-howrah,Location,local commercial,2 - body
study abroad consultants in Durgapur,/study-abroad-consultants-in-durgapur,Location,local commercial,2 - body
overseas education consultants in Durgapur,/study-abroad-consultants-in-durgapur,Location,local commercial,2 - body
best study abroad consultant in Durgapur,/study-abroad-consultants-in-durgapur,Location,local commercial,2 - body
abroad education consultancy in Durgapur,/study-abroad-consultants-in-durgapur,Location,local commercial,2 - body
free study abroad counselling Durgapur,/study-abroad-consultants-in-durgapur,Location,local commercial,2 - body
study abroad consultants in Asansol,/study-abroad-consultants-in-asansol,Location,local commercial,2 - body
overseas education consultants in Asansol,/study-abroad-consultants-in-asansol,Location,local commercial,2 - body
best study abroad consultant in Asansol,/study-abroad-consultants-in-asansol,Location,local commercial,2 - body
abroad education consultancy in Asansol,/study-abroad-consultants-in-asansol,Location,local commercial,2 - body
free study abroad counselling Asansol,/study-abroad-consultants-in-asansol,Location,local commercial,2 - body
study abroad consultants in Siliguri,/study-abroad-consultants-in-siliguri,Location,local commercial,2 - body
overseas education consultants in Siliguri,/study-abroad-consultants-in-siliguri,Location,local commercial,2 - body
best study abroad consultant in Siliguri,/study-abroad-consultants-in-siliguri,Location,local commercial,2 - body
abroad education consultancy in Siliguri,/study-abroad-consultants-in-siliguri,Location,local commercial,2 - body
free study abroad counselling Siliguri,/study-abroad-consultants-in-siliguri,Location,local commercial,2 - body
study abroad consultants in Bardhaman,/study-abroad-consultants-in-bardhaman,Location,local commercial,4 - long tail local
overseas education consultants in Bardhaman,/study-abroad-consultants-in-bardhaman,Location,local commercial,4 - long tail local
best study abroad consultant in Bardhaman,/study-abroad-consultants-in-bardhaman,Location,local commercial,4 - long tail local
abroad education consultancy in Bardhaman,/study-abroad-consultants-in-bardhaman,Location,local commercial,4 - long tail local
free study abroad counselling Bardhaman,/study-abroad-consultants-in-bardhaman,Location,local commercial,4 - long tail local
study abroad consultants in Malda,/study-abroad-consultants-in-malda,Location,local commercial,4 - long tail local
overseas education consultants in Malda,/study-abroad-consultants-in-malda,Location,local commercial,4 - long tail local
best study abroad consultant in Malda,/study-abroad-consultants-in-malda,Location,local commercial,4 - long tail local
abroad education consultancy in Malda,/study-abroad-consultants-in-malda,Location,local commercial,4 - long tail local
free study abroad counselling Malda,/study-abroad-consultants-in-malda,Location,local commercial,4 - long tail local
study abroad consultants in Kharagpur,/study-abroad-consultants-in-kharagpur,Location,local commercial,4 - long tail local
overseas education consultants in Kharagpur,/study-abroad-consultants-in-kharagpur,Location,local commercial,4 - long tail local
best study abroad consultant in Kharagpur,/study-abroad-consultants-in-kharagpur,Location,local commercial,4 - long tail local
abroad education consultancy in Kharagpur,/study-abroad-consultants-in-kharagpur,Location,local commercial,4 - long tail local
free study abroad counselling Kharagpur,/study-abroad-consultants-in-kharagpur,Location,local commercial,4 - long tail local
study abroad consultants in Haldia,/study-abroad-consultants-in-haldia,Location,local commercial,4 - long tail local
overseas education consultants in Haldia,/study-abroad-consultants-in-haldia,Location,local commercial,4 - long tail local
best study abroad consultant in Haldia,/study-abroad-consultants-in-haldia,Location,local commercial,4 - long tail local
abroad education consultancy in Haldia,/study-abroad-consultants-in-haldia,Location,local commercial,4 - long tail local
free study abroad counselling Haldia,/study-abroad-consultants-in-haldia,Location,local commercial,4 - long tail local
study abroad consultants in Darjeeling,/study-abroad-consultants-in-darjeeling,Location,local commercial,4 - long tail local
overseas education consultants in Darjeeling,/study-abroad-consultants-in-darjeeling,Location,local commercial,4 - long tail local
best study abroad consultant in Darjeeling,/study-abroad-consultants-in-darjeeling,Location,local commercial,4 - long tail local
abroad education consultancy in Darjeeling,/study-abroad-consultants-in-darjeeling,Location,local commercial,4 - long tail local
free study abroad counselling Darjeeling,/study-abroad-consultants-in-darjeeling,Location,local commercial,4 - long tail local
study abroad consultants in Krishnanagar,/study-abroad-consultants-in-krishnanagar,Location,local commercial,4 - long tail local
overseas education consultants in Krishnanagar,/study-abroad-consultants-in-krishnanagar,Location,local commercial,4 - long tail local
best study abroad consultant in Krishnanagar,/study-abroad-consultants-in-krishnanagar,Location,local commercial,4 - long tail local
abroad education consultancy in Krishnanagar,/study-abroad-consultants-in-krishnanagar,Location,local commercial,4 - long tail local
free study abroad counselling Krishnanagar,/study-abroad-consultants-in-krishnanagar,Location,local commercial,4 - long tail local
study abroad consultants in Barasat,/study-abroad-consultants-in-barasat,Location,local commercial,4 - long tail local
overseas education consultants in Barasat,/study-abroad-consultants-in-barasat,Location,local commercial,4 - long tail local
best study abroad consultant in Barasat,/study-abroad-consultants-in-barasat,Location,local commercial,4 - long tail local
abroad education consultancy in Barasat,/study-abroad-consultants-in-barasat,Location,local commercial,4 - long tail local
free study abroad counselling Barasat,/study-abroad-consultants-in-barasat,Location,local commercial,4 - long tail local
study abroad consultants in Berhampore,/study-abroad-consultants-in-berhampore,Location,local commercial,4 - long tail local
overseas education consultants in Berhampore,/study-abroad-consultants-in-berhampore,Location,local commercial,4 - long tail local
best study abroad consultant in Berhampore,/study-abroad-consultants-in-berhampore,Location,local commercial,4 - long tail local
abroad education consultancy in Berhampore,/study-abroad-consultants-in-berhampore,Location,local commercial,4 - long tail local
free study abroad counselling Berhampore,/study-abroad-consultants-in-berhampore,Location,local commercial,4 - long tail local
study abroad consultants in Bankura,/study-abroad-consultants-in-bankura,Location,local commercial,4 - long tail local
overseas education consultants in Bankura,/study-abroad-consultants-in-bankura,Location,local commercial,4 - long tail local
best study abroad consultant in Bankura,/study-abroad-consultants-in-bankura,Location,local commercial,4 - long tail local
abroad education consultancy in Bankura,/study-abroad-consultants-in-bankura,Location,local commercial,4 - long tail local
free study abroad counselling Bankura,/study-abroad-consultants-in-bankura,Location,local commercial,4 - long tail local
study abroad consultants in Jalpaiguri,/study-abroad-consultants-in-jalpaiguri,Location,local commercial,4 - long tail local
overseas education consultants in Jalpaiguri,/study-abroad-consultants-in-jalpaiguri,Location,local commercial,4 - long tail local
best study abroad consultant in Jalpaiguri,/study-abroad-consultants-in-jalpaiguri,Location,local commercial,4 - long tail local
abroad education consultancy in Jalpaiguri,/study-abroad-consultants-in-jalpaiguri,Location,local commercial,4 - long tail local
free study abroad counselling Jalpaiguri,/study-abroad-consultants-in-jalpaiguri,Location,local commercial,4 - long tail local
study abroad consultants in Cooch Behar,/study-abroad-consultants-in-cooch-behar,Location,local commercial,4 - long tail local
overseas education consultants in Cooch Behar,/study-abroad-consultants-in-cooch-behar,Location,local commercial,4 - long tail local
best study abroad consultant in Cooch Behar,/study-abroad-consultants-in-cooch-behar,Location,local commercial,4 - long tail local
abroad education consultancy in Cooch Behar,/study-abroad-consultants-in-cooch-behar,Location,local commercial,4 - long tail local
free study abroad counselling Cooch Behar,/study-abroad-consultants-in-cooch-behar,Location,local commercial,4 - long tail local
study abroad consultants in Raiganj,/study-abroad-consultants-in-raiganj,Location,local commercial,4 - long tail local
overseas education consultants in Raiganj,/study-abroad-consultants-in-raiganj,Location,local commercial,4 - long tail local
best study abroad consultant in Raiganj,/study-abroad-consultants-in-raiganj,Location,local commercial,4 - long tail local
abroad education consultancy in Raiganj,/study-abroad-consultants-in-raiganj,Location,local commercial,4 - long tail local
free study abroad counselling Raiganj,/study-abroad-consultants-in-raiganj,Location,local commercial,4 - long tail local
study abroad consultants in Salt Lake,/study-abroad-consultants-in-salt-lake,Location,local commercial,4 - long tail local
overseas education consultants in Salt Lake,/study-abroad-consultants-in-salt-lake,Location,local commercial,4 - long tail local
best study abroad consultant in Salt Lake,/study-abroad-consultants-in-salt-lake,Location,local commercial,4 - long tail local
abroad education consultancy in Salt Lake,/study-abroad-consultants-in-salt-lake,Location,local commercial,4 - long tail local
free study abroad counselling Salt Lake,/study-abroad-consultants-in-salt-lake,Location,local commercial,4 - long tail local
study abroad consultants in Barrackpore,/study-abroad-consultants-in-barrackpore,Location,local commercial,4 - long tail local
overseas education consultants in Barrackpore,/study-abroad-consultants-in-barrackpore,Location,local commercial,4 - long tail local
best study abroad consultant in Barrackpore,/study-abroad-consultants-in-barrackpore,Location,local commercial,4 - long tail local
abroad education consultancy in Barrackpore,/study-abroad-consultants-in-barrackpore,Location,local commercial,4 - long tail local
free study abroad counselling Barrackpore,/study-abroad-consultants-in-barrackpore,Location,local commercial,4 - long tail local
study abroad consultants in Serampore,/study-abroad-consultants-in-serampore,Location,local commercial,4 - long tail local
overseas education consultants in Serampore,/study-abroad-consultants-in-serampore,Location,local commercial,4 - long tail local
best study abroad consultant in Serampore,/study-abroad-consultants-in-serampore,Location,local commercial,4 - long tail local
abroad education consultancy in Serampore,/study-abroad-consultants-in-serampore,Location,local commercial,4 - long tail local
free study abroad counselling Serampore,/study-abroad-consultants-in-serampore,Location,local commercial,4 - long tail local
study abroad consultants in Lucknow,/study-abroad-consultants-in-lucknow,Location,local commercial,2 - body
overseas education consultants in Lucknow,/study-abroad-consultants-in-lucknow,Location,local commercial,2 - body
best study abroad consultant in Lucknow,/study-abroad-consultants-in-lucknow,Location,local commercial,2 - body
abroad education consultancy in Lucknow,/study-abroad-consultants-in-lucknow,Location,local commercial,2 - body
free study abroad counselling Lucknow,/study-abroad-consultants-in-lucknow,Location,local commercial,2 - body
study abroad consultants in Kanpur,/study-abroad-consultants-in-kanpur,Location,local commercial,2 - body
overseas education consultants in Kanpur,/study-abroad-consultants-in-kanpur,Location,local commercial,2 - body
best study abroad consultant in Kanpur,/study-abroad-consultants-in-kanpur,Location,local commercial,2 - body
abroad education consultancy in Kanpur,/study-abroad-consultants-in-kanpur,Location,local commercial,2 - body
free study abroad counselling Kanpur,/study-abroad-consultants-in-kanpur,Location,local commercial,2 - body
study abroad consultants in Ghaziabad,/study-abroad-consultants-in-ghaziabad,Location,local commercial,2 - body
overseas education consultants in Ghaziabad,/study-abroad-consultants-in-ghaziabad,Location,local commercial,2 - body
best study abroad consultant in Ghaziabad,/study-abroad-consultants-in-ghaziabad,Location,local commercial,2 - body
abroad education consultancy in Ghaziabad,/study-abroad-consultants-in-ghaziabad,Location,local commercial,2 - body
free study abroad counselling Ghaziabad,/study-abroad-consultants-in-ghaziabad,Location,local commercial,2 - body
study abroad consultants in Agra,/study-abroad-consultants-in-agra,Location,local commercial,2 - body
overseas education consultants in Agra,/study-abroad-consultants-in-agra,Location,local commercial,2 - body
best study abroad consultant in Agra,/study-abroad-consultants-in-agra,Location,local commercial,2 - body
abroad education consultancy in Agra,/study-abroad-consultants-in-agra,Location,local commercial,2 - body
free study abroad counselling Agra,/study-abroad-consultants-in-agra,Location,local commercial,2 - body
study abroad consultants in Varanasi,/study-abroad-consultants-in-varanasi,Location,local commercial,2 - body
overseas education consultants in Varanasi,/study-abroad-consultants-in-varanasi,Location,local commercial,2 - body
best study abroad consultant in Varanasi,/study-abroad-consultants-in-varanasi,Location,local commercial,2 - body
abroad education consultancy in Varanasi,/study-abroad-consultants-in-varanasi,Location,local commercial,2 - body
free study abroad counselling Varanasi,/study-abroad-consultants-in-varanasi,Location,local commercial,2 - body
study abroad consultants in Meerut,/study-abroad-consultants-in-meerut,Location,local commercial,2 - body
overseas education consultants in Meerut,/study-abroad-consultants-in-meerut,Location,local commercial,2 - body
best study abroad consultant in Meerut,/study-abroad-consultants-in-meerut,Location,local commercial,2 - body
abroad education consultancy in Meerut,/study-abroad-consultants-in-meerut,Location,local commercial,2 - body
free study abroad counselling Meerut,/study-abroad-consultants-in-meerut,Location,local commercial,2 - body
study abroad consultants in Prayagraj,/study-abroad-consultants-in-prayagraj,Location,local commercial,2 - body
overseas education consultants in Prayagraj,/study-abroad-consultants-in-prayagraj,Location,local commercial,2 - body
best study abroad consultant in Prayagraj,/study-abroad-consultants-in-prayagraj,Location,local commercial,2 - body
abroad education consultancy in Prayagraj,/study-abroad-consultants-in-prayagraj,Location,local commercial,2 - body
free study abroad counselling Prayagraj,/study-abroad-consultants-in-prayagraj,Location,local commercial,2 - body
study abroad consultants in Noida,/study-abroad-consultants-in-noida,Location,local commercial,2 - body
overseas education consultants in Noida,/study-abroad-consultants-in-noida,Location,local commercial,2 - body
best study abroad consultant in Noida,/study-abroad-consultants-in-noida,Location,local commercial,2 - body
abroad education consultancy in Noida,/study-abroad-consultants-in-noida,Location,local commercial,2 - body
free study abroad counselling Noida,/study-abroad-consultants-in-noida,Location,local commercial,2 - body
study abroad consultants in Bareilly,/study-abroad-consultants-in-bareilly,Location,local commercial,2 - body
overseas education consultants in Bareilly,/study-abroad-consultants-in-bareilly,Location,local commercial,2 - body
best study abroad consultant in Bareilly,/study-abroad-consultants-in-bareilly,Location,local commercial,2 - body
abroad education consultancy in Bareilly,/study-abroad-consultants-in-bareilly,Location,local commercial,2 - body
free study abroad counselling Bareilly,/study-abroad-consultants-in-bareilly,Location,local commercial,2 - body
study abroad consultants in Aligarh,/study-abroad-consultants-in-aligarh,Location,local commercial,2 - body
overseas education consultants in Aligarh,/study-abroad-consultants-in-aligarh,Location,local commercial,2 - body
best study abroad consultant in Aligarh,/study-abroad-consultants-in-aligarh,Location,local commercial,2 - body
abroad education consultancy in Aligarh,/study-abroad-consultants-in-aligarh,Location,local commercial,2 - body
free study abroad counselling Aligarh,/study-abroad-consultants-in-aligarh,Location,local commercial,2 - body
study abroad consultants in Moradabad,/study-abroad-consultants-in-moradabad,Location,local commercial,2 - body
overseas education consultants in Moradabad,/study-abroad-consultants-in-moradabad,Location,local commercial,2 - body
best study abroad consultant in Moradabad,/study-abroad-consultants-in-moradabad,Location,local commercial,2 - body
abroad education consultancy in Moradabad,/study-abroad-consultants-in-moradabad,Location,local commercial,2 - body
free study abroad counselling Moradabad,/study-abroad-consultants-in-moradabad,Location,local commercial,2 - body
study abroad consultants in Gorakhpur,/study-abroad-consultants-in-gorakhpur,Location,local commercial,2 - body
overseas education consultants in Gorakhpur,/study-abroad-consultants-in-gorakhpur,Location,local commercial,2 - body
best study abroad consultant in Gorakhpur,/study-abroad-consultants-in-gorakhpur,Location,local commercial,2 - body
abroad education consultancy in Gorakhpur,/study-abroad-consultants-in-gorakhpur,Location,local commercial,2 - body
free study abroad counselling Gorakhpur,/study-abroad-consultants-in-gorakhpur,Location,local commercial,2 - body
study abroad consultants in Saharanpur,/study-abroad-consultants-in-saharanpur,Location,local commercial,2 - body
overseas education consultants in Saharanpur,/study-abroad-consultants-in-saharanpur,Location,local commercial,2 - body
best study abroad consultant in Saharanpur,/study-abroad-consultants-in-saharanpur,Location,local commercial,2 - body
abroad education consultancy in Saharanpur,/study-abroad-consultants-in-saharanpur,Location,local commercial,2 - body
free study abroad counselling Saharanpur,/study-abroad-consultants-in-saharanpur,Location,local commercial,2 - body
study abroad consultants in Jhansi,/study-abroad-consultants-in-jhansi,Location,local commercial,4 - long tail local
overseas education consultants in Jhansi,/study-abroad-consultants-in-jhansi,Location,local commercial,4 - long tail local
best study abroad consultant in Jhansi,/study-abroad-consultants-in-jhansi,Location,local commercial,4 - long tail local
abroad education consultancy in Jhansi,/study-abroad-consultants-in-jhansi,Location,local commercial,4 - long tail local
free study abroad counselling Jhansi,/study-abroad-consultants-in-jhansi,Location,local commercial,4 - long tail local
study abroad consultants in Firozabad,/study-abroad-consultants-in-firozabad,Location,local commercial,4 - long tail local
overseas education consultants in Firozabad,/study-abroad-consultants-in-firozabad,Location,local commercial,4 - long tail local
best study abroad consultant in Firozabad,/study-abroad-consultants-in-firozabad,Location,local commercial,4 - long tail local
abroad education consultancy in Firozabad,/study-abroad-consultants-in-firozabad,Location,local commercial,4 - long tail local
free study abroad counselling Firozabad,/study-abroad-consultants-in-firozabad,Location,local commercial,4 - long tail local
study abroad consultants in Muzaffarnagar,/study-abroad-consultants-in-muzaffarnagar,Location,local commercial,4 - long tail local
overseas education consultants in Muzaffarnagar,/study-abroad-consultants-in-muzaffarnagar,Location,local commercial,4 - long tail local
best study abroad consultant in Muzaffarnagar,/study-abroad-consultants-in-muzaffarnagar,Location,local commercial,4 - long tail local
abroad education consultancy in Muzaffarnagar,/study-abroad-consultants-in-muzaffarnagar,Location,local commercial,4 - long tail local
free study abroad counselling Muzaffarnagar,/study-abroad-consultants-in-muzaffarnagar,Location,local commercial,4 - long tail local
study abroad consultants in Mathura,/study-abroad-consultants-in-mathura,Location,local commercial,4 - long tail local
overseas education consultants in Mathura,/study-abroad-consultants-in-mathura,Location,local commercial,4 - long tail local
best study abroad consultant in Mathura,/study-abroad-consultants-in-mathura,Location,local commercial,4 - long tail local
abroad education consultancy in Mathura,/study-abroad-consultants-in-mathura,Location,local commercial,4 - long tail local
free study abroad counselling Mathura,/study-abroad-consultants-in-mathura,Location,local commercial,4 - long tail local
study abroad consultants in Shahjahanpur,/study-abroad-consultants-in-shahjahanpur,Location,local commercial,4 - long tail local
overseas education consultants in Shahjahanpur,/study-abroad-consultants-in-shahjahanpur,Location,local commercial,4 - long tail local
best study abroad consultant in Shahjahanpur,/study-abroad-consultants-in-shahjahanpur,Location,local commercial,4 - long tail local
abroad education consultancy in Shahjahanpur,/study-abroad-consultants-in-shahjahanpur,Location,local commercial,4 - long tail local
free study abroad counselling Shahjahanpur,/study-abroad-consultants-in-shahjahanpur,Location,local commercial,4 - long tail local
study abroad consultants in Rampur,/study-abroad-consultants-in-rampur,Location,local commercial,4 - long tail local
overseas education consultants in Rampur,/study-abroad-consultants-in-rampur,Location,local commercial,4 - long tail local
best study abroad consultant in Rampur,/study-abroad-consultants-in-rampur,Location,local commercial,4 - long tail local
abroad education consultancy in Rampur,/study-abroad-consultants-in-rampur,Location,local commercial,4 - long tail local
free study abroad counselling Rampur,/study-abroad-consultants-in-rampur,Location,local commercial,4 - long tail local
study abroad consultants in Mau,/study-abroad-consultants-in-mau,Location,local commercial,4 - long tail local
overseas education consultants in Mau,/study-abroad-consultants-in-mau,Location,local commercial,4 - long tail local
best study abroad consultant in Mau,/study-abroad-consultants-in-mau,Location,local commercial,4 - long tail local
abroad education consultancy in Mau,/study-abroad-consultants-in-mau,Location,local commercial,4 - long tail local
free study abroad counselling Mau,/study-abroad-consultants-in-mau,Location,local commercial,4 - long tail local
study abroad consultants in Farrukhabad,/study-abroad-consultants-in-farrukhabad,Location,local commercial,4 - long tail local
overseas education consultants in Farrukhabad,/study-abroad-consultants-in-farrukhabad,Location,local commercial,4 - long tail local
best study abroad consultant in Farrukhabad,/study-abroad-consultants-in-farrukhabad,Location,local commercial,4 - long tail local
abroad education consultancy in Farrukhabad,/study-abroad-consultants-in-farrukhabad,Location,local commercial,4 - long tail local
free study abroad counselling Farrukhabad,/study-abroad-consultants-in-farrukhabad,Location,local commercial,4 - long tail local
study abroad consultants in Hapur,/study-abroad-consultants-in-hapur,Location,local commercial,4 - long tail local
overseas education consultants in Hapur,/study-abroad-consultants-in-hapur,Location,local commercial,4 - long tail local
best study abroad consultant in Hapur,/study-abroad-consultants-in-hapur,Location,local commercial,4 - long tail local
abroad education consultancy in Hapur,/study-abroad-consultants-in-hapur,Location,local commercial,4 - long tail local
free study abroad counselling Hapur,/study-abroad-consultants-in-hapur,Location,local commercial,4 - long tail local
study abroad consultants in Etawah,/study-abroad-consultants-in-etawah,Location,local commercial,4 - long tail local
overseas education consultants in Etawah,/study-abroad-consultants-in-etawah,Location,local commercial,4 - long tail local
best study abroad consultant in Etawah,/study-abroad-consultants-in-etawah,Location,local commercial,4 - long tail local
abroad education consultancy in Etawah,/study-abroad-consultants-in-etawah,Location,local commercial,4 - long tail local
free study abroad counselling Etawah,/study-abroad-consultants-in-etawah,Location,local commercial,4 - long tail local
study abroad consultants in Mirzapur,/study-abroad-consultants-in-mirzapur,Location,local commercial,4 - long tail local
overseas education consultants in Mirzapur,/study-abroad-consultants-in-mirzapur,Location,local commercial,4 - long tail local
best study abroad consultant in Mirzapur,/study-abroad-consultants-in-mirzapur,Location,local commercial,4 - long tail local
abroad education consultancy in Mirzapur,/study-abroad-consultants-in-mirzapur,Location,local commercial,4 - long tail local
free study abroad counselling Mirzapur,/study-abroad-consultants-in-mirzapur,Location,local commercial,4 - long tail local
study abroad consultants in Bulandshahr,/study-abroad-consultants-in-bulandshahr,Location,local commercial,4 - long tail local
overseas education consultants in Bulandshahr,/study-abroad-consultants-in-bulandshahr,Location,local commercial,4 - long tail local
best study abroad consultant in Bulandshahr,/study-abroad-consultants-in-bulandshahr,Location,local commercial,4 - long tail local
abroad education consultancy in Bulandshahr,/study-abroad-consultants-in-bulandshahr,Location,local commercial,4 - long tail local
free study abroad counselling Bulandshahr,/study-abroad-consultants-in-bulandshahr,Location,local commercial,4 - long tail local
study abroad consultants in Sambhal,/study-abroad-consultants-in-sambhal,Location,local commercial,4 - long tail local
overseas education consultants in Sambhal,/study-abroad-consultants-in-sambhal,Location,local commercial,4 - long tail local
best study abroad consultant in Sambhal,/study-abroad-consultants-in-sambhal,Location,local commercial,4 - long tail local
abroad education consultancy in Sambhal,/study-abroad-consultants-in-sambhal,Location,local commercial,4 - long tail local
free study abroad counselling Sambhal,/study-abroad-consultants-in-sambhal,Location,local commercial,4 - long tail local
study abroad consultants in Amroha,/study-abroad-consultants-in-amroha,Location,local commercial,4 - long tail local
overseas education consultants in Amroha,/study-abroad-consultants-in-amroha,Location,local commercial,4 - long tail local
best study abroad consultant in Amroha,/study-abroad-consultants-in-amroha,Location,local commercial,4 - long tail local
abroad education consultancy in Amroha,/study-abroad-consultants-in-amroha,Location,local commercial,4 - long tail local
free study abroad counselling Amroha,/study-abroad-consultants-in-amroha,Location,local commercial,4 - long tail local
study abroad consultants in Hardoi,/study-abroad-consultants-in-hardoi,Location,local commercial,4 - long tail local
overseas education consultants in Hardoi,/study-abroad-consultants-in-hardoi,Location,local commercial,4 - long tail local
best study abroad consultant in Hardoi,/study-abroad-consultants-in-hardoi,Location,local commercial,4 - long tail local
abroad education consultancy in Hardoi,/study-abroad-consultants-in-hardoi,Location,local commercial,4 - long tail local
free study abroad counselling Hardoi,/study-abroad-consultants-in-hardoi,Location,local commercial,4 - long tail local
study abroad consultants in Fatehpur,/study-abroad-consultants-in-fatehpur,Location,local commercial,4 - long tail local
overseas education consultants in Fatehpur,/study-abroad-consultants-in-fatehpur,Location,local commercial,4 - long tail local
best study abroad consultant in Fatehpur,/study-abroad-consultants-in-fatehpur,Location,local commercial,4 - long tail local
abroad education consultancy in Fatehpur,/study-abroad-consultants-in-fatehpur,Location,local commercial,4 - long tail local
free study abroad counselling Fatehpur,/study-abroad-consultants-in-fatehpur,Location,local commercial,4 - long tail local
study abroad consultants in Raebareli,/study-abroad-consultants-in-raebareli,Location,local commercial,4 - long tail local
overseas education consultants in Raebareli,/study-abroad-consultants-in-raebareli,Location,local commercial,4 - long tail local
best study abroad consultant in Raebareli,/study-abroad-consultants-in-raebareli,Location,local commercial,4 - long tail local
abroad education consultancy in Raebareli,/study-abroad-consultants-in-raebareli,Location,local commercial,4 - long tail local
free study abroad counselling Raebareli,/study-abroad-consultants-in-raebareli,Location,local commercial,4 - long tail local
study abroad consultants in Sitapur,/study-abroad-consultants-in-sitapur,Location,local commercial,4 - long tail local
overseas education consultants in Sitapur,/study-abroad-consultants-in-sitapur,Location,local commercial,4 - long tail local
best study abroad consultant in Sitapur,/study-abroad-consultants-in-sitapur,Location,local commercial,4 - long tail local
abroad education consultancy in Sitapur,/study-abroad-consultants-in-sitapur,Location,local commercial,4 - long tail local
free study abroad counselling Sitapur,/study-abroad-consultants-in-sitapur,Location,local commercial,4 - long tail local
study abroad consultants in Bahraich,/study-abroad-consultants-in-bahraich,Location,local commercial,4 - long tail local
overseas education consultants in Bahraich,/study-abroad-consultants-in-bahraich,Location,local commercial,4 - long tail local
best study abroad consultant in Bahraich,/study-abroad-consultants-in-bahraich,Location,local commercial,4 - long tail local
abroad education consultancy in Bahraich,/study-abroad-consultants-in-bahraich,Location,local commercial,4 - long tail local
free study abroad counselling Bahraich,/study-abroad-consultants-in-bahraich,Location,local commercial,4 - long tail local
study abroad consultants in Unnao,/study-abroad-consultants-in-unnao,Location,local commercial,4 - long tail local
overseas education consultants in Unnao,/study-abroad-consultants-in-unnao,Location,local commercial,4 - long tail local
best study abroad consultant in Unnao,/study-abroad-consultants-in-unnao,Location,local commercial,4 - long tail local
abroad education consultancy in Unnao,/study-abroad-consultants-in-unnao,Location,local commercial,4 - long tail local
free study abroad counselling Unnao,/study-abroad-consultants-in-unnao,Location,local commercial,4 - long tail local
study abroad consultants in Jaunpur,/study-abroad-consultants-in-jaunpur,Location,local commercial,4 - long tail local
overseas education consultants in Jaunpur,/study-abroad-consultants-in-jaunpur,Location,local commercial,4 - long tail local
best study abroad consultant in Jaunpur,/study-abroad-consultants-in-jaunpur,Location,local commercial,4 - long tail local
abroad education consultancy in Jaunpur,/study-abroad-consultants-in-jaunpur,Location,local commercial,4 - long tail local
free study abroad counselling Jaunpur,/study-abroad-consultants-in-jaunpur,Location,local commercial,4 - long tail local
study abroad consultants in Lakhimpur,/study-abroad-consultants-in-lakhimpur,Location,local commercial,4 - long tail local
overseas education consultants in Lakhimpur,/study-abroad-consultants-in-lakhimpur,Location,local commercial,4 - long tail local
best study abroad consultant in Lakhimpur,/study-abroad-consultants-in-lakhimpur,Location,local commercial,4 - long tail local
abroad education consultancy in Lakhimpur,/study-abroad-consultants-in-lakhimpur,Location,local commercial,4 - long tail local
free study abroad counselling Lakhimpur,/study-abroad-consultants-in-lakhimpur,Location,local commercial,4 - long tail local
study abroad consultants in Ayodhya,/study-abroad-consultants-in-ayodhya,Location,local commercial,4 - long tail local
overseas education consultants in Ayodhya,/study-abroad-consultants-in-ayodhya,Location,local commercial,4 - long tail local
best study abroad consultant in Ayodhya,/study-abroad-consultants-in-ayodhya,Location,local commercial,4 - long tail local
abroad education consultancy in Ayodhya,/study-abroad-consultants-in-ayodhya,Location,local commercial,4 - long tail local
free study abroad counselling Ayodhya,/study-abroad-consultants-in-ayodhya,Location,local commercial,4 - long tail local
study abroad consultants in Greater Noida,/study-abroad-consultants-in-greater-noida,Location,local commercial,2 - body
overseas education consultants in Greater Noida,/study-abroad-consultants-in-greater-noida,Location,local commercial,2 - body
best study abroad consultant in Greater Noida,/study-abroad-consultants-in-greater-noida,Location,local commercial,2 - body
abroad education consultancy in Greater Noida,/study-abroad-consultants-in-greater-noida,Location,local commercial,2 - body
free study abroad counselling Greater Noida,/study-abroad-consultants-in-greater-noida,Location,local commercial,2 - body
study abroad consultants in Banda,/study-abroad-consultants-in-banda,Location,local commercial,4 - long tail local
overseas education consultants in Banda,/study-abroad-consultants-in-banda,Location,local commercial,4 - long tail local
best study abroad consultant in Banda,/study-abroad-consultants-in-banda,Location,local commercial,4 - long tail local
abroad education consultancy in Banda,/study-abroad-consultants-in-banda,Location,local commercial,4 - long tail local
free study abroad counselling Banda,/study-abroad-consultants-in-banda,Location,local commercial,4 - long tail local
study abroad consultants in Basti,/study-abroad-consultants-in-basti,Location,local commercial,4 - long tail local
overseas education consultants in Basti,/study-abroad-consultants-in-basti,Location,local commercial,4 - long tail local
best study abroad consultant in Basti,/study-abroad-consultants-in-basti,Location,local commercial,4 - long tail local
abroad education consultancy in Basti,/study-abroad-consultants-in-basti,Location,local commercial,4 - long tail local
free study abroad counselling Basti,/study-abroad-consultants-in-basti,Location,local commercial,4 - long tail local
study abroad consultants in Deoria,/study-abroad-consultants-in-deoria,Location,local commercial,4 - long tail local
overseas education consultants in Deoria,/study-abroad-consultants-in-deoria,Location,local commercial,4 - long tail local
best study abroad consultant in Deoria,/study-abroad-consultants-in-deoria,Location,local commercial,4 - long tail local
abroad education consultancy in Deoria,/study-abroad-consultants-in-deoria,Location,local commercial,4 - long tail local
free study abroad counselling Deoria,/study-abroad-consultants-in-deoria,Location,local commercial,4 - long tail local
study abroad consultants in Jaipur,/study-abroad-consultants-in-jaipur,Location,local commercial,2 - body
overseas education consultants in Jaipur,/study-abroad-consultants-in-jaipur,Location,local commercial,2 - body
best study abroad consultant in Jaipur,/study-abroad-consultants-in-jaipur,Location,local commercial,2 - body
abroad education consultancy in Jaipur,/study-abroad-consultants-in-jaipur,Location,local commercial,2 - body
free study abroad counselling Jaipur,/study-abroad-consultants-in-jaipur,Location,local commercial,2 - body
study abroad consultants in Jodhpur,/study-abroad-consultants-in-jodhpur,Location,local commercial,2 - body
overseas education consultants in Jodhpur,/study-abroad-consultants-in-jodhpur,Location,local commercial,2 - body
best study abroad consultant in Jodhpur,/study-abroad-consultants-in-jodhpur,Location,local commercial,2 - body
abroad education consultancy in Jodhpur,/study-abroad-consultants-in-jodhpur,Location,local commercial,2 - body
free study abroad counselling Jodhpur,/study-abroad-consultants-in-jodhpur,Location,local commercial,2 - body
study abroad consultants in Kota,/study-abroad-consultants-in-kota,Location,local commercial,2 - body
overseas education consultants in Kota,/study-abroad-consultants-in-kota,Location,local commercial,2 - body
best study abroad consultant in Kota,/study-abroad-consultants-in-kota,Location,local commercial,2 - body
abroad education consultancy in Kota,/study-abroad-consultants-in-kota,Location,local commercial,2 - body
free study abroad counselling Kota,/study-abroad-consultants-in-kota,Location,local commercial,2 - body
study abroad consultants in Bikaner,/study-abroad-consultants-in-bikaner,Location,local commercial,2 - body
overseas education consultants in Bikaner,/study-abroad-consultants-in-bikaner,Location,local commercial,2 - body
best study abroad consultant in Bikaner,/study-abroad-consultants-in-bikaner,Location,local commercial,2 - body
abroad education consultancy in Bikaner,/study-abroad-consultants-in-bikaner,Location,local commercial,2 - body
free study abroad counselling Bikaner,/study-abroad-consultants-in-bikaner,Location,local commercial,2 - body
study abroad consultants in Ajmer,/study-abroad-consultants-in-ajmer,Location,local commercial,2 - body
overseas education consultants in Ajmer,/study-abroad-consultants-in-ajmer,Location,local commercial,2 - body
best study abroad consultant in Ajmer,/study-abroad-consultants-in-ajmer,Location,local commercial,2 - body
abroad education consultancy in Ajmer,/study-abroad-consultants-in-ajmer,Location,local commercial,2 - body
free study abroad counselling Ajmer,/study-abroad-consultants-in-ajmer,Location,local commercial,2 - body
study abroad consultants in Udaipur,/study-abroad-consultants-in-udaipur,Location,local commercial,2 - body
overseas education consultants in Udaipur,/study-abroad-consultants-in-udaipur,Location,local commercial,2 - body
best study abroad consultant in Udaipur,/study-abroad-consultants-in-udaipur,Location,local commercial,2 - body
abroad education consultancy in Udaipur,/study-abroad-consultants-in-udaipur,Location,local commercial,2 - body
free study abroad counselling Udaipur,/study-abroad-consultants-in-udaipur,Location,local commercial,2 - body
study abroad consultants in Bhilwara,/study-abroad-consultants-in-bhilwara,Location,local commercial,4 - long tail local
overseas education consultants in Bhilwara,/study-abroad-consultants-in-bhilwara,Location,local commercial,4 - long tail local
best study abroad consultant in Bhilwara,/study-abroad-consultants-in-bhilwara,Location,local commercial,4 - long tail local
abroad education consultancy in Bhilwara,/study-abroad-consultants-in-bhilwara,Location,local commercial,4 - long tail local
free study abroad counselling Bhilwara,/study-abroad-consultants-in-bhilwara,Location,local commercial,4 - long tail local
study abroad consultants in Alwar,/study-abroad-consultants-in-alwar,Location,local commercial,4 - long tail local
overseas education consultants in Alwar,/study-abroad-consultants-in-alwar,Location,local commercial,4 - long tail local
best study abroad consultant in Alwar,/study-abroad-consultants-in-alwar,Location,local commercial,4 - long tail local
abroad education consultancy in Alwar,/study-abroad-consultants-in-alwar,Location,local commercial,4 - long tail local
free study abroad counselling Alwar,/study-abroad-consultants-in-alwar,Location,local commercial,4 - long tail local
study abroad consultants in Sikar,/study-abroad-consultants-in-sikar,Location,local commercial,4 - long tail local
overseas education consultants in Sikar,/study-abroad-consultants-in-sikar,Location,local commercial,4 - long tail local
best study abroad consultant in Sikar,/study-abroad-consultants-in-sikar,Location,local commercial,4 - long tail local
abroad education consultancy in Sikar,/study-abroad-consultants-in-sikar,Location,local commercial,4 - long tail local
free study abroad counselling Sikar,/study-abroad-consultants-in-sikar,Location,local commercial,4 - long tail local
study abroad consultants in Pali,/study-abroad-consultants-in-pali,Location,local commercial,4 - long tail local
overseas education consultants in Pali,/study-abroad-consultants-in-pali,Location,local commercial,4 - long tail local
best study abroad consultant in Pali,/study-abroad-consultants-in-pali,Location,local commercial,4 - long tail local
abroad education consultancy in Pali,/study-abroad-consultants-in-pali,Location,local commercial,4 - long tail local
free study abroad counselling Pali,/study-abroad-consultants-in-pali,Location,local commercial,4 - long tail local
study abroad consultants in Sri Ganganagar,/study-abroad-consultants-in-sri-ganganagar,Location,local commercial,4 - long tail local
overseas education consultants in Sri Ganganagar,/study-abroad-consultants-in-sri-ganganagar,Location,local commercial,4 - long tail local
best study abroad consultant in Sri Ganganagar,/study-abroad-consultants-in-sri-ganganagar,Location,local commercial,4 - long tail local
abroad education consultancy in Sri Ganganagar,/study-abroad-consultants-in-sri-ganganagar,Location,local commercial,4 - long tail local
free study abroad counselling Sri Ganganagar,/study-abroad-consultants-in-sri-ganganagar,Location,local commercial,4 - long tail local
study abroad consultants in Bharatpur,/study-abroad-consultants-in-bharatpur,Location,local commercial,4 - long tail local
overseas education consultants in Bharatpur,/study-abroad-consultants-in-bharatpur,Location,local commercial,4 - long tail local
best study abroad consultant in Bharatpur,/study-abroad-consultants-in-bharatpur,Location,local commercial,4 - long tail local
abroad education consultancy in Bharatpur,/study-abroad-consultants-in-bharatpur,Location,local commercial,4 - long tail local
free study abroad counselling Bharatpur,/study-abroad-consultants-in-bharatpur,Location,local commercial,4 - long tail local
study abroad consultants in Hanumangarh,/study-abroad-consultants-in-hanumangarh,Location,local commercial,4 - long tail local
overseas education consultants in Hanumangarh,/study-abroad-consultants-in-hanumangarh,Location,local commercial,4 - long tail local
best study abroad consultant in Hanumangarh,/study-abroad-consultants-in-hanumangarh,Location,local commercial,4 - long tail local
abroad education consultancy in Hanumangarh,/study-abroad-consultants-in-hanumangarh,Location,local commercial,4 - long tail local
free study abroad counselling Hanumangarh,/study-abroad-consultants-in-hanumangarh,Location,local commercial,4 - long tail local
study abroad consultants in Chittorgarh,/study-abroad-consultants-in-chittorgarh,Location,local commercial,4 - long tail local
overseas education consultants in Chittorgarh,/study-abroad-consultants-in-chittorgarh,Location,local commercial,4 - long tail local
best study abroad consultant in Chittorgarh,/study-abroad-consultants-in-chittorgarh,Location,local commercial,4 - long tail local
abroad education consultancy in Chittorgarh,/study-abroad-consultants-in-chittorgarh,Location,local commercial,4 - long tail local
free study abroad counselling Chittorgarh,/study-abroad-consultants-in-chittorgarh,Location,local commercial,4 - long tail local
study abroad consultants in Jhunjhunu,/study-abroad-consultants-in-jhunjhunu,Location,local commercial,4 - long tail local
overseas education consultants in Jhunjhunu,/study-abroad-consultants-in-jhunjhunu,Location,local commercial,4 - long tail local
best study abroad consultant in Jhunjhunu,/study-abroad-consultants-in-jhunjhunu,Location,local commercial,4 - long tail local
abroad education consultancy in Jhunjhunu,/study-abroad-consultants-in-jhunjhunu,Location,local commercial,4 - long tail local
free study abroad counselling Jhunjhunu,/study-abroad-consultants-in-jhunjhunu,Location,local commercial,4 - long tail local
study abroad consultants in Banswara,/study-abroad-consultants-in-banswara,Location,local commercial,4 - long tail local
overseas education consultants in Banswara,/study-abroad-consultants-in-banswara,Location,local commercial,4 - long tail local
best study abroad consultant in Banswara,/study-abroad-consultants-in-banswara,Location,local commercial,4 - long tail local
abroad education consultancy in Banswara,/study-abroad-consultants-in-banswara,Location,local commercial,4 - long tail local
free study abroad counselling Banswara,/study-abroad-consultants-in-banswara,Location,local commercial,4 - long tail local
study abroad consultants in Barmer,/study-abroad-consultants-in-barmer,Location,local commercial,4 - long tail local
overseas education consultants in Barmer,/study-abroad-consultants-in-barmer,Location,local commercial,4 - long tail local
best study abroad consultant in Barmer,/study-abroad-consultants-in-barmer,Location,local commercial,4 - long tail local
abroad education consultancy in Barmer,/study-abroad-consultants-in-barmer,Location,local commercial,4 - long tail local
free study abroad counselling Barmer,/study-abroad-consultants-in-barmer,Location,local commercial,4 - long tail local
study abroad consultants in Jaisalmer,/study-abroad-consultants-in-jaisalmer,Location,local commercial,4 - long tail local
overseas education consultants in Jaisalmer,/study-abroad-consultants-in-jaisalmer,Location,local commercial,4 - long tail local
best study abroad consultant in Jaisalmer,/study-abroad-consultants-in-jaisalmer,Location,local commercial,4 - long tail local
abroad education consultancy in Jaisalmer,/study-abroad-consultants-in-jaisalmer,Location,local commercial,4 - long tail local
free study abroad counselling Jaisalmer,/study-abroad-consultants-in-jaisalmer,Location,local commercial,4 - long tail local
study abroad consultants in Nagaur,/study-abroad-consultants-in-nagaur,Location,local commercial,4 - long tail local
overseas education consultants in Nagaur,/study-abroad-consultants-in-nagaur,Location,local commercial,4 - long tail local
best study abroad consultant in Nagaur,/study-abroad-consultants-in-nagaur,Location,local commercial,4 - long tail local
abroad education consultancy in Nagaur,/study-abroad-consultants-in-nagaur,Location,local commercial,4 - long tail local
free study abroad counselling Nagaur,/study-abroad-consultants-in-nagaur,Location,local commercial,4 - long tail local
study abroad consultants in Tonk,/study-abroad-consultants-in-tonk,Location,local commercial,4 - long tail local
overseas education consultants in Tonk,/study-abroad-consultants-in-tonk,Location,local commercial,4 - long tail local
best study abroad consultant in Tonk,/study-abroad-consultants-in-tonk,Location,local commercial,4 - long tail local
abroad education consultancy in Tonk,/study-abroad-consultants-in-tonk,Location,local commercial,4 - long tail local
free study abroad counselling Tonk,/study-abroad-consultants-in-tonk,Location,local commercial,4 - long tail local
study abroad consultants in Dausa,/study-abroad-consultants-in-dausa,Location,local commercial,4 - long tail local
overseas education consultants in Dausa,/study-abroad-consultants-in-dausa,Location,local commercial,4 - long tail local
best study abroad consultant in Dausa,/study-abroad-consultants-in-dausa,Location,local commercial,4 - long tail local
abroad education consultancy in Dausa,/study-abroad-consultants-in-dausa,Location,local commercial,4 - long tail local
free study abroad counselling Dausa,/study-abroad-consultants-in-dausa,Location,local commercial,4 - long tail local
study abroad consultants in Baran,/study-abroad-consultants-in-baran,Location,local commercial,4 - long tail local
overseas education consultants in Baran,/study-abroad-consultants-in-baran,Location,local commercial,4 - long tail local
best study abroad consultant in Baran,/study-abroad-consultants-in-baran,Location,local commercial,4 - long tail local
abroad education consultancy in Baran,/study-abroad-consultants-in-baran,Location,local commercial,4 - long tail local
free study abroad counselling Baran,/study-abroad-consultants-in-baran,Location,local commercial,4 - long tail local
study abroad consultants in Indore,/study-abroad-consultants-in-indore,Location,local commercial,2 - body
overseas education consultants in Indore,/study-abroad-consultants-in-indore,Location,local commercial,2 - body
best study abroad consultant in Indore,/study-abroad-consultants-in-indore,Location,local commercial,2 - body
abroad education consultancy in Indore,/study-abroad-consultants-in-indore,Location,local commercial,2 - body
free study abroad counselling Indore,/study-abroad-consultants-in-indore,Location,local commercial,2 - body
study abroad consultants in Bhopal,/study-abroad-consultants-in-bhopal,Location,local commercial,2 - body
overseas education consultants in Bhopal,/study-abroad-consultants-in-bhopal,Location,local commercial,2 - body
best study abroad consultant in Bhopal,/study-abroad-consultants-in-bhopal,Location,local commercial,2 - body
abroad education consultancy in Bhopal,/study-abroad-consultants-in-bhopal,Location,local commercial,2 - body
free study abroad counselling Bhopal,/study-abroad-consultants-in-bhopal,Location,local commercial,2 - body
study abroad consultants in Jabalpur,/study-abroad-consultants-in-jabalpur,Location,local commercial,2 - body
overseas education consultants in Jabalpur,/study-abroad-consultants-in-jabalpur,Location,local commercial,2 - body
best study abroad consultant in Jabalpur,/study-abroad-consultants-in-jabalpur,Location,local commercial,2 - body
abroad education consultancy in Jabalpur,/study-abroad-consultants-in-jabalpur,Location,local commercial,2 - body
free study abroad counselling Jabalpur,/study-abroad-consultants-in-jabalpur,Location,local commercial,2 - body
study abroad consultants in Gwalior,/study-abroad-consultants-in-gwalior,Location,local commercial,2 - body
overseas education consultants in Gwalior,/study-abroad-consultants-in-gwalior,Location,local commercial,2 - body
best study abroad consultant in Gwalior,/study-abroad-consultants-in-gwalior,Location,local commercial,2 - body
abroad education consultancy in Gwalior,/study-abroad-consultants-in-gwalior,Location,local commercial,2 - body
free study abroad counselling Gwalior,/study-abroad-consultants-in-gwalior,Location,local commercial,2 - body
study abroad consultants in Ujjain,/study-abroad-consultants-in-ujjain,Location,local commercial,2 - body
overseas education consultants in Ujjain,/study-abroad-consultants-in-ujjain,Location,local commercial,2 - body
best study abroad consultant in Ujjain,/study-abroad-consultants-in-ujjain,Location,local commercial,2 - body
abroad education consultancy in Ujjain,/study-abroad-consultants-in-ujjain,Location,local commercial,2 - body
free study abroad counselling Ujjain,/study-abroad-consultants-in-ujjain,Location,local commercial,2 - body
study abroad consultants in Sagar,/study-abroad-consultants-in-sagar,Location,local commercial,4 - long tail local
overseas education consultants in Sagar,/study-abroad-consultants-in-sagar,Location,local commercial,4 - long tail local
best study abroad consultant in Sagar,/study-abroad-consultants-in-sagar,Location,local commercial,4 - long tail local
abroad education consultancy in Sagar,/study-abroad-consultants-in-sagar,Location,local commercial,4 - long tail local
free study abroad counselling Sagar,/study-abroad-consultants-in-sagar,Location,local commercial,4 - long tail local
study abroad consultants in Dewas,/study-abroad-consultants-in-dewas,Location,local commercial,4 - long tail local
overseas education consultants in Dewas,/study-abroad-consultants-in-dewas,Location,local commercial,4 - long tail local
best study abroad consultant in Dewas,/study-abroad-consultants-in-dewas,Location,local commercial,4 - long tail local
abroad education consultancy in Dewas,/study-abroad-consultants-in-dewas,Location,local commercial,4 - long tail local
free study abroad counselling Dewas,/study-abroad-consultants-in-dewas,Location,local commercial,4 - long tail local
study abroad consultants in Satna,/study-abroad-consultants-in-satna,Location,local commercial,4 - long tail local
overseas education consultants in Satna,/study-abroad-consultants-in-satna,Location,local commercial,4 - long tail local
best study abroad consultant in Satna,/study-abroad-consultants-in-satna,Location,local commercial,4 - long tail local
abroad education consultancy in Satna,/study-abroad-consultants-in-satna,Location,local commercial,4 - long tail local
free study abroad counselling Satna,/study-abroad-consultants-in-satna,Location,local commercial,4 - long tail local
study abroad consultants in Ratlam,/study-abroad-consultants-in-ratlam,Location,local commercial,4 - long tail local
overseas education consultants in Ratlam,/study-abroad-consultants-in-ratlam,Location,local commercial,4 - long tail local
best study abroad consultant in Ratlam,/study-abroad-consultants-in-ratlam,Location,local commercial,4 - long tail local
abroad education consultancy in Ratlam,/study-abroad-consultants-in-ratlam,Location,local commercial,4 - long tail local
free study abroad counselling Ratlam,/study-abroad-consultants-in-ratlam,Location,local commercial,4 - long tail local
study abroad consultants in Rewa,/study-abroad-consultants-in-rewa,Location,local commercial,4 - long tail local
overseas education consultants in Rewa,/study-abroad-consultants-in-rewa,Location,local commercial,4 - long tail local
best study abroad consultant in Rewa,/study-abroad-consultants-in-rewa,Location,local commercial,4 - long tail local
abroad education consultancy in Rewa,/study-abroad-consultants-in-rewa,Location,local commercial,4 - long tail local
free study abroad counselling Rewa,/study-abroad-consultants-in-rewa,Location,local commercial,4 - long tail local
study abroad consultants in Katni,/study-abroad-consultants-in-katni,Location,local commercial,4 - long tail local
overseas education consultants in Katni,/study-abroad-consultants-in-katni,Location,local commercial,4 - long tail local
best study abroad consultant in Katni,/study-abroad-consultants-in-katni,Location,local commercial,4 - long tail local
abroad education consultancy in Katni,/study-abroad-consultants-in-katni,Location,local commercial,4 - long tail local
free study abroad counselling Katni,/study-abroad-consultants-in-katni,Location,local commercial,4 - long tail local
study abroad consultants in Singrauli,/study-abroad-consultants-in-singrauli,Location,local commercial,4 - long tail local
overseas education consultants in Singrauli,/study-abroad-consultants-in-singrauli,Location,local commercial,4 - long tail local
best study abroad consultant in Singrauli,/study-abroad-consultants-in-singrauli,Location,local commercial,4 - long tail local
abroad education consultancy in Singrauli,/study-abroad-consultants-in-singrauli,Location,local commercial,4 - long tail local
free study abroad counselling Singrauli,/study-abroad-consultants-in-singrauli,Location,local commercial,4 - long tail local
study abroad consultants in Burhanpur,/study-abroad-consultants-in-burhanpur,Location,local commercial,4 - long tail local
overseas education consultants in Burhanpur,/study-abroad-consultants-in-burhanpur,Location,local commercial,4 - long tail local
best study abroad consultant in Burhanpur,/study-abroad-consultants-in-burhanpur,Location,local commercial,4 - long tail local
abroad education consultancy in Burhanpur,/study-abroad-consultants-in-burhanpur,Location,local commercial,4 - long tail local
free study abroad counselling Burhanpur,/study-abroad-consultants-in-burhanpur,Location,local commercial,4 - long tail local
study abroad consultants in Khandwa,/study-abroad-consultants-in-khandwa,Location,local commercial,4 - long tail local
overseas education consultants in Khandwa,/study-abroad-consultants-in-khandwa,Location,local commercial,4 - long tail local
best study abroad consultant in Khandwa,/study-abroad-consultants-in-khandwa,Location,local commercial,4 - long tail local
abroad education consultancy in Khandwa,/study-abroad-consultants-in-khandwa,Location,local commercial,4 - long tail local
free study abroad counselling Khandwa,/study-abroad-consultants-in-khandwa,Location,local commercial,4 - long tail local
study abroad consultants in Morena,/study-abroad-consultants-in-morena,Location,local commercial,4 - long tail local
overseas education consultants in Morena,/study-abroad-consultants-in-morena,Location,local commercial,4 - long tail local
best study abroad consultant in Morena,/study-abroad-consultants-in-morena,Location,local commercial,4 - long tail local
abroad education consultancy in Morena,/study-abroad-consultants-in-morena,Location,local commercial,4 - long tail local
free study abroad counselling Morena,/study-abroad-consultants-in-morena,Location,local commercial,4 - long tail local
study abroad consultants in Bhind,/study-abroad-consultants-in-bhind,Location,local commercial,4 - long tail local
overseas education consultants in Bhind,/study-abroad-consultants-in-bhind,Location,local commercial,4 - long tail local
best study abroad consultant in Bhind,/study-abroad-consultants-in-bhind,Location,local commercial,4 - long tail local
abroad education consultancy in Bhind,/study-abroad-consultants-in-bhind,Location,local commercial,4 - long tail local
free study abroad counselling Bhind,/study-abroad-consultants-in-bhind,Location,local commercial,4 - long tail local
study abroad consultants in Chhindwara,/study-abroad-consultants-in-chhindwara,Location,local commercial,4 - long tail local
overseas education consultants in Chhindwara,/study-abroad-consultants-in-chhindwara,Location,local commercial,4 - long tail local
best study abroad consultant in Chhindwara,/study-abroad-consultants-in-chhindwara,Location,local commercial,4 - long tail local
abroad education consultancy in Chhindwara,/study-abroad-consultants-in-chhindwara,Location,local commercial,4 - long tail local
free study abroad counselling Chhindwara,/study-abroad-consultants-in-chhindwara,Location,local commercial,4 - long tail local
study abroad consultants in Guna,/study-abroad-consultants-in-guna,Location,local commercial,4 - long tail local
overseas education consultants in Guna,/study-abroad-consultants-in-guna,Location,local commercial,4 - long tail local
best study abroad consultant in Guna,/study-abroad-consultants-in-guna,Location,local commercial,4 - long tail local
abroad education consultancy in Guna,/study-abroad-consultants-in-guna,Location,local commercial,4 - long tail local
free study abroad counselling Guna,/study-abroad-consultants-in-guna,Location,local commercial,4 - long tail local
study abroad consultants in Shivpuri,/study-abroad-consultants-in-shivpuri,Location,local commercial,4 - long tail local
overseas education consultants in Shivpuri,/study-abroad-consultants-in-shivpuri,Location,local commercial,4 - long tail local
best study abroad consultant in Shivpuri,/study-abroad-consultants-in-shivpuri,Location,local commercial,4 - long tail local
abroad education consultancy in Shivpuri,/study-abroad-consultants-in-shivpuri,Location,local commercial,4 - long tail local
free study abroad counselling Shivpuri,/study-abroad-consultants-in-shivpuri,Location,local commercial,4 - long tail local
study abroad consultants in Vidisha,/study-abroad-consultants-in-vidisha,Location,local commercial,4 - long tail local
overseas education consultants in Vidisha,/study-abroad-consultants-in-vidisha,Location,local commercial,4 - long tail local
best study abroad consultant in Vidisha,/study-abroad-consultants-in-vidisha,Location,local commercial,4 - long tail local
abroad education consultancy in Vidisha,/study-abroad-consultants-in-vidisha,Location,local commercial,4 - long tail local
free study abroad counselling Vidisha,/study-abroad-consultants-in-vidisha,Location,local commercial,4 - long tail local
study abroad consultants in Chhatarpur,/study-abroad-consultants-in-chhatarpur,Location,local commercial,4 - long tail local
overseas education consultants in Chhatarpur,/study-abroad-consultants-in-chhatarpur,Location,local commercial,4 - long tail local
best study abroad consultant in Chhatarpur,/study-abroad-consultants-in-chhatarpur,Location,local commercial,4 - long tail local
abroad education consultancy in Chhatarpur,/study-abroad-consultants-in-chhatarpur,Location,local commercial,4 - long tail local
free study abroad counselling Chhatarpur,/study-abroad-consultants-in-chhatarpur,Location,local commercial,4 - long tail local
study abroad consultants in Damoh,/study-abroad-consultants-in-damoh,Location,local commercial,4 - long tail local
overseas education consultants in Damoh,/study-abroad-consultants-in-damoh,Location,local commercial,4 - long tail local
best study abroad consultant in Damoh,/study-abroad-consultants-in-damoh,Location,local commercial,4 - long tail local
abroad education consultancy in Damoh,/study-abroad-consultants-in-damoh,Location,local commercial,4 - long tail local
free study abroad counselling Damoh,/study-abroad-consultants-in-damoh,Location,local commercial,4 - long tail local
study abroad consultants in Mandsaur,/study-abroad-consultants-in-mandsaur,Location,local commercial,4 - long tail local
overseas education consultants in Mandsaur,/study-abroad-consultants-in-mandsaur,Location,local commercial,4 - long tail local
best study abroad consultant in Mandsaur,/study-abroad-consultants-in-mandsaur,Location,local commercial,4 - long tail local
abroad education consultancy in Mandsaur,/study-abroad-consultants-in-mandsaur,Location,local commercial,4 - long tail local
free study abroad counselling Mandsaur,/study-abroad-consultants-in-mandsaur,Location,local commercial,4 - long tail local
study abroad consultants in Neemuch,/study-abroad-consultants-in-neemuch,Location,local commercial,4 - long tail local
overseas education consultants in Neemuch,/study-abroad-consultants-in-neemuch,Location,local commercial,4 - long tail local
best study abroad consultant in Neemuch,/study-abroad-consultants-in-neemuch,Location,local commercial,4 - long tail local
abroad education consultancy in Neemuch,/study-abroad-consultants-in-neemuch,Location,local commercial,4 - long tail local
free study abroad counselling Neemuch,/study-abroad-consultants-in-neemuch,Location,local commercial,4 - long tail local
study abroad consultants in Narmadapuram,/study-abroad-consultants-in-narmadapuram,Location,local commercial,4 - long tail local
overseas education consultants in Narmadapuram,/study-abroad-consultants-in-narmadapuram,Location,local commercial,4 - long tail local
best study abroad consultant in Narmadapuram,/study-abroad-consultants-in-narmadapuram,Location,local commercial,4 - long tail local
abroad education consultancy in Narmadapuram,/study-abroad-consultants-in-narmadapuram,Location,local commercial,4 - long tail local
free study abroad counselling Narmadapuram,/study-abroad-consultants-in-narmadapuram,Location,local commercial,4 - long tail local
study abroad consultants in Ludhiana,/study-abroad-consultants-in-ludhiana,Location,local commercial,2 - body
overseas education consultants in Ludhiana,/study-abroad-consultants-in-ludhiana,Location,local commercial,2 - body
best study abroad consultant in Ludhiana,/study-abroad-consultants-in-ludhiana,Location,local commercial,2 - body
abroad education consultancy in Ludhiana,/study-abroad-consultants-in-ludhiana,Location,local commercial,2 - body
free study abroad counselling Ludhiana,/study-abroad-consultants-in-ludhiana,Location,local commercial,2 - body
study abroad consultants in Amritsar,/study-abroad-consultants-in-amritsar,Location,local commercial,2 - body
overseas education consultants in Amritsar,/study-abroad-consultants-in-amritsar,Location,local commercial,2 - body
best study abroad consultant in Amritsar,/study-abroad-consultants-in-amritsar,Location,local commercial,2 - body
abroad education consultancy in Amritsar,/study-abroad-consultants-in-amritsar,Location,local commercial,2 - body
free study abroad counselling Amritsar,/study-abroad-consultants-in-amritsar,Location,local commercial,2 - body
study abroad consultants in Jalandhar,/study-abroad-consultants-in-jalandhar,Location,local commercial,2 - body
overseas education consultants in Jalandhar,/study-abroad-consultants-in-jalandhar,Location,local commercial,2 - body
best study abroad consultant in Jalandhar,/study-abroad-consultants-in-jalandhar,Location,local commercial,2 - body
abroad education consultancy in Jalandhar,/study-abroad-consultants-in-jalandhar,Location,local commercial,2 - body
free study abroad counselling Jalandhar,/study-abroad-consultants-in-jalandhar,Location,local commercial,2 - body
study abroad consultants in Patiala,/study-abroad-consultants-in-patiala,Location,local commercial,2 - body
overseas education consultants in Patiala,/study-abroad-consultants-in-patiala,Location,local commercial,2 - body
best study abroad consultant in Patiala,/study-abroad-consultants-in-patiala,Location,local commercial,2 - body
abroad education consultancy in Patiala,/study-abroad-consultants-in-patiala,Location,local commercial,2 - body
free study abroad counselling Patiala,/study-abroad-consultants-in-patiala,Location,local commercial,2 - body
study abroad consultants in Bathinda,/study-abroad-consultants-in-bathinda,Location,local commercial,2 - body
overseas education consultants in Bathinda,/study-abroad-consultants-in-bathinda,Location,local commercial,2 - body
best study abroad consultant in Bathinda,/study-abroad-consultants-in-bathinda,Location,local commercial,2 - body
abroad education consultancy in Bathinda,/study-abroad-consultants-in-bathinda,Location,local commercial,2 - body
free study abroad counselling Bathinda,/study-abroad-consultants-in-bathinda,Location,local commercial,2 - body
study abroad consultants in Mohali,/study-abroad-consultants-in-mohali,Location,local commercial,2 - body
overseas education consultants in Mohali,/study-abroad-consultants-in-mohali,Location,local commercial,2 - body
best study abroad consultant in Mohali,/study-abroad-consultants-in-mohali,Location,local commercial,2 - body
abroad education consultancy in Mohali,/study-abroad-consultants-in-mohali,Location,local commercial,2 - body
free study abroad counselling Mohali,/study-abroad-consultants-in-mohali,Location,local commercial,2 - body
study abroad consultants in Hoshiarpur,/study-abroad-consultants-in-hoshiarpur,Location,local commercial,4 - long tail local
overseas education consultants in Hoshiarpur,/study-abroad-consultants-in-hoshiarpur,Location,local commercial,4 - long tail local
best study abroad consultant in Hoshiarpur,/study-abroad-consultants-in-hoshiarpur,Location,local commercial,4 - long tail local
abroad education consultancy in Hoshiarpur,/study-abroad-consultants-in-hoshiarpur,Location,local commercial,4 - long tail local
free study abroad counselling Hoshiarpur,/study-abroad-consultants-in-hoshiarpur,Location,local commercial,4 - long tail local
study abroad consultants in Pathankot,/study-abroad-consultants-in-pathankot,Location,local commercial,4 - long tail local
overseas education consultants in Pathankot,/study-abroad-consultants-in-pathankot,Location,local commercial,4 - long tail local
best study abroad consultant in Pathankot,/study-abroad-consultants-in-pathankot,Location,local commercial,4 - long tail local
abroad education consultancy in Pathankot,/study-abroad-consultants-in-pathankot,Location,local commercial,4 - long tail local
free study abroad counselling Pathankot,/study-abroad-consultants-in-pathankot,Location,local commercial,4 - long tail local
study abroad consultants in Moga,/study-abroad-consultants-in-moga,Location,local commercial,4 - long tail local
overseas education consultants in Moga,/study-abroad-consultants-in-moga,Location,local commercial,4 - long tail local
best study abroad consultant in Moga,/study-abroad-consultants-in-moga,Location,local commercial,4 - long tail local
abroad education consultancy in Moga,/study-abroad-consultants-in-moga,Location,local commercial,4 - long tail local
free study abroad counselling Moga,/study-abroad-consultants-in-moga,Location,local commercial,4 - long tail local
study abroad consultants in Batala,/study-abroad-consultants-in-batala,Location,local commercial,4 - long tail local
overseas education consultants in Batala,/study-abroad-consultants-in-batala,Location,local commercial,4 - long tail local
best study abroad consultant in Batala,/study-abroad-consultants-in-batala,Location,local commercial,4 - long tail local
abroad education consultancy in Batala,/study-abroad-consultants-in-batala,Location,local commercial,4 - long tail local
free study abroad counselling Batala,/study-abroad-consultants-in-batala,Location,local commercial,4 - long tail local
study abroad consultants in Firozpur,/study-abroad-consultants-in-firozpur,Location,local commercial,4 - long tail local
overseas education consultants in Firozpur,/study-abroad-consultants-in-firozpur,Location,local commercial,4 - long tail local
best study abroad consultant in Firozpur,/study-abroad-consultants-in-firozpur,Location,local commercial,4 - long tail local
abroad education consultancy in Firozpur,/study-abroad-consultants-in-firozpur,Location,local commercial,4 - long tail local
free study abroad counselling Firozpur,/study-abroad-consultants-in-firozpur,Location,local commercial,4 - long tail local
study abroad consultants in Kapurthala,/study-abroad-consultants-in-kapurthala,Location,local commercial,4 - long tail local
overseas education consultants in Kapurthala,/study-abroad-consultants-in-kapurthala,Location,local commercial,4 - long tail local
best study abroad consultant in Kapurthala,/study-abroad-consultants-in-kapurthala,Location,local commercial,4 - long tail local
abroad education consultancy in Kapurthala,/study-abroad-consultants-in-kapurthala,Location,local commercial,4 - long tail local
free study abroad counselling Kapurthala,/study-abroad-consultants-in-kapurthala,Location,local commercial,4 - long tail local
study abroad consultants in Phagwara,/study-abroad-consultants-in-phagwara,Location,local commercial,4 - long tail local
overseas education consultants in Phagwara,/study-abroad-consultants-in-phagwara,Location,local commercial,4 - long tail local
best study abroad consultant in Phagwara,/study-abroad-consultants-in-phagwara,Location,local commercial,4 - long tail local
abroad education consultancy in Phagwara,/study-abroad-consultants-in-phagwara,Location,local commercial,4 - long tail local
free study abroad counselling Phagwara,/study-abroad-consultants-in-phagwara,Location,local commercial,4 - long tail local
study abroad consultants in Barnala,/study-abroad-consultants-in-barnala,Location,local commercial,4 - long tail local
overseas education consultants in Barnala,/study-abroad-consultants-in-barnala,Location,local commercial,4 - long tail local
best study abroad consultant in Barnala,/study-abroad-consultants-in-barnala,Location,local commercial,4 - long tail local
abroad education consultancy in Barnala,/study-abroad-consultants-in-barnala,Location,local commercial,4 - long tail local
free study abroad counselling Barnala,/study-abroad-consultants-in-barnala,Location,local commercial,4 - long tail local
study abroad consultants in Sangrur,/study-abroad-consultants-in-sangrur,Location,local commercial,4 - long tail local
overseas education consultants in Sangrur,/study-abroad-consultants-in-sangrur,Location,local commercial,4 - long tail local
best study abroad consultant in Sangrur,/study-abroad-consultants-in-sangrur,Location,local commercial,4 - long tail local
abroad education consultancy in Sangrur,/study-abroad-consultants-in-sangrur,Location,local commercial,4 - long tail local
free study abroad counselling Sangrur,/study-abroad-consultants-in-sangrur,Location,local commercial,4 - long tail local
study abroad consultants in Khanna,/study-abroad-consultants-in-khanna,Location,local commercial,4 - long tail local
overseas education consultants in Khanna,/study-abroad-consultants-in-khanna,Location,local commercial,4 - long tail local
best study abroad consultant in Khanna,/study-abroad-consultants-in-khanna,Location,local commercial,4 - long tail local
abroad education consultancy in Khanna,/study-abroad-consultants-in-khanna,Location,local commercial,4 - long tail local
free study abroad counselling Khanna,/study-abroad-consultants-in-khanna,Location,local commercial,4 - long tail local
study abroad consultants in Muktsar,/study-abroad-consultants-in-muktsar,Location,local commercial,4 - long tail local
overseas education consultants in Muktsar,/study-abroad-consultants-in-muktsar,Location,local commercial,4 - long tail local
best study abroad consultant in Muktsar,/study-abroad-consultants-in-muktsar,Location,local commercial,4 - long tail local
abroad education consultancy in Muktsar,/study-abroad-consultants-in-muktsar,Location,local commercial,4 - long tail local
free study abroad counselling Muktsar,/study-abroad-consultants-in-muktsar,Location,local commercial,4 - long tail local
study abroad consultants in Faridkot,/study-abroad-consultants-in-faridkot,Location,local commercial,4 - long tail local
overseas education consultants in Faridkot,/study-abroad-consultants-in-faridkot,Location,local commercial,4 - long tail local
best study abroad consultant in Faridkot,/study-abroad-consultants-in-faridkot,Location,local commercial,4 - long tail local
abroad education consultancy in Faridkot,/study-abroad-consultants-in-faridkot,Location,local commercial,4 - long tail local
free study abroad counselling Faridkot,/study-abroad-consultants-in-faridkot,Location,local commercial,4 - long tail local
study abroad consultants in Rajpura,/study-abroad-consultants-in-rajpura,Location,local commercial,4 - long tail local
overseas education consultants in Rajpura,/study-abroad-consultants-in-rajpura,Location,local commercial,4 - long tail local
best study abroad consultant in Rajpura,/study-abroad-consultants-in-rajpura,Location,local commercial,4 - long tail local
abroad education consultancy in Rajpura,/study-abroad-consultants-in-rajpura,Location,local commercial,4 - long tail local
free study abroad counselling Rajpura,/study-abroad-consultants-in-rajpura,Location,local commercial,4 - long tail local
study abroad consultants in Gurdaspur,/study-abroad-consultants-in-gurdaspur,Location,local commercial,4 - long tail local
overseas education consultants in Gurdaspur,/study-abroad-consultants-in-gurdaspur,Location,local commercial,4 - long tail local
best study abroad consultant in Gurdaspur,/study-abroad-consultants-in-gurdaspur,Location,local commercial,4 - long tail local
abroad education consultancy in Gurdaspur,/study-abroad-consultants-in-gurdaspur,Location,local commercial,4 - long tail local
free study abroad counselling Gurdaspur,/study-abroad-consultants-in-gurdaspur,Location,local commercial,4 - long tail local
study abroad consultants in Gurugram,/study-abroad-consultants-in-gurugram,Location,local commercial,2 - body
overseas education consultants in Gurugram,/study-abroad-consultants-in-gurugram,Location,local commercial,2 - body
best study abroad consultant in Gurugram,/study-abroad-consultants-in-gurugram,Location,local commercial,2 - body
abroad education consultancy in Gurugram,/study-abroad-consultants-in-gurugram,Location,local commercial,2 - body
free study abroad counselling Gurugram,/study-abroad-consultants-in-gurugram,Location,local commercial,2 - body
study abroad consultants in Faridabad,/study-abroad-consultants-in-faridabad,Location,local commercial,2 - body
overseas education consultants in Faridabad,/study-abroad-consultants-in-faridabad,Location,local commercial,2 - body
best study abroad consultant in Faridabad,/study-abroad-consultants-in-faridabad,Location,local commercial,2 - body
abroad education consultancy in Faridabad,/study-abroad-consultants-in-faridabad,Location,local commercial,2 - body
free study abroad counselling Faridabad,/study-abroad-consultants-in-faridabad,Location,local commercial,2 - body
study abroad consultants in Panipat,/study-abroad-consultants-in-panipat,Location,local commercial,2 - body
overseas education consultants in Panipat,/study-abroad-consultants-in-panipat,Location,local commercial,2 - body
best study abroad consultant in Panipat,/study-abroad-consultants-in-panipat,Location,local commercial,2 - body
abroad education consultancy in Panipat,/study-abroad-consultants-in-panipat,Location,local commercial,2 - body
free study abroad counselling Panipat,/study-abroad-consultants-in-panipat,Location,local commercial,2 - body
study abroad consultants in Ambala,/study-abroad-consultants-in-ambala,Location,local commercial,2 - body
overseas education consultants in Ambala,/study-abroad-consultants-in-ambala,Location,local commercial,2 - body
best study abroad consultant in Ambala,/study-abroad-consultants-in-ambala,Location,local commercial,2 - body
abroad education consultancy in Ambala,/study-abroad-consultants-in-ambala,Location,local commercial,2 - body
free study abroad counselling Ambala,/study-abroad-consultants-in-ambala,Location,local commercial,2 - body
study abroad consultants in Yamunanagar,/study-abroad-consultants-in-yamunanagar,Location,local commercial,2 - body
overseas education consultants in Yamunanagar,/study-abroad-consultants-in-yamunanagar,Location,local commercial,2 - body
best study abroad consultant in Yamunanagar,/study-abroad-consultants-in-yamunanagar,Location,local commercial,2 - body
abroad education consultancy in Yamunanagar,/study-abroad-consultants-in-yamunanagar,Location,local commercial,2 - body
free study abroad counselling Yamunanagar,/study-abroad-consultants-in-yamunanagar,Location,local commercial,2 - body
study abroad consultants in Rohtak,/study-abroad-consultants-in-rohtak,Location,local commercial,2 - body
overseas education consultants in Rohtak,/study-abroad-consultants-in-rohtak,Location,local commercial,2 - body
best study abroad consultant in Rohtak,/study-abroad-consultants-in-rohtak,Location,local commercial,2 - body
abroad education consultancy in Rohtak,/study-abroad-consultants-in-rohtak,Location,local commercial,2 - body
free study abroad counselling Rohtak,/study-abroad-consultants-in-rohtak,Location,local commercial,2 - body
study abroad consultants in Hisar,/study-abroad-consultants-in-hisar,Location,local commercial,2 - body
overseas education consultants in Hisar,/study-abroad-consultants-in-hisar,Location,local commercial,2 - body
best study abroad consultant in Hisar,/study-abroad-consultants-in-hisar,Location,local commercial,2 - body
abroad education consultancy in Hisar,/study-abroad-consultants-in-hisar,Location,local commercial,2 - body
free study abroad counselling Hisar,/study-abroad-consultants-in-hisar,Location,local commercial,2 - body
study abroad consultants in Karnal,/study-abroad-consultants-in-karnal,Location,local commercial,2 - body
overseas education consultants in Karnal,/study-abroad-consultants-in-karnal,Location,local commercial,2 - body
best study abroad consultant in Karnal,/study-abroad-consultants-in-karnal,Location,local commercial,2 - body
abroad education consultancy in Karnal,/study-abroad-consultants-in-karnal,Location,local commercial,2 - body
free study abroad counselling Karnal,/study-abroad-consultants-in-karnal,Location,local commercial,2 - body
study abroad consultants in Sonipat,/study-abroad-consultants-in-sonipat,Location,local commercial,4 - long tail local
overseas education consultants in Sonipat,/study-abroad-consultants-in-sonipat,Location,local commercial,4 - long tail local
best study abroad consultant in Sonipat,/study-abroad-consultants-in-sonipat,Location,local commercial,4 - long tail local
abroad education consultancy in Sonipat,/study-abroad-consultants-in-sonipat,Location,local commercial,4 - long tail local
free study abroad counselling Sonipat,/study-abroad-consultants-in-sonipat,Location,local commercial,4 - long tail local
study abroad consultants in Panchkula,/study-abroad-consultants-in-panchkula,Location,local commercial,4 - long tail local
overseas education consultants in Panchkula,/study-abroad-consultants-in-panchkula,Location,local commercial,4 - long tail local
best study abroad consultant in Panchkula,/study-abroad-consultants-in-panchkula,Location,local commercial,4 - long tail local
abroad education consultancy in Panchkula,/study-abroad-consultants-in-panchkula,Location,local commercial,4 - long tail local
free study abroad counselling Panchkula,/study-abroad-consultants-in-panchkula,Location,local commercial,4 - long tail local
study abroad consultants in Bhiwani,/study-abroad-consultants-in-bhiwani,Location,local commercial,4 - long tail local
overseas education consultants in Bhiwani,/study-abroad-consultants-in-bhiwani,Location,local commercial,4 - long tail local
best study abroad consultant in Bhiwani,/study-abroad-consultants-in-bhiwani,Location,local commercial,4 - long tail local
abroad education consultancy in Bhiwani,/study-abroad-consultants-in-bhiwani,Location,local commercial,4 - long tail local
free study abroad counselling Bhiwani,/study-abroad-consultants-in-bhiwani,Location,local commercial,4 - long tail local
study abroad consultants in Sirsa,/study-abroad-consultants-in-sirsa,Location,local commercial,4 - long tail local
overseas education consultants in Sirsa,/study-abroad-consultants-in-sirsa,Location,local commercial,4 - long tail local
best study abroad consultant in Sirsa,/study-abroad-consultants-in-sirsa,Location,local commercial,4 - long tail local
abroad education consultancy in Sirsa,/study-abroad-consultants-in-sirsa,Location,local commercial,4 - long tail local
free study abroad counselling Sirsa,/study-abroad-consultants-in-sirsa,Location,local commercial,4 - long tail local
study abroad consultants in Bahadurgarh,/study-abroad-consultants-in-bahadurgarh,Location,local commercial,4 - long tail local
overseas education consultants in Bahadurgarh,/study-abroad-consultants-in-bahadurgarh,Location,local commercial,4 - long tail local
best study abroad consultant in Bahadurgarh,/study-abroad-consultants-in-bahadurgarh,Location,local commercial,4 - long tail local
abroad education consultancy in Bahadurgarh,/study-abroad-consultants-in-bahadurgarh,Location,local commercial,4 - long tail local
free study abroad counselling Bahadurgarh,/study-abroad-consultants-in-bahadurgarh,Location,local commercial,4 - long tail local
study abroad consultants in Jind,/study-abroad-consultants-in-jind,Location,local commercial,4 - long tail local
overseas education consultants in Jind,/study-abroad-consultants-in-jind,Location,local commercial,4 - long tail local
best study abroad consultant in Jind,/study-abroad-consultants-in-jind,Location,local commercial,4 - long tail local
abroad education consultancy in Jind,/study-abroad-consultants-in-jind,Location,local commercial,4 - long tail local
free study abroad counselling Jind,/study-abroad-consultants-in-jind,Location,local commercial,4 - long tail local
study abroad consultants in Kurukshetra,/study-abroad-consultants-in-kurukshetra,Location,local commercial,4 - long tail local
overseas education consultants in Kurukshetra,/study-abroad-consultants-in-kurukshetra,Location,local commercial,4 - long tail local
best study abroad consultant in Kurukshetra,/study-abroad-consultants-in-kurukshetra,Location,local commercial,4 - long tail local
abroad education consultancy in Kurukshetra,/study-abroad-consultants-in-kurukshetra,Location,local commercial,4 - long tail local
free study abroad counselling Kurukshetra,/study-abroad-consultants-in-kurukshetra,Location,local commercial,4 - long tail local
study abroad consultants in Kaithal,/study-abroad-consultants-in-kaithal,Location,local commercial,4 - long tail local
overseas education consultants in Kaithal,/study-abroad-consultants-in-kaithal,Location,local commercial,4 - long tail local
best study abroad consultant in Kaithal,/study-abroad-consultants-in-kaithal,Location,local commercial,4 - long tail local
abroad education consultancy in Kaithal,/study-abroad-consultants-in-kaithal,Location,local commercial,4 - long tail local
free study abroad counselling Kaithal,/study-abroad-consultants-in-kaithal,Location,local commercial,4 - long tail local
study abroad consultants in Rewari,/study-abroad-consultants-in-rewari,Location,local commercial,4 - long tail local
overseas education consultants in Rewari,/study-abroad-consultants-in-rewari,Location,local commercial,4 - long tail local
best study abroad consultant in Rewari,/study-abroad-consultants-in-rewari,Location,local commercial,4 - long tail local
abroad education consultancy in Rewari,/study-abroad-consultants-in-rewari,Location,local commercial,4 - long tail local
free study abroad counselling Rewari,/study-abroad-consultants-in-rewari,Location,local commercial,4 - long tail local
study abroad consultants in Palwal,/study-abroad-consultants-in-palwal,Location,local commercial,4 - long tail local
overseas education consultants in Palwal,/study-abroad-consultants-in-palwal,Location,local commercial,4 - long tail local
best study abroad consultant in Palwal,/study-abroad-consultants-in-palwal,Location,local commercial,4 - long tail local
abroad education consultancy in Palwal,/study-abroad-consultants-in-palwal,Location,local commercial,4 - long tail local
free study abroad counselling Palwal,/study-abroad-consultants-in-palwal,Location,local commercial,4 - long tail local
study abroad consultants in Fatehabad,/study-abroad-consultants-in-fatehabad,Location,local commercial,4 - long tail local
overseas education consultants in Fatehabad,/study-abroad-consultants-in-fatehabad,Location,local commercial,4 - long tail local
best study abroad consultant in Fatehabad,/study-abroad-consultants-in-fatehabad,Location,local commercial,4 - long tail local
abroad education consultancy in Fatehabad,/study-abroad-consultants-in-fatehabad,Location,local commercial,4 - long tail local
free study abroad counselling Fatehabad,/study-abroad-consultants-in-fatehabad,Location,local commercial,4 - long tail local
study abroad consultants in Narnaul,/study-abroad-consultants-in-narnaul,Location,local commercial,4 - long tail local
overseas education consultants in Narnaul,/study-abroad-consultants-in-narnaul,Location,local commercial,4 - long tail local
best study abroad consultant in Narnaul,/study-abroad-consultants-in-narnaul,Location,local commercial,4 - long tail local
abroad education consultancy in Narnaul,/study-abroad-consultants-in-narnaul,Location,local commercial,4 - long tail local
free study abroad counselling Narnaul,/study-abroad-consultants-in-narnaul,Location,local commercial,4 - long tail local
study abroad consultants in Visakhapatnam,/study-abroad-consultants-in-visakhapatnam,Location,local commercial,2 - body
overseas education consultants in Visakhapatnam,/study-abroad-consultants-in-visakhapatnam,Location,local commercial,2 - body
best study abroad consultant in Visakhapatnam,/study-abroad-consultants-in-visakhapatnam,Location,local commercial,2 - body
abroad education consultancy in Visakhapatnam,/study-abroad-consultants-in-visakhapatnam,Location,local commercial,2 - body
free study abroad counselling Visakhapatnam,/study-abroad-consultants-in-visakhapatnam,Location,local commercial,2 - body
study abroad consultants in Vijayawada,/study-abroad-consultants-in-vijayawada,Location,local commercial,2 - body
overseas education consultants in Vijayawada,/study-abroad-consultants-in-vijayawada,Location,local commercial,2 - body
best study abroad consultant in Vijayawada,/study-abroad-consultants-in-vijayawada,Location,local commercial,2 - body
abroad education consultancy in Vijayawada,/study-abroad-consultants-in-vijayawada,Location,local commercial,2 - body
free study abroad counselling Vijayawada,/study-abroad-consultants-in-vijayawada,Location,local commercial,2 - body
study abroad consultants in Guntur,/study-abroad-consultants-in-guntur,Location,local commercial,2 - body
overseas education consultants in Guntur,/study-abroad-consultants-in-guntur,Location,local commercial,2 - body
best study abroad consultant in Guntur,/study-abroad-consultants-in-guntur,Location,local commercial,2 - body
abroad education consultancy in Guntur,/study-abroad-consultants-in-guntur,Location,local commercial,2 - body
free study abroad counselling Guntur,/study-abroad-consultants-in-guntur,Location,local commercial,2 - body
study abroad consultants in Nellore,/study-abroad-consultants-in-nellore,Location,local commercial,2 - body
overseas education consultants in Nellore,/study-abroad-consultants-in-nellore,Location,local commercial,2 - body
best study abroad consultant in Nellore,/study-abroad-consultants-in-nellore,Location,local commercial,2 - body
abroad education consultancy in Nellore,/study-abroad-consultants-in-nellore,Location,local commercial,2 - body
free study abroad counselling Nellore,/study-abroad-consultants-in-nellore,Location,local commercial,2 - body
study abroad consultants in Kurnool,/study-abroad-consultants-in-kurnool,Location,local commercial,2 - body
overseas education consultants in Kurnool,/study-abroad-consultants-in-kurnool,Location,local commercial,2 - body
best study abroad consultant in Kurnool,/study-abroad-consultants-in-kurnool,Location,local commercial,2 - body
abroad education consultancy in Kurnool,/study-abroad-consultants-in-kurnool,Location,local commercial,2 - body
free study abroad counselling Kurnool,/study-abroad-consultants-in-kurnool,Location,local commercial,2 - body
study abroad consultants in Rajahmundry,/study-abroad-consultants-in-rajahmundry,Location,local commercial,2 - body
overseas education consultants in Rajahmundry,/study-abroad-consultants-in-rajahmundry,Location,local commercial,2 - body
best study abroad consultant in Rajahmundry,/study-abroad-consultants-in-rajahmundry,Location,local commercial,2 - body
abroad education consultancy in Rajahmundry,/study-abroad-consultants-in-rajahmundry,Location,local commercial,2 - body
free study abroad counselling Rajahmundry,/study-abroad-consultants-in-rajahmundry,Location,local commercial,2 - body
study abroad consultants in Tirupati,/study-abroad-consultants-in-tirupati,Location,local commercial,2 - body
overseas education consultants in Tirupati,/study-abroad-consultants-in-tirupati,Location,local commercial,2 - body
best study abroad consultant in Tirupati,/study-abroad-consultants-in-tirupati,Location,local commercial,2 - body
abroad education consultancy in Tirupati,/study-abroad-consultants-in-tirupati,Location,local commercial,2 - body
free study abroad counselling Tirupati,/study-abroad-consultants-in-tirupati,Location,local commercial,2 - body
study abroad consultants in Kakinada,/study-abroad-consultants-in-kakinada,Location,local commercial,2 - body
overseas education consultants in Kakinada,/study-abroad-consultants-in-kakinada,Location,local commercial,2 - body
best study abroad consultant in Kakinada,/study-abroad-consultants-in-kakinada,Location,local commercial,2 - body
abroad education consultancy in Kakinada,/study-abroad-consultants-in-kakinada,Location,local commercial,2 - body
free study abroad counselling Kakinada,/study-abroad-consultants-in-kakinada,Location,local commercial,2 - body
study abroad consultants in Anantapur,/study-abroad-consultants-in-anantapur,Location,local commercial,4 - long tail local
overseas education consultants in Anantapur,/study-abroad-consultants-in-anantapur,Location,local commercial,4 - long tail local
best study abroad consultant in Anantapur,/study-abroad-consultants-in-anantapur,Location,local commercial,4 - long tail local
abroad education consultancy in Anantapur,/study-abroad-consultants-in-anantapur,Location,local commercial,4 - long tail local
free study abroad counselling Anantapur,/study-abroad-consultants-in-anantapur,Location,local commercial,4 - long tail local
study abroad consultants in Kadapa,/study-abroad-consultants-in-kadapa,Location,local commercial,4 - long tail local
overseas education consultants in Kadapa,/study-abroad-consultants-in-kadapa,Location,local commercial,4 - long tail local
best study abroad consultant in Kadapa,/study-abroad-consultants-in-kadapa,Location,local commercial,4 - long tail local
abroad education consultancy in Kadapa,/study-abroad-consultants-in-kadapa,Location,local commercial,4 - long tail local
free study abroad counselling Kadapa,/study-abroad-consultants-in-kadapa,Location,local commercial,4 - long tail local
study abroad consultants in Vizianagaram,/study-abroad-consultants-in-vizianagaram,Location,local commercial,4 - long tail local
overseas education consultants in Vizianagaram,/study-abroad-consultants-in-vizianagaram,Location,local commercial,4 - long tail local
best study abroad consultant in Vizianagaram,/study-abroad-consultants-in-vizianagaram,Location,local commercial,4 - long tail local
abroad education consultancy in Vizianagaram,/study-abroad-consultants-in-vizianagaram,Location,local commercial,4 - long tail local
free study abroad counselling Vizianagaram,/study-abroad-consultants-in-vizianagaram,Location,local commercial,4 - long tail local
study abroad consultants in Eluru,/study-abroad-consultants-in-eluru,Location,local commercial,4 - long tail local
overseas education consultants in Eluru,/study-abroad-consultants-in-eluru,Location,local commercial,4 - long tail local
best study abroad consultant in Eluru,/study-abroad-consultants-in-eluru,Location,local commercial,4 - long tail local
abroad education consultancy in Eluru,/study-abroad-consultants-in-eluru,Location,local commercial,4 - long tail local
free study abroad counselling Eluru,/study-abroad-consultants-in-eluru,Location,local commercial,4 - long tail local
study abroad consultants in Ongole,/study-abroad-consultants-in-ongole,Location,local commercial,4 - long tail local
overseas education consultants in Ongole,/study-abroad-consultants-in-ongole,Location,local commercial,4 - long tail local
best study abroad consultant in Ongole,/study-abroad-consultants-in-ongole,Location,local commercial,4 - long tail local
abroad education consultancy in Ongole,/study-abroad-consultants-in-ongole,Location,local commercial,4 - long tail local
free study abroad counselling Ongole,/study-abroad-consultants-in-ongole,Location,local commercial,4 - long tail local
study abroad consultants in Nandyal,/study-abroad-consultants-in-nandyal,Location,local commercial,4 - long tail local
overseas education consultants in Nandyal,/study-abroad-consultants-in-nandyal,Location,local commercial,4 - long tail local
best study abroad consultant in Nandyal,/study-abroad-consultants-in-nandyal,Location,local commercial,4 - long tail local
abroad education consultancy in Nandyal,/study-abroad-consultants-in-nandyal,Location,local commercial,4 - long tail local
free study abroad counselling Nandyal,/study-abroad-consultants-in-nandyal,Location,local commercial,4 - long tail local
study abroad consultants in Machilipatnam,/study-abroad-consultants-in-machilipatnam,Location,local commercial,4 - long tail local
overseas education consultants in Machilipatnam,/study-abroad-consultants-in-machilipatnam,Location,local commercial,4 - long tail local
best study abroad consultant in Machilipatnam,/study-abroad-consultants-in-machilipatnam,Location,local commercial,4 - long tail local
abroad education consultancy in Machilipatnam,/study-abroad-consultants-in-machilipatnam,Location,local commercial,4 - long tail local
free study abroad counselling Machilipatnam,/study-abroad-consultants-in-machilipatnam,Location,local commercial,4 - long tail local
study abroad consultants in Adoni,/study-abroad-consultants-in-adoni,Location,local commercial,4 - long tail local
overseas education consultants in Adoni,/study-abroad-consultants-in-adoni,Location,local commercial,4 - long tail local
best study abroad consultant in Adoni,/study-abroad-consultants-in-adoni,Location,local commercial,4 - long tail local
abroad education consultancy in Adoni,/study-abroad-consultants-in-adoni,Location,local commercial,4 - long tail local
free study abroad counselling Adoni,/study-abroad-consultants-in-adoni,Location,local commercial,4 - long tail local
study abroad consultants in Tenali,/study-abroad-consultants-in-tenali,Location,local commercial,4 - long tail local
overseas education consultants in Tenali,/study-abroad-consultants-in-tenali,Location,local commercial,4 - long tail local
best study abroad consultant in Tenali,/study-abroad-consultants-in-tenali,Location,local commercial,4 - long tail local
abroad education consultancy in Tenali,/study-abroad-consultants-in-tenali,Location,local commercial,4 - long tail local
free study abroad counselling Tenali,/study-abroad-consultants-in-tenali,Location,local commercial,4 - long tail local
study abroad consultants in Proddatur,/study-abroad-consultants-in-proddatur,Location,local commercial,4 - long tail local
overseas education consultants in Proddatur,/study-abroad-consultants-in-proddatur,Location,local commercial,4 - long tail local
best study abroad consultant in Proddatur,/study-abroad-consultants-in-proddatur,Location,local commercial,4 - long tail local
abroad education consultancy in Proddatur,/study-abroad-consultants-in-proddatur,Location,local commercial,4 - long tail local
free study abroad counselling Proddatur,/study-abroad-consultants-in-proddatur,Location,local commercial,4 - long tail local
study abroad consultants in Chittoor,/study-abroad-consultants-in-chittoor,Location,local commercial,4 - long tail local
overseas education consultants in Chittoor,/study-abroad-consultants-in-chittoor,Location,local commercial,4 - long tail local
best study abroad consultant in Chittoor,/study-abroad-consultants-in-chittoor,Location,local commercial,4 - long tail local
abroad education consultancy in Chittoor,/study-abroad-consultants-in-chittoor,Location,local commercial,4 - long tail local
free study abroad counselling Chittoor,/study-abroad-consultants-in-chittoor,Location,local commercial,4 - long tail local
study abroad consultants in Hindupur,/study-abroad-consultants-in-hindupur,Location,local commercial,4 - long tail local
overseas education consultants in Hindupur,/study-abroad-consultants-in-hindupur,Location,local commercial,4 - long tail local
best study abroad consultant in Hindupur,/study-abroad-consultants-in-hindupur,Location,local commercial,4 - long tail local
abroad education consultancy in Hindupur,/study-abroad-consultants-in-hindupur,Location,local commercial,4 - long tail local
free study abroad counselling Hindupur,/study-abroad-consultants-in-hindupur,Location,local commercial,4 - long tail local
study abroad consultants in Bhimavaram,/study-abroad-consultants-in-bhimavaram,Location,local commercial,4 - long tail local
overseas education consultants in Bhimavaram,/study-abroad-consultants-in-bhimavaram,Location,local commercial,4 - long tail local
best study abroad consultant in Bhimavaram,/study-abroad-consultants-in-bhimavaram,Location,local commercial,4 - long tail local
abroad education consultancy in Bhimavaram,/study-abroad-consultants-in-bhimavaram,Location,local commercial,4 - long tail local
free study abroad counselling Bhimavaram,/study-abroad-consultants-in-bhimavaram,Location,local commercial,4 - long tail local
study abroad consultants in Srikakulam,/study-abroad-consultants-in-srikakulam,Location,local commercial,4 - long tail local
overseas education consultants in Srikakulam,/study-abroad-consultants-in-srikakulam,Location,local commercial,4 - long tail local
best study abroad consultant in Srikakulam,/study-abroad-consultants-in-srikakulam,Location,local commercial,4 - long tail local
abroad education consultancy in Srikakulam,/study-abroad-consultants-in-srikakulam,Location,local commercial,4 - long tail local
free study abroad counselling Srikakulam,/study-abroad-consultants-in-srikakulam,Location,local commercial,4 - long tail local
study abroad consultants in Amaravati,/study-abroad-consultants-in-amaravati,Location,local commercial,4 - long tail local
overseas education consultants in Amaravati,/study-abroad-consultants-in-amaravati,Location,local commercial,4 - long tail local
best study abroad consultant in Amaravati,/study-abroad-consultants-in-amaravati,Location,local commercial,4 - long tail local
abroad education consultancy in Amaravati,/study-abroad-consultants-in-amaravati,Location,local commercial,4 - long tail local
free study abroad counselling Amaravati,/study-abroad-consultants-in-amaravati,Location,local commercial,4 - long tail local
study abroad consultants in Patna,/study-abroad-consultants-in-patna,Location,local commercial,2 - body
overseas education consultants in Patna,/study-abroad-consultants-in-patna,Location,local commercial,2 - body
best study abroad consultant in Patna,/study-abroad-consultants-in-patna,Location,local commercial,2 - body
abroad education consultancy in Patna,/study-abroad-consultants-in-patna,Location,local commercial,2 - body
free study abroad counselling Patna,/study-abroad-consultants-in-patna,Location,local commercial,2 - body
study abroad consultants in Gaya,/study-abroad-consultants-in-gaya,Location,local commercial,2 - body
overseas education consultants in Gaya,/study-abroad-consultants-in-gaya,Location,local commercial,2 - body
best study abroad consultant in Gaya,/study-abroad-consultants-in-gaya,Location,local commercial,2 - body
abroad education consultancy in Gaya,/study-abroad-consultants-in-gaya,Location,local commercial,2 - body
free study abroad counselling Gaya,/study-abroad-consultants-in-gaya,Location,local commercial,2 - body
study abroad consultants in Bhagalpur,/study-abroad-consultants-in-bhagalpur,Location,local commercial,2 - body
overseas education consultants in Bhagalpur,/study-abroad-consultants-in-bhagalpur,Location,local commercial,2 - body
best study abroad consultant in Bhagalpur,/study-abroad-consultants-in-bhagalpur,Location,local commercial,2 - body
abroad education consultancy in Bhagalpur,/study-abroad-consultants-in-bhagalpur,Location,local commercial,2 - body
free study abroad counselling Bhagalpur,/study-abroad-consultants-in-bhagalpur,Location,local commercial,2 - body
study abroad consultants in Muzaffarpur,/study-abroad-consultants-in-muzaffarpur,Location,local commercial,2 - body
overseas education consultants in Muzaffarpur,/study-abroad-consultants-in-muzaffarpur,Location,local commercial,2 - body
best study abroad consultant in Muzaffarpur,/study-abroad-consultants-in-muzaffarpur,Location,local commercial,2 - body
abroad education consultancy in Muzaffarpur,/study-abroad-consultants-in-muzaffarpur,Location,local commercial,2 - body
free study abroad counselling Muzaffarpur,/study-abroad-consultants-in-muzaffarpur,Location,local commercial,2 - body
study abroad consultants in Darbhanga,/study-abroad-consultants-in-darbhanga,Location,local commercial,2 - body
overseas education consultants in Darbhanga,/study-abroad-consultants-in-darbhanga,Location,local commercial,2 - body
best study abroad consultant in Darbhanga,/study-abroad-consultants-in-darbhanga,Location,local commercial,2 - body
abroad education consultancy in Darbhanga,/study-abroad-consultants-in-darbhanga,Location,local commercial,2 - body
free study abroad counselling Darbhanga,/study-abroad-consultants-in-darbhanga,Location,local commercial,2 - body
study abroad consultants in Purnia,/study-abroad-consultants-in-purnia,Location,local commercial,4 - long tail local
overseas education consultants in Purnia,/study-abroad-consultants-in-purnia,Location,local commercial,4 - long tail local
best study abroad consultant in Purnia,/study-abroad-consultants-in-purnia,Location,local commercial,4 - long tail local
abroad education consultancy in Purnia,/study-abroad-consultants-in-purnia,Location,local commercial,4 - long tail local
free study abroad counselling Purnia,/study-abroad-consultants-in-purnia,Location,local commercial,4 - long tail local
study abroad consultants in Arrah,/study-abroad-consultants-in-arrah,Location,local commercial,4 - long tail local
overseas education consultants in Arrah,/study-abroad-consultants-in-arrah,Location,local commercial,4 - long tail local
best study abroad consultant in Arrah,/study-abroad-consultants-in-arrah,Location,local commercial,4 - long tail local
abroad education consultancy in Arrah,/study-abroad-consultants-in-arrah,Location,local commercial,4 - long tail local
free study abroad counselling Arrah,/study-abroad-consultants-in-arrah,Location,local commercial,4 - long tail local
study abroad consultants in Begusarai,/study-abroad-consultants-in-begusarai,Location,local commercial,4 - long tail local
overseas education consultants in Begusarai,/study-abroad-consultants-in-begusarai,Location,local commercial,4 - long tail local
best study abroad consultant in Begusarai,/study-abroad-consultants-in-begusarai,Location,local commercial,4 - long tail local
abroad education consultancy in Begusarai,/study-abroad-consultants-in-begusarai,Location,local commercial,4 - long tail local
free study abroad counselling Begusarai,/study-abroad-consultants-in-begusarai,Location,local commercial,4 - long tail local
study abroad consultants in Katihar,/study-abroad-consultants-in-katihar,Location,local commercial,4 - long tail local
overseas education consultants in Katihar,/study-abroad-consultants-in-katihar,Location,local commercial,4 - long tail local
best study abroad consultant in Katihar,/study-abroad-consultants-in-katihar,Location,local commercial,4 - long tail local
abroad education consultancy in Katihar,/study-abroad-consultants-in-katihar,Location,local commercial,4 - long tail local
free study abroad counselling Katihar,/study-abroad-consultants-in-katihar,Location,local commercial,4 - long tail local
study abroad consultants in Munger,/study-abroad-consultants-in-munger,Location,local commercial,4 - long tail local
overseas education consultants in Munger,/study-abroad-consultants-in-munger,Location,local commercial,4 - long tail local
best study abroad consultant in Munger,/study-abroad-consultants-in-munger,Location,local commercial,4 - long tail local
abroad education consultancy in Munger,/study-abroad-consultants-in-munger,Location,local commercial,4 - long tail local
free study abroad counselling Munger,/study-abroad-consultants-in-munger,Location,local commercial,4 - long tail local
study abroad consultants in Chhapra,/study-abroad-consultants-in-chhapra,Location,local commercial,4 - long tail local
overseas education consultants in Chhapra,/study-abroad-consultants-in-chhapra,Location,local commercial,4 - long tail local
best study abroad consultant in Chhapra,/study-abroad-consultants-in-chhapra,Location,local commercial,4 - long tail local
abroad education consultancy in Chhapra,/study-abroad-consultants-in-chhapra,Location,local commercial,4 - long tail local
free study abroad counselling Chhapra,/study-abroad-consultants-in-chhapra,Location,local commercial,4 - long tail local
study abroad consultants in Danapur,/study-abroad-consultants-in-danapur,Location,local commercial,4 - long tail local
overseas education consultants in Danapur,/study-abroad-consultants-in-danapur,Location,local commercial,4 - long tail local
best study abroad consultant in Danapur,/study-abroad-consultants-in-danapur,Location,local commercial,4 - long tail local
abroad education consultancy in Danapur,/study-abroad-consultants-in-danapur,Location,local commercial,4 - long tail local
free study abroad counselling Danapur,/study-abroad-consultants-in-danapur,Location,local commercial,4 - long tail local
study abroad consultants in Saharsa,/study-abroad-consultants-in-saharsa,Location,local commercial,4 - long tail local
overseas education consultants in Saharsa,/study-abroad-consultants-in-saharsa,Location,local commercial,4 - long tail local
best study abroad consultant in Saharsa,/study-abroad-consultants-in-saharsa,Location,local commercial,4 - long tail local
abroad education consultancy in Saharsa,/study-abroad-consultants-in-saharsa,Location,local commercial,4 - long tail local
free study abroad counselling Saharsa,/study-abroad-consultants-in-saharsa,Location,local commercial,4 - long tail local
study abroad consultants in Sasaram,/study-abroad-consultants-in-sasaram,Location,local commercial,4 - long tail local
overseas education consultants in Sasaram,/study-abroad-consultants-in-sasaram,Location,local commercial,4 - long tail local
best study abroad consultant in Sasaram,/study-abroad-consultants-in-sasaram,Location,local commercial,4 - long tail local
abroad education consultancy in Sasaram,/study-abroad-consultants-in-sasaram,Location,local commercial,4 - long tail local
free study abroad counselling Sasaram,/study-abroad-consultants-in-sasaram,Location,local commercial,4 - long tail local
study abroad consultants in Hajipur,/study-abroad-consultants-in-hajipur,Location,local commercial,4 - long tail local
overseas education consultants in Hajipur,/study-abroad-consultants-in-hajipur,Location,local commercial,4 - long tail local
best study abroad consultant in Hajipur,/study-abroad-consultants-in-hajipur,Location,local commercial,4 - long tail local
abroad education consultancy in Hajipur,/study-abroad-consultants-in-hajipur,Location,local commercial,4 - long tail local
free study abroad counselling Hajipur,/study-abroad-consultants-in-hajipur,Location,local commercial,4 - long tail local
study abroad consultants in Dehri,/study-abroad-consultants-in-dehri,Location,local commercial,4 - long tail local
overseas education consultants in Dehri,/study-abroad-consultants-in-dehri,Location,local commercial,4 - long tail local
best study abroad consultant in Dehri,/study-abroad-consultants-in-dehri,Location,local commercial,4 - long tail local
abroad education consultancy in Dehri,/study-abroad-consultants-in-dehri,Location,local commercial,4 - long tail local
free study abroad counselling Dehri,/study-abroad-consultants-in-dehri,Location,local commercial,4 - long tail local
study abroad consultants in Siwan,/study-abroad-consultants-in-siwan,Location,local commercial,4 - long tail local
overseas education consultants in Siwan,/study-abroad-consultants-in-siwan,Location,local commercial,4 - long tail local
best study abroad consultant in Siwan,/study-abroad-consultants-in-siwan,Location,local commercial,4 - long tail local
abroad education consultancy in Siwan,/study-abroad-consultants-in-siwan,Location,local commercial,4 - long tail local
free study abroad counselling Siwan,/study-abroad-consultants-in-siwan,Location,local commercial,4 - long tail local
study abroad consultants in Motihari,/study-abroad-consultants-in-motihari,Location,local commercial,4 - long tail local
overseas education consultants in Motihari,/study-abroad-consultants-in-motihari,Location,local commercial,4 - long tail local
best study abroad consultant in Motihari,/study-abroad-consultants-in-motihari,Location,local commercial,4 - long tail local
abroad education consultancy in Motihari,/study-abroad-consultants-in-motihari,Location,local commercial,4 - long tail local
free study abroad counselling Motihari,/study-abroad-consultants-in-motihari,Location,local commercial,4 - long tail local
study abroad consultants in Nawada,/study-abroad-consultants-in-nawada,Location,local commercial,4 - long tail local
overseas education consultants in Nawada,/study-abroad-consultants-in-nawada,Location,local commercial,4 - long tail local
best study abroad consultant in Nawada,/study-abroad-consultants-in-nawada,Location,local commercial,4 - long tail local
abroad education consultancy in Nawada,/study-abroad-consultants-in-nawada,Location,local commercial,4 - long tail local
free study abroad counselling Nawada,/study-abroad-consultants-in-nawada,Location,local commercial,4 - long tail local
study abroad consultants in Bettiah,/study-abroad-consultants-in-bettiah,Location,local commercial,4 - long tail local
overseas education consultants in Bettiah,/study-abroad-consultants-in-bettiah,Location,local commercial,4 - long tail local
best study abroad consultant in Bettiah,/study-abroad-consultants-in-bettiah,Location,local commercial,4 - long tail local
abroad education consultancy in Bettiah,/study-abroad-consultants-in-bettiah,Location,local commercial,4 - long tail local
free study abroad counselling Bettiah,/study-abroad-consultants-in-bettiah,Location,local commercial,4 - long tail local
study abroad consultants in Bihar Sharif,/study-abroad-consultants-in-bihar-sharif,Location,local commercial,4 - long tail local
overseas education consultants in Bihar Sharif,/study-abroad-consultants-in-bihar-sharif,Location,local commercial,4 - long tail local
best study abroad consultant in Bihar Sharif,/study-abroad-consultants-in-bihar-sharif,Location,local commercial,4 - long tail local
abroad education consultancy in Bihar Sharif,/study-abroad-consultants-in-bihar-sharif,Location,local commercial,4 - long tail local
free study abroad counselling Bihar Sharif,/study-abroad-consultants-in-bihar-sharif,Location,local commercial,4 - long tail local
study abroad consultants in Bhubaneswar,/study-abroad-consultants-in-bhubaneswar,Location,local commercial,2 - body
overseas education consultants in Bhubaneswar,/study-abroad-consultants-in-bhubaneswar,Location,local commercial,2 - body
best study abroad consultant in Bhubaneswar,/study-abroad-consultants-in-bhubaneswar,Location,local commercial,2 - body
abroad education consultancy in Bhubaneswar,/study-abroad-consultants-in-bhubaneswar,Location,local commercial,2 - body
free study abroad counselling Bhubaneswar,/study-abroad-consultants-in-bhubaneswar,Location,local commercial,2 - body
study abroad consultants in Cuttack,/study-abroad-consultants-in-cuttack,Location,local commercial,2 - body
overseas education consultants in Cuttack,/study-abroad-consultants-in-cuttack,Location,local commercial,2 - body
best study abroad consultant in Cuttack,/study-abroad-consultants-in-cuttack,Location,local commercial,2 - body
abroad education consultancy in Cuttack,/study-abroad-consultants-in-cuttack,Location,local commercial,2 - body
free study abroad counselling Cuttack,/study-abroad-consultants-in-cuttack,Location,local commercial,2 - body
study abroad consultants in Rourkela,/study-abroad-consultants-in-rourkela,Location,local commercial,2 - body
overseas education consultants in Rourkela,/study-abroad-consultants-in-rourkela,Location,local commercial,2 - body
best study abroad consultant in Rourkela,/study-abroad-consultants-in-rourkela,Location,local commercial,2 - body
abroad education consultancy in Rourkela,/study-abroad-consultants-in-rourkela,Location,local commercial,2 - body
free study abroad counselling Rourkela,/study-abroad-consultants-in-rourkela,Location,local commercial,2 - body
study abroad consultants in Berhampur,/study-abroad-consultants-in-berhampur,Location,local commercial,2 - body
overseas education consultants in Berhampur,/study-abroad-consultants-in-berhampur,Location,local commercial,2 - body
best study abroad consultant in Berhampur,/study-abroad-consultants-in-berhampur,Location,local commercial,2 - body
abroad education consultancy in Berhampur,/study-abroad-consultants-in-berhampur,Location,local commercial,2 - body
free study abroad counselling Berhampur,/study-abroad-consultants-in-berhampur,Location,local commercial,2 - body
study abroad consultants in Sambalpur,/study-abroad-consultants-in-sambalpur,Location,local commercial,4 - long tail local
overseas education consultants in Sambalpur,/study-abroad-consultants-in-sambalpur,Location,local commercial,4 - long tail local
best study abroad consultant in Sambalpur,/study-abroad-consultants-in-sambalpur,Location,local commercial,4 - long tail local
abroad education consultancy in Sambalpur,/study-abroad-consultants-in-sambalpur,Location,local commercial,4 - long tail local
free study abroad counselling Sambalpur,/study-abroad-consultants-in-sambalpur,Location,local commercial,4 - long tail local
study abroad consultants in Puri,/study-abroad-consultants-in-puri,Location,local commercial,4 - long tail local
overseas education consultants in Puri,/study-abroad-consultants-in-puri,Location,local commercial,4 - long tail local
best study abroad consultant in Puri,/study-abroad-consultants-in-puri,Location,local commercial,4 - long tail local
abroad education consultancy in Puri,/study-abroad-consultants-in-puri,Location,local commercial,4 - long tail local
free study abroad counselling Puri,/study-abroad-consultants-in-puri,Location,local commercial,4 - long tail local
study abroad consultants in Balasore,/study-abroad-consultants-in-balasore,Location,local commercial,4 - long tail local
overseas education consultants in Balasore,/study-abroad-consultants-in-balasore,Location,local commercial,4 - long tail local
best study abroad consultant in Balasore,/study-abroad-consultants-in-balasore,Location,local commercial,4 - long tail local
abroad education consultancy in Balasore,/study-abroad-consultants-in-balasore,Location,local commercial,4 - long tail local
free study abroad counselling Balasore,/study-abroad-consultants-in-balasore,Location,local commercial,4 - long tail local
study abroad consultants in Bhadrak,/study-abroad-consultants-in-bhadrak,Location,local commercial,4 - long tail local
overseas education consultants in Bhadrak,/study-abroad-consultants-in-bhadrak,Location,local commercial,4 - long tail local
best study abroad consultant in Bhadrak,/study-abroad-consultants-in-bhadrak,Location,local commercial,4 - long tail local
abroad education consultancy in Bhadrak,/study-abroad-consultants-in-bhadrak,Location,local commercial,4 - long tail local
free study abroad counselling Bhadrak,/study-abroad-consultants-in-bhadrak,Location,local commercial,4 - long tail local
study abroad consultants in Baripada,/study-abroad-consultants-in-baripada,Location,local commercial,4 - long tail local
overseas education consultants in Baripada,/study-abroad-consultants-in-baripada,Location,local commercial,4 - long tail local
best study abroad consultant in Baripada,/study-abroad-consultants-in-baripada,Location,local commercial,4 - long tail local
abroad education consultancy in Baripada,/study-abroad-consultants-in-baripada,Location,local commercial,4 - long tail local
free study abroad counselling Baripada,/study-abroad-consultants-in-baripada,Location,local commercial,4 - long tail local
study abroad consultants in Jharsuguda,/study-abroad-consultants-in-jharsuguda,Location,local commercial,4 - long tail local
overseas education consultants in Jharsuguda,/study-abroad-consultants-in-jharsuguda,Location,local commercial,4 - long tail local
best study abroad consultant in Jharsuguda,/study-abroad-consultants-in-jharsuguda,Location,local commercial,4 - long tail local
abroad education consultancy in Jharsuguda,/study-abroad-consultants-in-jharsuguda,Location,local commercial,4 - long tail local
free study abroad counselling Jharsuguda,/study-abroad-consultants-in-jharsuguda,Location,local commercial,4 - long tail local
study abroad consultants in Jeypore,/study-abroad-consultants-in-jeypore,Location,local commercial,4 - long tail local
overseas education consultants in Jeypore,/study-abroad-consultants-in-jeypore,Location,local commercial,4 - long tail local
best study abroad consultant in Jeypore,/study-abroad-consultants-in-jeypore,Location,local commercial,4 - long tail local
abroad education consultancy in Jeypore,/study-abroad-consultants-in-jeypore,Location,local commercial,4 - long tail local
free study abroad counselling Jeypore,/study-abroad-consultants-in-jeypore,Location,local commercial,4 - long tail local
study abroad consultants in Angul,/study-abroad-consultants-in-angul,Location,local commercial,4 - long tail local
overseas education consultants in Angul,/study-abroad-consultants-in-angul,Location,local commercial,4 - long tail local
best study abroad consultant in Angul,/study-abroad-consultants-in-angul,Location,local commercial,4 - long tail local
abroad education consultancy in Angul,/study-abroad-consultants-in-angul,Location,local commercial,4 - long tail local
free study abroad counselling Angul,/study-abroad-consultants-in-angul,Location,local commercial,4 - long tail local
study abroad consultants in Dhenkanal,/study-abroad-consultants-in-dhenkanal,Location,local commercial,4 - long tail local
overseas education consultants in Dhenkanal,/study-abroad-consultants-in-dhenkanal,Location,local commercial,4 - long tail local
best study abroad consultant in Dhenkanal,/study-abroad-consultants-in-dhenkanal,Location,local commercial,4 - long tail local
abroad education consultancy in Dhenkanal,/study-abroad-consultants-in-dhenkanal,Location,local commercial,4 - long tail local
free study abroad counselling Dhenkanal,/study-abroad-consultants-in-dhenkanal,Location,local commercial,4 - long tail local
study abroad consultants in Rayagada,/study-abroad-consultants-in-rayagada,Location,local commercial,4 - long tail local
overseas education consultants in Rayagada,/study-abroad-consultants-in-rayagada,Location,local commercial,4 - long tail local
best study abroad consultant in Rayagada,/study-abroad-consultants-in-rayagada,Location,local commercial,4 - long tail local
abroad education consultancy in Rayagada,/study-abroad-consultants-in-rayagada,Location,local commercial,4 - long tail local
free study abroad counselling Rayagada,/study-abroad-consultants-in-rayagada,Location,local commercial,4 - long tail local
study abroad consultants in Ranchi,/study-abroad-consultants-in-ranchi,Location,local commercial,2 - body
overseas education consultants in Ranchi,/study-abroad-consultants-in-ranchi,Location,local commercial,2 - body
best study abroad consultant in Ranchi,/study-abroad-consultants-in-ranchi,Location,local commercial,2 - body
abroad education consultancy in Ranchi,/study-abroad-consultants-in-ranchi,Location,local commercial,2 - body
free study abroad counselling Ranchi,/study-abroad-consultants-in-ranchi,Location,local commercial,2 - body
study abroad consultants in Jamshedpur,/study-abroad-consultants-in-jamshedpur,Location,local commercial,2 - body
overseas education consultants in Jamshedpur,/study-abroad-consultants-in-jamshedpur,Location,local commercial,2 - body
best study abroad consultant in Jamshedpur,/study-abroad-consultants-in-jamshedpur,Location,local commercial,2 - body
abroad education consultancy in Jamshedpur,/study-abroad-consultants-in-jamshedpur,Location,local commercial,2 - body
free study abroad counselling Jamshedpur,/study-abroad-consultants-in-jamshedpur,Location,local commercial,2 - body
study abroad consultants in Dhanbad,/study-abroad-consultants-in-dhanbad,Location,local commercial,2 - body
overseas education consultants in Dhanbad,/study-abroad-consultants-in-dhanbad,Location,local commercial,2 - body
best study abroad consultant in Dhanbad,/study-abroad-consultants-in-dhanbad,Location,local commercial,2 - body
abroad education consultancy in Dhanbad,/study-abroad-consultants-in-dhanbad,Location,local commercial,2 - body
free study abroad counselling Dhanbad,/study-abroad-consultants-in-dhanbad,Location,local commercial,2 - body
study abroad consultants in Bokaro,/study-abroad-consultants-in-bokaro,Location,local commercial,2 - body
overseas education consultants in Bokaro,/study-abroad-consultants-in-bokaro,Location,local commercial,2 - body
best study abroad consultant in Bokaro,/study-abroad-consultants-in-bokaro,Location,local commercial,2 - body
abroad education consultancy in Bokaro,/study-abroad-consultants-in-bokaro,Location,local commercial,2 - body
free study abroad counselling Bokaro,/study-abroad-consultants-in-bokaro,Location,local commercial,2 - body
study abroad consultants in Deoghar,/study-abroad-consultants-in-deoghar,Location,local commercial,4 - long tail local
overseas education consultants in Deoghar,/study-abroad-consultants-in-deoghar,Location,local commercial,4 - long tail local
best study abroad consultant in Deoghar,/study-abroad-consultants-in-deoghar,Location,local commercial,4 - long tail local
abroad education consultancy in Deoghar,/study-abroad-consultants-in-deoghar,Location,local commercial,4 - long tail local
free study abroad counselling Deoghar,/study-abroad-consultants-in-deoghar,Location,local commercial,4 - long tail local
study abroad consultants in Hazaribagh,/study-abroad-consultants-in-hazaribagh,Location,local commercial,4 - long tail local
overseas education consultants in Hazaribagh,/study-abroad-consultants-in-hazaribagh,Location,local commercial,4 - long tail local
best study abroad consultant in Hazaribagh,/study-abroad-consultants-in-hazaribagh,Location,local commercial,4 - long tail local
abroad education consultancy in Hazaribagh,/study-abroad-consultants-in-hazaribagh,Location,local commercial,4 - long tail local
free study abroad counselling Hazaribagh,/study-abroad-consultants-in-hazaribagh,Location,local commercial,4 - long tail local
study abroad consultants in Giridih,/study-abroad-consultants-in-giridih,Location,local commercial,4 - long tail local
overseas education consultants in Giridih,/study-abroad-consultants-in-giridih,Location,local commercial,4 - long tail local
best study abroad consultant in Giridih,/study-abroad-consultants-in-giridih,Location,local commercial,4 - long tail local
abroad education consultancy in Giridih,/study-abroad-consultants-in-giridih,Location,local commercial,4 - long tail local
free study abroad counselling Giridih,/study-abroad-consultants-in-giridih,Location,local commercial,4 - long tail local
study abroad consultants in Ramgarh,/study-abroad-consultants-in-ramgarh,Location,local commercial,4 - long tail local
overseas education consultants in Ramgarh,/study-abroad-consultants-in-ramgarh,Location,local commercial,4 - long tail local
best study abroad consultant in Ramgarh,/study-abroad-consultants-in-ramgarh,Location,local commercial,4 - long tail local
abroad education consultancy in Ramgarh,/study-abroad-consultants-in-ramgarh,Location,local commercial,4 - long tail local
free study abroad counselling Ramgarh,/study-abroad-consultants-in-ramgarh,Location,local commercial,4 - long tail local
study abroad consultants in Phusro,/study-abroad-consultants-in-phusro,Location,local commercial,4 - long tail local
overseas education consultants in Phusro,/study-abroad-consultants-in-phusro,Location,local commercial,4 - long tail local
best study abroad consultant in Phusro,/study-abroad-consultants-in-phusro,Location,local commercial,4 - long tail local
abroad education consultancy in Phusro,/study-abroad-consultants-in-phusro,Location,local commercial,4 - long tail local
free study abroad counselling Phusro,/study-abroad-consultants-in-phusro,Location,local commercial,4 - long tail local
study abroad consultants in Medininagar,/study-abroad-consultants-in-medininagar,Location,local commercial,4 - long tail local
overseas education consultants in Medininagar,/study-abroad-consultants-in-medininagar,Location,local commercial,4 - long tail local
best study abroad consultant in Medininagar,/study-abroad-consultants-in-medininagar,Location,local commercial,4 - long tail local
abroad education consultancy in Medininagar,/study-abroad-consultants-in-medininagar,Location,local commercial,4 - long tail local
free study abroad counselling Medininagar,/study-abroad-consultants-in-medininagar,Location,local commercial,4 - long tail local
study abroad consultants in Chaibasa,/study-abroad-consultants-in-chaibasa,Location,local commercial,4 - long tail local
overseas education consultants in Chaibasa,/study-abroad-consultants-in-chaibasa,Location,local commercial,4 - long tail local
best study abroad consultant in Chaibasa,/study-abroad-consultants-in-chaibasa,Location,local commercial,4 - long tail local
abroad education consultancy in Chaibasa,/study-abroad-consultants-in-chaibasa,Location,local commercial,4 - long tail local
free study abroad counselling Chaibasa,/study-abroad-consultants-in-chaibasa,Location,local commercial,4 - long tail local
study abroad consultants in Dumka,/study-abroad-consultants-in-dumka,Location,local commercial,4 - long tail local
overseas education consultants in Dumka,/study-abroad-consultants-in-dumka,Location,local commercial,4 - long tail local
best study abroad consultant in Dumka,/study-abroad-consultants-in-dumka,Location,local commercial,4 - long tail local
abroad education consultancy in Dumka,/study-abroad-consultants-in-dumka,Location,local commercial,4 - long tail local
free study abroad counselling Dumka,/study-abroad-consultants-in-dumka,Location,local commercial,4 - long tail local
study abroad consultants in Raipur,/study-abroad-consultants-in-raipur,Location,local commercial,2 - body
overseas education consultants in Raipur,/study-abroad-consultants-in-raipur,Location,local commercial,2 - body
best study abroad consultant in Raipur,/study-abroad-consultants-in-raipur,Location,local commercial,2 - body
abroad education consultancy in Raipur,/study-abroad-consultants-in-raipur,Location,local commercial,2 - body
free study abroad counselling Raipur,/study-abroad-consultants-in-raipur,Location,local commercial,2 - body
study abroad consultants in Bhilai,/study-abroad-consultants-in-bhilai,Location,local commercial,2 - body
overseas education consultants in Bhilai,/study-abroad-consultants-in-bhilai,Location,local commercial,2 - body
best study abroad consultant in Bhilai,/study-abroad-consultants-in-bhilai,Location,local commercial,2 - body
abroad education consultancy in Bhilai,/study-abroad-consultants-in-bhilai,Location,local commercial,2 - body
free study abroad counselling Bhilai,/study-abroad-consultants-in-bhilai,Location,local commercial,2 - body
study abroad consultants in Bilaspur,/study-abroad-consultants-in-bilaspur,Location,local commercial,2 - body
overseas education consultants in Bilaspur,/study-abroad-consultants-in-bilaspur,Location,local commercial,2 - body
best study abroad consultant in Bilaspur,/study-abroad-consultants-in-bilaspur,Location,local commercial,2 - body
abroad education consultancy in Bilaspur,/study-abroad-consultants-in-bilaspur,Location,local commercial,2 - body
free study abroad counselling Bilaspur,/study-abroad-consultants-in-bilaspur,Location,local commercial,2 - body
study abroad consultants in Korba,/study-abroad-consultants-in-korba,Location,local commercial,2 - body
overseas education consultants in Korba,/study-abroad-consultants-in-korba,Location,local commercial,2 - body
best study abroad consultant in Korba,/study-abroad-consultants-in-korba,Location,local commercial,2 - body
abroad education consultancy in Korba,/study-abroad-consultants-in-korba,Location,local commercial,2 - body
free study abroad counselling Korba,/study-abroad-consultants-in-korba,Location,local commercial,2 - body
study abroad consultants in Durg,/study-abroad-consultants-in-durg,Location,local commercial,4 - long tail local
overseas education consultants in Durg,/study-abroad-consultants-in-durg,Location,local commercial,4 - long tail local
best study abroad consultant in Durg,/study-abroad-consultants-in-durg,Location,local commercial,4 - long tail local
abroad education consultancy in Durg,/study-abroad-consultants-in-durg,Location,local commercial,4 - long tail local
free study abroad counselling Durg,/study-abroad-consultants-in-durg,Location,local commercial,4 - long tail local
study abroad consultants in Rajnandgaon,/study-abroad-consultants-in-rajnandgaon,Location,local commercial,4 - long tail local
overseas education consultants in Rajnandgaon,/study-abroad-consultants-in-rajnandgaon,Location,local commercial,4 - long tail local
best study abroad consultant in Rajnandgaon,/study-abroad-consultants-in-rajnandgaon,Location,local commercial,4 - long tail local
abroad education consultancy in Rajnandgaon,/study-abroad-consultants-in-rajnandgaon,Location,local commercial,4 - long tail local
free study abroad counselling Rajnandgaon,/study-abroad-consultants-in-rajnandgaon,Location,local commercial,4 - long tail local
study abroad consultants in Jagdalpur,/study-abroad-consultants-in-jagdalpur,Location,local commercial,4 - long tail local
overseas education consultants in Jagdalpur,/study-abroad-consultants-in-jagdalpur,Location,local commercial,4 - long tail local
best study abroad consultant in Jagdalpur,/study-abroad-consultants-in-jagdalpur,Location,local commercial,4 - long tail local
abroad education consultancy in Jagdalpur,/study-abroad-consultants-in-jagdalpur,Location,local commercial,4 - long tail local
free study abroad counselling Jagdalpur,/study-abroad-consultants-in-jagdalpur,Location,local commercial,4 - long tail local
study abroad consultants in Raigarh,/study-abroad-consultants-in-raigarh,Location,local commercial,4 - long tail local
overseas education consultants in Raigarh,/study-abroad-consultants-in-raigarh,Location,local commercial,4 - long tail local
best study abroad consultant in Raigarh,/study-abroad-consultants-in-raigarh,Location,local commercial,4 - long tail local
abroad education consultancy in Raigarh,/study-abroad-consultants-in-raigarh,Location,local commercial,4 - long tail local
free study abroad counselling Raigarh,/study-abroad-consultants-in-raigarh,Location,local commercial,4 - long tail local
study abroad consultants in Ambikapur,/study-abroad-consultants-in-ambikapur,Location,local commercial,4 - long tail local
overseas education consultants in Ambikapur,/study-abroad-consultants-in-ambikapur,Location,local commercial,4 - long tail local
best study abroad consultant in Ambikapur,/study-abroad-consultants-in-ambikapur,Location,local commercial,4 - long tail local
abroad education consultancy in Ambikapur,/study-abroad-consultants-in-ambikapur,Location,local commercial,4 - long tail local
free study abroad counselling Ambikapur,/study-abroad-consultants-in-ambikapur,Location,local commercial,4 - long tail local
study abroad consultants in Dhamtari,/study-abroad-consultants-in-dhamtari,Location,local commercial,4 - long tail local
overseas education consultants in Dhamtari,/study-abroad-consultants-in-dhamtari,Location,local commercial,4 - long tail local
best study abroad consultant in Dhamtari,/study-abroad-consultants-in-dhamtari,Location,local commercial,4 - long tail local
abroad education consultancy in Dhamtari,/study-abroad-consultants-in-dhamtari,Location,local commercial,4 - long tail local
free study abroad counselling Dhamtari,/study-abroad-consultants-in-dhamtari,Location,local commercial,4 - long tail local
study abroad consultants in Mahasamund,/study-abroad-consultants-in-mahasamund,Location,local commercial,4 - long tail local
overseas education consultants in Mahasamund,/study-abroad-consultants-in-mahasamund,Location,local commercial,4 - long tail local
best study abroad consultant in Mahasamund,/study-abroad-consultants-in-mahasamund,Location,local commercial,4 - long tail local
abroad education consultancy in Mahasamund,/study-abroad-consultants-in-mahasamund,Location,local commercial,4 - long tail local
free study abroad counselling Mahasamund,/study-abroad-consultants-in-mahasamund,Location,local commercial,4 - long tail local
study abroad consultants in Guwahati,/study-abroad-consultants-in-guwahati,Location,local commercial,2 - body
overseas education consultants in Guwahati,/study-abroad-consultants-in-guwahati,Location,local commercial,2 - body
best study abroad consultant in Guwahati,/study-abroad-consultants-in-guwahati,Location,local commercial,2 - body
abroad education consultancy in Guwahati,/study-abroad-consultants-in-guwahati,Location,local commercial,2 - body
free study abroad counselling Guwahati,/study-abroad-consultants-in-guwahati,Location,local commercial,2 - body
study abroad consultants in Silchar,/study-abroad-consultants-in-silchar,Location,local commercial,2 - body
overseas education consultants in Silchar,/study-abroad-consultants-in-silchar,Location,local commercial,2 - body
best study abroad consultant in Silchar,/study-abroad-consultants-in-silchar,Location,local commercial,2 - body
abroad education consultancy in Silchar,/study-abroad-consultants-in-silchar,Location,local commercial,2 - body
free study abroad counselling Silchar,/study-abroad-consultants-in-silchar,Location,local commercial,2 - body
study abroad consultants in Dibrugarh,/study-abroad-consultants-in-dibrugarh,Location,local commercial,4 - long tail local
overseas education consultants in Dibrugarh,/study-abroad-consultants-in-dibrugarh,Location,local commercial,4 - long tail local
best study abroad consultant in Dibrugarh,/study-abroad-consultants-in-dibrugarh,Location,local commercial,4 - long tail local
abroad education consultancy in Dibrugarh,/study-abroad-consultants-in-dibrugarh,Location,local commercial,4 - long tail local
free study abroad counselling Dibrugarh,/study-abroad-consultants-in-dibrugarh,Location,local commercial,4 - long tail local
study abroad consultants in Jorhat,/study-abroad-consultants-in-jorhat,Location,local commercial,4 - long tail local
overseas education consultants in Jorhat,/study-abroad-consultants-in-jorhat,Location,local commercial,4 - long tail local
best study abroad consultant in Jorhat,/study-abroad-consultants-in-jorhat,Location,local commercial,4 - long tail local
abroad education consultancy in Jorhat,/study-abroad-consultants-in-jorhat,Location,local commercial,4 - long tail local
free study abroad counselling Jorhat,/study-abroad-consultants-in-jorhat,Location,local commercial,4 - long tail local
study abroad consultants in Nagaon,/study-abroad-consultants-in-nagaon,Location,local commercial,4 - long tail local
overseas education consultants in Nagaon,/study-abroad-consultants-in-nagaon,Location,local commercial,4 - long tail local
best study abroad consultant in Nagaon,/study-abroad-consultants-in-nagaon,Location,local commercial,4 - long tail local
abroad education consultancy in Nagaon,/study-abroad-consultants-in-nagaon,Location,local commercial,4 - long tail local
free study abroad counselling Nagaon,/study-abroad-consultants-in-nagaon,Location,local commercial,4 - long tail local
study abroad consultants in Tinsukia,/study-abroad-consultants-in-tinsukia,Location,local commercial,4 - long tail local
overseas education consultants in Tinsukia,/study-abroad-consultants-in-tinsukia,Location,local commercial,4 - long tail local
best study abroad consultant in Tinsukia,/study-abroad-consultants-in-tinsukia,Location,local commercial,4 - long tail local
abroad education consultancy in Tinsukia,/study-abroad-consultants-in-tinsukia,Location,local commercial,4 - long tail local
free study abroad counselling Tinsukia,/study-abroad-consultants-in-tinsukia,Location,local commercial,4 - long tail local
study abroad consultants in Tezpur,/study-abroad-consultants-in-tezpur,Location,local commercial,4 - long tail local
overseas education consultants in Tezpur,/study-abroad-consultants-in-tezpur,Location,local commercial,4 - long tail local
best study abroad consultant in Tezpur,/study-abroad-consultants-in-tezpur,Location,local commercial,4 - long tail local
abroad education consultancy in Tezpur,/study-abroad-consultants-in-tezpur,Location,local commercial,4 - long tail local
free study abroad counselling Tezpur,/study-abroad-consultants-in-tezpur,Location,local commercial,4 - long tail local
study abroad consultants in Bongaigaon,/study-abroad-consultants-in-bongaigaon,Location,local commercial,4 - long tail local
overseas education consultants in Bongaigaon,/study-abroad-consultants-in-bongaigaon,Location,local commercial,4 - long tail local
best study abroad consultant in Bongaigaon,/study-abroad-consultants-in-bongaigaon,Location,local commercial,4 - long tail local
abroad education consultancy in Bongaigaon,/study-abroad-consultants-in-bongaigaon,Location,local commercial,4 - long tail local
free study abroad counselling Bongaigaon,/study-abroad-consultants-in-bongaigaon,Location,local commercial,4 - long tail local
study abroad consultants in Dhubri,/study-abroad-consultants-in-dhubri,Location,local commercial,4 - long tail local
overseas education consultants in Dhubri,/study-abroad-consultants-in-dhubri,Location,local commercial,4 - long tail local
best study abroad consultant in Dhubri,/study-abroad-consultants-in-dhubri,Location,local commercial,4 - long tail local
abroad education consultancy in Dhubri,/study-abroad-consultants-in-dhubri,Location,local commercial,4 - long tail local
free study abroad counselling Dhubri,/study-abroad-consultants-in-dhubri,Location,local commercial,4 - long tail local
study abroad consultants in Sivasagar,/study-abroad-consultants-in-sivasagar,Location,local commercial,4 - long tail local
overseas education consultants in Sivasagar,/study-abroad-consultants-in-sivasagar,Location,local commercial,4 - long tail local
best study abroad consultant in Sivasagar,/study-abroad-consultants-in-sivasagar,Location,local commercial,4 - long tail local
abroad education consultancy in Sivasagar,/study-abroad-consultants-in-sivasagar,Location,local commercial,4 - long tail local
free study abroad counselling Sivasagar,/study-abroad-consultants-in-sivasagar,Location,local commercial,4 - long tail local
study abroad consultants in Goalpara,/study-abroad-consultants-in-goalpara,Location,local commercial,4 - long tail local
overseas education consultants in Goalpara,/study-abroad-consultants-in-goalpara,Location,local commercial,4 - long tail local
best study abroad consultant in Goalpara,/study-abroad-consultants-in-goalpara,Location,local commercial,4 - long tail local
abroad education consultancy in Goalpara,/study-abroad-consultants-in-goalpara,Location,local commercial,4 - long tail local
free study abroad counselling Goalpara,/study-abroad-consultants-in-goalpara,Location,local commercial,4 - long tail local
study abroad consultants in Diphu,/study-abroad-consultants-in-diphu,Location,local commercial,4 - long tail local
overseas education consultants in Diphu,/study-abroad-consultants-in-diphu,Location,local commercial,4 - long tail local
best study abroad consultant in Diphu,/study-abroad-consultants-in-diphu,Location,local commercial,4 - long tail local
abroad education consultancy in Diphu,/study-abroad-consultants-in-diphu,Location,local commercial,4 - long tail local
free study abroad counselling Diphu,/study-abroad-consultants-in-diphu,Location,local commercial,4 - long tail local
study abroad consultants in Dispur,/study-abroad-consultants-in-dispur,Location,local commercial,4 - long tail local
overseas education consultants in Dispur,/study-abroad-consultants-in-dispur,Location,local commercial,4 - long tail local
best study abroad consultant in Dispur,/study-abroad-consultants-in-dispur,Location,local commercial,4 - long tail local
abroad education consultancy in Dispur,/study-abroad-consultants-in-dispur,Location,local commercial,4 - long tail local
free study abroad counselling Dispur,/study-abroad-consultants-in-dispur,Location,local commercial,4 - long tail local
study abroad consultants in Dehradun,/study-abroad-consultants-in-dehradun,Location,local commercial,2 - body
overseas education consultants in Dehradun,/study-abroad-consultants-in-dehradun,Location,local commercial,2 - body
best study abroad consultant in Dehradun,/study-abroad-consultants-in-dehradun,Location,local commercial,2 - body
abroad education consultancy in Dehradun,/study-abroad-consultants-in-dehradun,Location,local commercial,2 - body
free study abroad counselling Dehradun,/study-abroad-consultants-in-dehradun,Location,local commercial,2 - body
study abroad consultants in Haridwar,/study-abroad-consultants-in-haridwar,Location,local commercial,2 - body
overseas education consultants in Haridwar,/study-abroad-consultants-in-haridwar,Location,local commercial,2 - body
best study abroad consultant in Haridwar,/study-abroad-consultants-in-haridwar,Location,local commercial,2 - body
abroad education consultancy in Haridwar,/study-abroad-consultants-in-haridwar,Location,local commercial,2 - body
free study abroad counselling Haridwar,/study-abroad-consultants-in-haridwar,Location,local commercial,2 - body
study abroad consultants in Haldwani,/study-abroad-consultants-in-haldwani,Location,local commercial,4 - long tail local
overseas education consultants in Haldwani,/study-abroad-consultants-in-haldwani,Location,local commercial,4 - long tail local
best study abroad consultant in Haldwani,/study-abroad-consultants-in-haldwani,Location,local commercial,4 - long tail local
abroad education consultancy in Haldwani,/study-abroad-consultants-in-haldwani,Location,local commercial,4 - long tail local
free study abroad counselling Haldwani,/study-abroad-consultants-in-haldwani,Location,local commercial,4 - long tail local
study abroad consultants in Roorkee,/study-abroad-consultants-in-roorkee,Location,local commercial,4 - long tail local
overseas education consultants in Roorkee,/study-abroad-consultants-in-roorkee,Location,local commercial,4 - long tail local
best study abroad consultant in Roorkee,/study-abroad-consultants-in-roorkee,Location,local commercial,4 - long tail local
abroad education consultancy in Roorkee,/study-abroad-consultants-in-roorkee,Location,local commercial,4 - long tail local
free study abroad counselling Roorkee,/study-abroad-consultants-in-roorkee,Location,local commercial,4 - long tail local
study abroad consultants in Rudrapur,/study-abroad-consultants-in-rudrapur,Location,local commercial,4 - long tail local
overseas education consultants in Rudrapur,/study-abroad-consultants-in-rudrapur,Location,local commercial,4 - long tail local
best study abroad consultant in Rudrapur,/study-abroad-consultants-in-rudrapur,Location,local commercial,4 - long tail local
abroad education consultancy in Rudrapur,/study-abroad-consultants-in-rudrapur,Location,local commercial,4 - long tail local
free study abroad counselling Rudrapur,/study-abroad-consultants-in-rudrapur,Location,local commercial,4 - long tail local
study abroad consultants in Kashipur,/study-abroad-consultants-in-kashipur,Location,local commercial,4 - long tail local
overseas education consultants in Kashipur,/study-abroad-consultants-in-kashipur,Location,local commercial,4 - long tail local
best study abroad consultant in Kashipur,/study-abroad-consultants-in-kashipur,Location,local commercial,4 - long tail local
abroad education consultancy in Kashipur,/study-abroad-consultants-in-kashipur,Location,local commercial,4 - long tail local
free study abroad counselling Kashipur,/study-abroad-consultants-in-kashipur,Location,local commercial,4 - long tail local
study abroad consultants in Rishikesh,/study-abroad-consultants-in-rishikesh,Location,local commercial,4 - long tail local
overseas education consultants in Rishikesh,/study-abroad-consultants-in-rishikesh,Location,local commercial,4 - long tail local
best study abroad consultant in Rishikesh,/study-abroad-consultants-in-rishikesh,Location,local commercial,4 - long tail local
abroad education consultancy in Rishikesh,/study-abroad-consultants-in-rishikesh,Location,local commercial,4 - long tail local
free study abroad counselling Rishikesh,/study-abroad-consultants-in-rishikesh,Location,local commercial,4 - long tail local
study abroad consultants in Nainital,/study-abroad-consultants-in-nainital,Location,local commercial,4 - long tail local
overseas education consultants in Nainital,/study-abroad-consultants-in-nainital,Location,local commercial,4 - long tail local
best study abroad consultant in Nainital,/study-abroad-consultants-in-nainital,Location,local commercial,4 - long tail local
abroad education consultancy in Nainital,/study-abroad-consultants-in-nainital,Location,local commercial,4 - long tail local
free study abroad counselling Nainital,/study-abroad-consultants-in-nainital,Location,local commercial,4 - long tail local
study abroad consultants in Pithoragarh,/study-abroad-consultants-in-pithoragarh,Location,local commercial,4 - long tail local
overseas education consultants in Pithoragarh,/study-abroad-consultants-in-pithoragarh,Location,local commercial,4 - long tail local
best study abroad consultant in Pithoragarh,/study-abroad-consultants-in-pithoragarh,Location,local commercial,4 - long tail local
abroad education consultancy in Pithoragarh,/study-abroad-consultants-in-pithoragarh,Location,local commercial,4 - long tail local
free study abroad counselling Pithoragarh,/study-abroad-consultants-in-pithoragarh,Location,local commercial,4 - long tail local
study abroad consultants in Almora,/study-abroad-consultants-in-almora,Location,local commercial,4 - long tail local
overseas education consultants in Almora,/study-abroad-consultants-in-almora,Location,local commercial,4 - long tail local
best study abroad consultant in Almora,/study-abroad-consultants-in-almora,Location,local commercial,4 - long tail local
abroad education consultancy in Almora,/study-abroad-consultants-in-almora,Location,local commercial,4 - long tail local
free study abroad counselling Almora,/study-abroad-consultants-in-almora,Location,local commercial,4 - long tail local
study abroad consultants in Mussoorie,/study-abroad-consultants-in-mussoorie,Location,local commercial,4 - long tail local
overseas education consultants in Mussoorie,/study-abroad-consultants-in-mussoorie,Location,local commercial,4 - long tail local
best study abroad consultant in Mussoorie,/study-abroad-consultants-in-mussoorie,Location,local commercial,4 - long tail local
abroad education consultancy in Mussoorie,/study-abroad-consultants-in-mussoorie,Location,local commercial,4 - long tail local
free study abroad counselling Mussoorie,/study-abroad-consultants-in-mussoorie,Location,local commercial,4 - long tail local
study abroad consultants in Shimla,/study-abroad-consultants-in-shimla,Location,local commercial,2 - body
overseas education consultants in Shimla,/study-abroad-consultants-in-shimla,Location,local commercial,2 - body
best study abroad consultant in Shimla,/study-abroad-consultants-in-shimla,Location,local commercial,2 - body
abroad education consultancy in Shimla,/study-abroad-consultants-in-shimla,Location,local commercial,2 - body
free study abroad counselling Shimla,/study-abroad-consultants-in-shimla,Location,local commercial,2 - body
study abroad consultants in Solan,/study-abroad-consultants-in-solan,Location,local commercial,4 - long tail local
overseas education consultants in Solan,/study-abroad-consultants-in-solan,Location,local commercial,4 - long tail local
best study abroad consultant in Solan,/study-abroad-consultants-in-solan,Location,local commercial,4 - long tail local
abroad education consultancy in Solan,/study-abroad-consultants-in-solan,Location,local commercial,4 - long tail local
free study abroad counselling Solan,/study-abroad-consultants-in-solan,Location,local commercial,4 - long tail local
study abroad consultants in Dharamshala,/study-abroad-consultants-in-dharamshala,Location,local commercial,4 - long tail local
overseas education consultants in Dharamshala,/study-abroad-consultants-in-dharamshala,Location,local commercial,4 - long tail local
best study abroad consultant in Dharamshala,/study-abroad-consultants-in-dharamshala,Location,local commercial,4 - long tail local
abroad education consultancy in Dharamshala,/study-abroad-consultants-in-dharamshala,Location,local commercial,4 - long tail local
free study abroad counselling Dharamshala,/study-abroad-consultants-in-dharamshala,Location,local commercial,4 - long tail local
study abroad consultants in Mandi,/study-abroad-consultants-in-mandi,Location,local commercial,4 - long tail local
overseas education consultants in Mandi,/study-abroad-consultants-in-mandi,Location,local commercial,4 - long tail local
best study abroad consultant in Mandi,/study-abroad-consultants-in-mandi,Location,local commercial,4 - long tail local
abroad education consultancy in Mandi,/study-abroad-consultants-in-mandi,Location,local commercial,4 - long tail local
free study abroad counselling Mandi,/study-abroad-consultants-in-mandi,Location,local commercial,4 - long tail local
study abroad consultants in Kullu,/study-abroad-consultants-in-kullu,Location,local commercial,4 - long tail local
overseas education consultants in Kullu,/study-abroad-consultants-in-kullu,Location,local commercial,4 - long tail local
best study abroad consultant in Kullu,/study-abroad-consultants-in-kullu,Location,local commercial,4 - long tail local
abroad education consultancy in Kullu,/study-abroad-consultants-in-kullu,Location,local commercial,4 - long tail local
free study abroad counselling Kullu,/study-abroad-consultants-in-kullu,Location,local commercial,4 - long tail local
study abroad consultants in Una,/study-abroad-consultants-in-una,Location,local commercial,4 - long tail local
overseas education consultants in Una,/study-abroad-consultants-in-una,Location,local commercial,4 - long tail local
best study abroad consultant in Una,/study-abroad-consultants-in-una,Location,local commercial,4 - long tail local
abroad education consultancy in Una,/study-abroad-consultants-in-una,Location,local commercial,4 - long tail local
free study abroad counselling Una,/study-abroad-consultants-in-una,Location,local commercial,4 - long tail local
study abroad consultants in Hamirpur,/study-abroad-consultants-in-hamirpur,Location,local commercial,4 - long tail local
overseas education consultants in Hamirpur,/study-abroad-consultants-in-hamirpur,Location,local commercial,4 - long tail local
best study abroad consultant in Hamirpur,/study-abroad-consultants-in-hamirpur,Location,local commercial,4 - long tail local
abroad education consultancy in Hamirpur,/study-abroad-consultants-in-hamirpur,Location,local commercial,4 - long tail local
free study abroad counselling Hamirpur,/study-abroad-consultants-in-hamirpur,Location,local commercial,4 - long tail local
study abroad consultants in Bilaspur,/study-abroad-consultants-in-bilaspur,Location,local commercial,4 - long tail local
overseas education consultants in Bilaspur,/study-abroad-consultants-in-bilaspur,Location,local commercial,4 - long tail local
best study abroad consultant in Bilaspur,/study-abroad-consultants-in-bilaspur,Location,local commercial,4 - long tail local
abroad education consultancy in Bilaspur,/study-abroad-consultants-in-bilaspur,Location,local commercial,4 - long tail local
free study abroad counselling Bilaspur,/study-abroad-consultants-in-bilaspur,Location,local commercial,4 - long tail local
study abroad consultants in Chamba,/study-abroad-consultants-in-chamba,Location,local commercial,4 - long tail local
overseas education consultants in Chamba,/study-abroad-consultants-in-chamba,Location,local commercial,4 - long tail local
best study abroad consultant in Chamba,/study-abroad-consultants-in-chamba,Location,local commercial,4 - long tail local
abroad education consultancy in Chamba,/study-abroad-consultants-in-chamba,Location,local commercial,4 - long tail local
free study abroad counselling Chamba,/study-abroad-consultants-in-chamba,Location,local commercial,4 - long tail local
study abroad consultants in Nahan,/study-abroad-consultants-in-nahan,Location,local commercial,4 - long tail local
overseas education consultants in Nahan,/study-abroad-consultants-in-nahan,Location,local commercial,4 - long tail local
best study abroad consultant in Nahan,/study-abroad-consultants-in-nahan,Location,local commercial,4 - long tail local
abroad education consultancy in Nahan,/study-abroad-consultants-in-nahan,Location,local commercial,4 - long tail local
free study abroad counselling Nahan,/study-abroad-consultants-in-nahan,Location,local commercial,4 - long tail local
study abroad consultants in Baddi,/study-abroad-consultants-in-baddi,Location,local commercial,4 - long tail local
overseas education consultants in Baddi,/study-abroad-consultants-in-baddi,Location,local commercial,4 - long tail local
best study abroad consultant in Baddi,/study-abroad-consultants-in-baddi,Location,local commercial,4 - long tail local
abroad education consultancy in Baddi,/study-abroad-consultants-in-baddi,Location,local commercial,4 - long tail local
free study abroad counselling Baddi,/study-abroad-consultants-in-baddi,Location,local commercial,4 - long tail local
study abroad consultants in Palampur,/study-abroad-consultants-in-palampur,Location,local commercial,4 - long tail local
overseas education consultants in Palampur,/study-abroad-consultants-in-palampur,Location,local commercial,4 - long tail local
best study abroad consultant in Palampur,/study-abroad-consultants-in-palampur,Location,local commercial,4 - long tail local
abroad education consultancy in Palampur,/study-abroad-consultants-in-palampur,Location,local commercial,4 - long tail local
free study abroad counselling Palampur,/study-abroad-consultants-in-palampur,Location,local commercial,4 - long tail local
study abroad consultants in Panaji,/study-abroad-consultants-in-panaji,Location,local commercial,2 - body
overseas education consultants in Panaji,/study-abroad-consultants-in-panaji,Location,local commercial,2 - body
best study abroad consultant in Panaji,/study-abroad-consultants-in-panaji,Location,local commercial,2 - body
abroad education consultancy in Panaji,/study-abroad-consultants-in-panaji,Location,local commercial,2 - body
free study abroad counselling Panaji,/study-abroad-consultants-in-panaji,Location,local commercial,2 - body
study abroad consultants in Margao,/study-abroad-consultants-in-margao,Location,local commercial,4 - long tail local
overseas education consultants in Margao,/study-abroad-consultants-in-margao,Location,local commercial,4 - long tail local
best study abroad consultant in Margao,/study-abroad-consultants-in-margao,Location,local commercial,4 - long tail local
abroad education consultancy in Margao,/study-abroad-consultants-in-margao,Location,local commercial,4 - long tail local
free study abroad counselling Margao,/study-abroad-consultants-in-margao,Location,local commercial,4 - long tail local
study abroad consultants in Vasco da Gama,/study-abroad-consultants-in-vasco-da-gama,Location,local commercial,4 - long tail local
overseas education consultants in Vasco da Gama,/study-abroad-consultants-in-vasco-da-gama,Location,local commercial,4 - long tail local
best study abroad consultant in Vasco da Gama,/study-abroad-consultants-in-vasco-da-gama,Location,local commercial,4 - long tail local
abroad education consultancy in Vasco da Gama,/study-abroad-consultants-in-vasco-da-gama,Location,local commercial,4 - long tail local
free study abroad counselling Vasco da Gama,/study-abroad-consultants-in-vasco-da-gama,Location,local commercial,4 - long tail local
study abroad consultants in Mapusa,/study-abroad-consultants-in-mapusa,Location,local commercial,4 - long tail local
overseas education consultants in Mapusa,/study-abroad-consultants-in-mapusa,Location,local commercial,4 - long tail local
best study abroad consultant in Mapusa,/study-abroad-consultants-in-mapusa,Location,local commercial,4 - long tail local
abroad education consultancy in Mapusa,/study-abroad-consultants-in-mapusa,Location,local commercial,4 - long tail local
free study abroad counselling Mapusa,/study-abroad-consultants-in-mapusa,Location,local commercial,4 - long tail local
study abroad consultants in Ponda,/study-abroad-consultants-in-ponda,Location,local commercial,4 - long tail local
overseas education consultants in Ponda,/study-abroad-consultants-in-ponda,Location,local commercial,4 - long tail local
best study abroad consultant in Ponda,/study-abroad-consultants-in-ponda,Location,local commercial,4 - long tail local
abroad education consultancy in Ponda,/study-abroad-consultants-in-ponda,Location,local commercial,4 - long tail local
free study abroad counselling Ponda,/study-abroad-consultants-in-ponda,Location,local commercial,4 - long tail local
study abroad consultants in Porvorim,/study-abroad-consultants-in-porvorim,Location,local commercial,4 - long tail local
overseas education consultants in Porvorim,/study-abroad-consultants-in-porvorim,Location,local commercial,4 - long tail local
best study abroad consultant in Porvorim,/study-abroad-consultants-in-porvorim,Location,local commercial,4 - long tail local
abroad education consultancy in Porvorim,/study-abroad-consultants-in-porvorim,Location,local commercial,4 - long tail local
free study abroad counselling Porvorim,/study-abroad-consultants-in-porvorim,Location,local commercial,4 - long tail local
study abroad consultants in Srinagar,/study-abroad-consultants-in-srinagar,Location,local commercial,2 - body
overseas education consultants in Srinagar,/study-abroad-consultants-in-srinagar,Location,local commercial,2 - body
best study abroad consultant in Srinagar,/study-abroad-consultants-in-srinagar,Location,local commercial,2 - body
abroad education consultancy in Srinagar,/study-abroad-consultants-in-srinagar,Location,local commercial,2 - body
free study abroad counselling Srinagar,/study-abroad-consultants-in-srinagar,Location,local commercial,2 - body
study abroad consultants in Jammu,/study-abroad-consultants-in-jammu,Location,local commercial,2 - body
overseas education consultants in Jammu,/study-abroad-consultants-in-jammu,Location,local commercial,2 - body
best study abroad consultant in Jammu,/study-abroad-consultants-in-jammu,Location,local commercial,2 - body
abroad education consultancy in Jammu,/study-abroad-consultants-in-jammu,Location,local commercial,2 - body
free study abroad counselling Jammu,/study-abroad-consultants-in-jammu,Location,local commercial,2 - body
study abroad consultants in Anantnag,/study-abroad-consultants-in-anantnag,Location,local commercial,4 - long tail local
overseas education consultants in Anantnag,/study-abroad-consultants-in-anantnag,Location,local commercial,4 - long tail local
best study abroad consultant in Anantnag,/study-abroad-consultants-in-anantnag,Location,local commercial,4 - long tail local
abroad education consultancy in Anantnag,/study-abroad-consultants-in-anantnag,Location,local commercial,4 - long tail local
free study abroad counselling Anantnag,/study-abroad-consultants-in-anantnag,Location,local commercial,4 - long tail local
study abroad consultants in Baramulla,/study-abroad-consultants-in-baramulla,Location,local commercial,4 - long tail local
overseas education consultants in Baramulla,/study-abroad-consultants-in-baramulla,Location,local commercial,4 - long tail local
best study abroad consultant in Baramulla,/study-abroad-consultants-in-baramulla,Location,local commercial,4 - long tail local
abroad education consultancy in Baramulla,/study-abroad-consultants-in-baramulla,Location,local commercial,4 - long tail local
free study abroad counselling Baramulla,/study-abroad-consultants-in-baramulla,Location,local commercial,4 - long tail local
study abroad consultants in Udhampur,/study-abroad-consultants-in-udhampur,Location,local commercial,4 - long tail local
overseas education consultants in Udhampur,/study-abroad-consultants-in-udhampur,Location,local commercial,4 - long tail local
best study abroad consultant in Udhampur,/study-abroad-consultants-in-udhampur,Location,local commercial,4 - long tail local
abroad education consultancy in Udhampur,/study-abroad-consultants-in-udhampur,Location,local commercial,4 - long tail local
free study abroad counselling Udhampur,/study-abroad-consultants-in-udhampur,Location,local commercial,4 - long tail local
study abroad consultants in Kathua,/study-abroad-consultants-in-kathua,Location,local commercial,4 - long tail local
overseas education consultants in Kathua,/study-abroad-consultants-in-kathua,Location,local commercial,4 - long tail local
best study abroad consultant in Kathua,/study-abroad-consultants-in-kathua,Location,local commercial,4 - long tail local
abroad education consultancy in Kathua,/study-abroad-consultants-in-kathua,Location,local commercial,4 - long tail local
free study abroad counselling Kathua,/study-abroad-consultants-in-kathua,Location,local commercial,4 - long tail local
study abroad consultants in Sopore,/study-abroad-consultants-in-sopore,Location,local commercial,4 - long tail local
overseas education consultants in Sopore,/study-abroad-consultants-in-sopore,Location,local commercial,4 - long tail local
best study abroad consultant in Sopore,/study-abroad-consultants-in-sopore,Location,local commercial,4 - long tail local
abroad education consultancy in Sopore,/study-abroad-consultants-in-sopore,Location,local commercial,4 - long tail local
free study abroad counselling Sopore,/study-abroad-consultants-in-sopore,Location,local commercial,4 - long tail local
study abroad consultants in Kupwara,/study-abroad-consultants-in-kupwara,Location,local commercial,4 - long tail local
overseas education consultants in Kupwara,/study-abroad-consultants-in-kupwara,Location,local commercial,4 - long tail local
best study abroad consultant in Kupwara,/study-abroad-consultants-in-kupwara,Location,local commercial,4 - long tail local
abroad education consultancy in Kupwara,/study-abroad-consultants-in-kupwara,Location,local commercial,4 - long tail local
free study abroad counselling Kupwara,/study-abroad-consultants-in-kupwara,Location,local commercial,4 - long tail local
study abroad consultants in Chandigarh,/study-abroad-consultants-in-chandigarh,Location,local commercial,2 - body
overseas education consultants in Chandigarh,/study-abroad-consultants-in-chandigarh,Location,local commercial,2 - body
best study abroad consultant in Chandigarh,/study-abroad-consultants-in-chandigarh,Location,local commercial,2 - body
abroad education consultancy in Chandigarh,/study-abroad-consultants-in-chandigarh,Location,local commercial,2 - body
free study abroad counselling Chandigarh,/study-abroad-consultants-in-chandigarh,Location,local commercial,2 - body
study abroad consultants in Puducherry,/study-abroad-consultants-in-puducherry,Location,local commercial,2 - body
overseas education consultants in Puducherry,/study-abroad-consultants-in-puducherry,Location,local commercial,2 - body
best study abroad consultant in Puducherry,/study-abroad-consultants-in-puducherry,Location,local commercial,2 - body
abroad education consultancy in Puducherry,/study-abroad-consultants-in-puducherry,Location,local commercial,2 - body
free study abroad counselling Puducherry,/study-abroad-consultants-in-puducherry,Location,local commercial,2 - body
study abroad consultants in Karaikal,/study-abroad-consultants-in-karaikal,Location,local commercial,4 - long tail local
overseas education consultants in Karaikal,/study-abroad-consultants-in-karaikal,Location,local commercial,4 - long tail local
best study abroad consultant in Karaikal,/study-abroad-consultants-in-karaikal,Location,local commercial,4 - long tail local
abroad education consultancy in Karaikal,/study-abroad-consultants-in-karaikal,Location,local commercial,4 - long tail local
free study abroad counselling Karaikal,/study-abroad-consultants-in-karaikal,Location,local commercial,4 - long tail local
study abroad consultants in Yanam,/study-abroad-consultants-in-yanam,Location,local commercial,4 - long tail local
overseas education consultants in Yanam,/study-abroad-consultants-in-yanam,Location,local commercial,4 - long tail local
best study abroad consultant in Yanam,/study-abroad-consultants-in-yanam,Location,local commercial,4 - long tail local
abroad education consultancy in Yanam,/study-abroad-consultants-in-yanam,Location,local commercial,4 - long tail local
free study abroad counselling Yanam,/study-abroad-consultants-in-yanam,Location,local commercial,4 - long tail local
study abroad consultants in Mahe,/study-abroad-consultants-in-mahe,Location,local commercial,4 - long tail local
overseas education consultants in Mahe,/study-abroad-consultants-in-mahe,Location,local commercial,4 - long tail local
best study abroad consultant in Mahe,/study-abroad-consultants-in-mahe,Location,local commercial,4 - long tail local
abroad education consultancy in Mahe,/study-abroad-consultants-in-mahe,Location,local commercial,4 - long tail local
free study abroad counselling Mahe,/study-abroad-consultants-in-mahe,Location,local commercial,4 - long tail local
study abroad consultants in Agartala,/study-abroad-consultants-in-agartala,Location,local commercial,2 - body
overseas education consultants in Agartala,/study-abroad-consultants-in-agartala,Location,local commercial,2 - body
best study abroad consultant in Agartala,/study-abroad-consultants-in-agartala,Location,local commercial,2 - body
abroad education consultancy in Agartala,/study-abroad-consultants-in-agartala,Location,local commercial,2 - body
free study abroad counselling Agartala,/study-abroad-consultants-in-agartala,Location,local commercial,2 - body
study abroad consultants in Udaipur,/study-abroad-consultants-in-udaipur,Location,local commercial,4 - long tail local
overseas education consultants in Udaipur,/study-abroad-consultants-in-udaipur,Location,local commercial,4 - long tail local
best study abroad consultant in Udaipur,/study-abroad-consultants-in-udaipur,Location,local commercial,4 - long tail local
abroad education consultancy in Udaipur,/study-abroad-consultants-in-udaipur,Location,local commercial,4 - long tail local
free study abroad counselling Udaipur,/study-abroad-consultants-in-udaipur,Location,local commercial,4 - long tail local
study abroad consultants in Dharmanagar,/study-abroad-consultants-in-dharmanagar,Location,local commercial,4 - long tail local
overseas education consultants in Dharmanagar,/study-abroad-consultants-in-dharmanagar,Location,local commercial,4 - long tail local
best study abroad consultant in Dharmanagar,/study-abroad-consultants-in-dharmanagar,Location,local commercial,4 - long tail local
abroad education consultancy in Dharmanagar,/study-abroad-consultants-in-dharmanagar,Location,local commercial,4 - long tail local
free study abroad counselling Dharmanagar,/study-abroad-consultants-in-dharmanagar,Location,local commercial,4 - long tail local
study abroad consultants in Kailashahar,/study-abroad-consultants-in-kailashahar,Location,local commercial,4 - long tail local
overseas education consultants in Kailashahar,/study-abroad-consultants-in-kailashahar,Location,local commercial,4 - long tail local
best study abroad consultant in Kailashahar,/study-abroad-consultants-in-kailashahar,Location,local commercial,4 - long tail local
abroad education consultancy in Kailashahar,/study-abroad-consultants-in-kailashahar,Location,local commercial,4 - long tail local
free study abroad counselling Kailashahar,/study-abroad-consultants-in-kailashahar,Location,local commercial,4 - long tail local
study abroad consultants in Imphal,/study-abroad-consultants-in-imphal,Location,local commercial,2 - body
overseas education consultants in Imphal,/study-abroad-consultants-in-imphal,Location,local commercial,2 - body
best study abroad consultant in Imphal,/study-abroad-consultants-in-imphal,Location,local commercial,2 - body
abroad education consultancy in Imphal,/study-abroad-consultants-in-imphal,Location,local commercial,2 - body
free study abroad counselling Imphal,/study-abroad-consultants-in-imphal,Location,local commercial,2 - body
study abroad consultants in Thoubal,/study-abroad-consultants-in-thoubal,Location,local commercial,4 - long tail local
overseas education consultants in Thoubal,/study-abroad-consultants-in-thoubal,Location,local commercial,4 - long tail local
best study abroad consultant in Thoubal,/study-abroad-consultants-in-thoubal,Location,local commercial,4 - long tail local
abroad education consultancy in Thoubal,/study-abroad-consultants-in-thoubal,Location,local commercial,4 - long tail local
free study abroad counselling Thoubal,/study-abroad-consultants-in-thoubal,Location,local commercial,4 - long tail local
study abroad consultants in Churachandpur,/study-abroad-consultants-in-churachandpur,Location,local commercial,4 - long tail local
overseas education consultants in Churachandpur,/study-abroad-consultants-in-churachandpur,Location,local commercial,4 - long tail local
best study abroad consultant in Churachandpur,/study-abroad-consultants-in-churachandpur,Location,local commercial,4 - long tail local
abroad education consultancy in Churachandpur,/study-abroad-consultants-in-churachandpur,Location,local commercial,4 - long tail local
free study abroad counselling Churachandpur,/study-abroad-consultants-in-churachandpur,Location,local commercial,4 - long tail local
study abroad consultants in Bishnupur,/study-abroad-consultants-in-bishnupur,Location,local commercial,4 - long tail local
overseas education consultants in Bishnupur,/study-abroad-consultants-in-bishnupur,Location,local commercial,4 - long tail local
best study abroad consultant in Bishnupur,/study-abroad-consultants-in-bishnupur,Location,local commercial,4 - long tail local
abroad education consultancy in Bishnupur,/study-abroad-consultants-in-bishnupur,Location,local commercial,4 - long tail local
free study abroad counselling Bishnupur,/study-abroad-consultants-in-bishnupur,Location,local commercial,4 - long tail local
study abroad consultants in Shillong,/study-abroad-consultants-in-shillong,Location,local commercial,2 - body
overseas education consultants in Shillong,/study-abroad-consultants-in-shillong,Location,local commercial,2 - body
best study abroad consultant in Shillong,/study-abroad-consultants-in-shillong,Location,local commercial,2 - body
abroad education consultancy in Shillong,/study-abroad-consultants-in-shillong,Location,local commercial,2 - body
free study abroad counselling Shillong,/study-abroad-consultants-in-shillong,Location,local commercial,2 - body
study abroad consultants in Tura,/study-abroad-consultants-in-tura,Location,local commercial,4 - long tail local
overseas education consultants in Tura,/study-abroad-consultants-in-tura,Location,local commercial,4 - long tail local
best study abroad consultant in Tura,/study-abroad-consultants-in-tura,Location,local commercial,4 - long tail local
abroad education consultancy in Tura,/study-abroad-consultants-in-tura,Location,local commercial,4 - long tail local
free study abroad counselling Tura,/study-abroad-consultants-in-tura,Location,local commercial,4 - long tail local
study abroad consultants in Jowai,/study-abroad-consultants-in-jowai,Location,local commercial,4 - long tail local
overseas education consultants in Jowai,/study-abroad-consultants-in-jowai,Location,local commercial,4 - long tail local
best study abroad consultant in Jowai,/study-abroad-consultants-in-jowai,Location,local commercial,4 - long tail local
abroad education consultancy in Jowai,/study-abroad-consultants-in-jowai,Location,local commercial,4 - long tail local
free study abroad counselling Jowai,/study-abroad-consultants-in-jowai,Location,local commercial,4 - long tail local
study abroad consultants in Nongstoin,/study-abroad-consultants-in-nongstoin,Location,local commercial,4 - long tail local
overseas education consultants in Nongstoin,/study-abroad-consultants-in-nongstoin,Location,local commercial,4 - long tail local
best study abroad consultant in Nongstoin,/study-abroad-consultants-in-nongstoin,Location,local commercial,4 - long tail local
abroad education consultancy in Nongstoin,/study-abroad-consultants-in-nongstoin,Location,local commercial,4 - long tail local
free study abroad counselling Nongstoin,/study-abroad-consultants-in-nongstoin,Location,local commercial,4 - long tail local
study abroad consultants in Kohima,/study-abroad-consultants-in-kohima,Location,local commercial,2 - body
overseas education consultants in Kohima,/study-abroad-consultants-in-kohima,Location,local commercial,2 - body
best study abroad consultant in Kohima,/study-abroad-consultants-in-kohima,Location,local commercial,2 - body
abroad education consultancy in Kohima,/study-abroad-consultants-in-kohima,Location,local commercial,2 - body
free study abroad counselling Kohima,/study-abroad-consultants-in-kohima,Location,local commercial,2 - body
study abroad consultants in Dimapur,/study-abroad-consultants-in-dimapur,Location,local commercial,2 - body
overseas education consultants in Dimapur,/study-abroad-consultants-in-dimapur,Location,local commercial,2 - body
best study abroad consultant in Dimapur,/study-abroad-consultants-in-dimapur,Location,local commercial,2 - body
abroad education consultancy in Dimapur,/study-abroad-consultants-in-dimapur,Location,local commercial,2 - body
free study abroad counselling Dimapur,/study-abroad-consultants-in-dimapur,Location,local commercial,2 - body
study abroad consultants in Mokokchung,/study-abroad-consultants-in-mokokchung,Location,local commercial,4 - long tail local
overseas education consultants in Mokokchung,/study-abroad-consultants-in-mokokchung,Location,local commercial,4 - long tail local
best study abroad consultant in Mokokchung,/study-abroad-consultants-in-mokokchung,Location,local commercial,4 - long tail local
abroad education consultancy in Mokokchung,/study-abroad-consultants-in-mokokchung,Location,local commercial,4 - long tail local
free study abroad counselling Mokokchung,/study-abroad-consultants-in-mokokchung,Location,local commercial,4 - long tail local
study abroad consultants in Tuensang,/study-abroad-consultants-in-tuensang,Location,local commercial,4 - long tail local
overseas education consultants in Tuensang,/study-abroad-consultants-in-tuensang,Location,local commercial,4 - long tail local
best study abroad consultant in Tuensang,/study-abroad-consultants-in-tuensang,Location,local commercial,4 - long tail local
abroad education consultancy in Tuensang,/study-abroad-consultants-in-tuensang,Location,local commercial,4 - long tail local
free study abroad counselling Tuensang,/study-abroad-consultants-in-tuensang,Location,local commercial,4 - long tail local
study abroad consultants in Aizawl,/study-abroad-consultants-in-aizawl,Location,local commercial,2 - body
overseas education consultants in Aizawl,/study-abroad-consultants-in-aizawl,Location,local commercial,2 - body
best study abroad consultant in Aizawl,/study-abroad-consultants-in-aizawl,Location,local commercial,2 - body
abroad education consultancy in Aizawl,/study-abroad-consultants-in-aizawl,Location,local commercial,2 - body
free study abroad counselling Aizawl,/study-abroad-consultants-in-aizawl,Location,local commercial,2 - body
study abroad consultants in Lunglei,/study-abroad-consultants-in-lunglei,Location,local commercial,4 - long tail local
overseas education consultants in Lunglei,/study-abroad-consultants-in-lunglei,Location,local commercial,4 - long tail local
best study abroad consultant in Lunglei,/study-abroad-consultants-in-lunglei,Location,local commercial,4 - long tail local
abroad education consultancy in Lunglei,/study-abroad-consultants-in-lunglei,Location,local commercial,4 - long tail local
free study abroad counselling Lunglei,/study-abroad-consultants-in-lunglei,Location,local commercial,4 - long tail local
study abroad consultants in Champhai,/study-abroad-consultants-in-champhai,Location,local commercial,4 - long tail local
overseas education consultants in Champhai,/study-abroad-consultants-in-champhai,Location,local commercial,4 - long tail local
best study abroad consultant in Champhai,/study-abroad-consultants-in-champhai,Location,local commercial,4 - long tail local
abroad education consultancy in Champhai,/study-abroad-consultants-in-champhai,Location,local commercial,4 - long tail local
free study abroad counselling Champhai,/study-abroad-consultants-in-champhai,Location,local commercial,4 - long tail local
study abroad consultants in Itanagar,/study-abroad-consultants-in-itanagar,Location,local commercial,2 - body
overseas education consultants in Itanagar,/study-abroad-consultants-in-itanagar,Location,local commercial,2 - body
best study abroad consultant in Itanagar,/study-abroad-consultants-in-itanagar,Location,local commercial,2 - body
abroad education consultancy in Itanagar,/study-abroad-consultants-in-itanagar,Location,local commercial,2 - body
free study abroad counselling Itanagar,/study-abroad-consultants-in-itanagar,Location,local commercial,2 - body
study abroad consultants in Naharlagun,/study-abroad-consultants-in-naharlagun,Location,local commercial,4 - long tail local
overseas education consultants in Naharlagun,/study-abroad-consultants-in-naharlagun,Location,local commercial,4 - long tail local
best study abroad consultant in Naharlagun,/study-abroad-consultants-in-naharlagun,Location,local commercial,4 - long tail local
abroad education consultancy in Naharlagun,/study-abroad-consultants-in-naharlagun,Location,local commercial,4 - long tail local
free study abroad counselling Naharlagun,/study-abroad-consultants-in-naharlagun,Location,local commercial,4 - long tail local
study abroad consultants in Pasighat,/study-abroad-consultants-in-pasighat,Location,local commercial,4 - long tail local
overseas education consultants in Pasighat,/study-abroad-consultants-in-pasighat,Location,local commercial,4 - long tail local
best study abroad consultant in Pasighat,/study-abroad-consultants-in-pasighat,Location,local commercial,4 - long tail local
abroad education consultancy in Pasighat,/study-abroad-consultants-in-pasighat,Location,local commercial,4 - long tail local
free study abroad counselling Pasighat,/study-abroad-consultants-in-pasighat,Location,local commercial,4 - long tail local
study abroad consultants in Tezu,/study-abroad-consultants-in-tezu,Location,local commercial,4 - long tail local
overseas education consultants in Tezu,/study-abroad-consultants-in-tezu,Location,local commercial,4 - long tail local
best study abroad consultant in Tezu,/study-abroad-consultants-in-tezu,Location,local commercial,4 - long tail local
abroad education consultancy in Tezu,/study-abroad-consultants-in-tezu,Location,local commercial,4 - long tail local
free study abroad counselling Tezu,/study-abroad-consultants-in-tezu,Location,local commercial,4 - long tail local
study abroad consultants in Gangtok,/study-abroad-consultants-in-gangtok,Location,local commercial,2 - body
overseas education consultants in Gangtok,/study-abroad-consultants-in-gangtok,Location,local commercial,2 - body
best study abroad consultant in Gangtok,/study-abroad-consultants-in-gangtok,Location,local commercial,2 - body
abroad education consultancy in Gangtok,/study-abroad-consultants-in-gangtok,Location,local commercial,2 - body
free study abroad counselling Gangtok,/study-abroad-consultants-in-gangtok,Location,local commercial,2 - body
study abroad consultants in Namchi,/study-abroad-consultants-in-namchi,Location,local commercial,4 - long tail local
overseas education consultants in Namchi,/study-abroad-consultants-in-namchi,Location,local commercial,4 - long tail local
best study abroad consultant in Namchi,/study-abroad-consultants-in-namchi,Location,local commercial,4 - long tail local
abroad education consultancy in Namchi,/study-abroad-consultants-in-namchi,Location,local commercial,4 - long tail local
free study abroad counselling Namchi,/study-abroad-consultants-in-namchi,Location,local commercial,4 - long tail local
study abroad consultants in Gyalshing,/study-abroad-consultants-in-gyalshing,Location,local commercial,4 - long tail local
overseas education consultants in Gyalshing,/study-abroad-consultants-in-gyalshing,Location,local commercial,4 - long tail local
best study abroad consultant in Gyalshing,/study-abroad-consultants-in-gyalshing,Location,local commercial,4 - long tail local
abroad education consultancy in Gyalshing,/study-abroad-consultants-in-gyalshing,Location,local commercial,4 - long tail local
free study abroad counselling Gyalshing,/study-abroad-consultants-in-gyalshing,Location,local commercial,4 - long tail local
study abroad consultants in Mangan,/study-abroad-consultants-in-mangan,Location,local commercial,4 - long tail local
overseas education consultants in Mangan,/study-abroad-consultants-in-mangan,Location,local commercial,4 - long tail local
best study abroad consultant in Mangan,/study-abroad-consultants-in-mangan,Location,local commercial,4 - long tail local
abroad education consultancy in Mangan,/study-abroad-consultants-in-mangan,Location,local commercial,4 - long tail local
free study abroad counselling Mangan,/study-abroad-consultants-in-mangan,Location,local commercial,4 - long tail local
study abroad consultants in Port Blair,/study-abroad-consultants-in-port-blair,Location,local commercial,4 - long tail local
overseas education consultants in Port Blair,/study-abroad-consultants-in-port-blair,Location,local commercial,4 - long tail local
best study abroad consultant in Port Blair,/study-abroad-consultants-in-port-blair,Location,local commercial,4 - long tail local
abroad education consultancy in Port Blair,/study-abroad-consultants-in-port-blair,Location,local commercial,4 - long tail local
free study abroad counselling Port Blair,/study-abroad-consultants-in-port-blair,Location,local commercial,4 - long tail local
study abroad consultants in Car Nicobar,/study-abroad-consultants-in-car-nicobar,Location,local commercial,4 - long tail local
overseas education consultants in Car Nicobar,/study-abroad-consultants-in-car-nicobar,Location,local commercial,4 - long tail local
best study abroad consultant in Car Nicobar,/study-abroad-consultants-in-car-nicobar,Location,local commercial,4 - long tail local
abroad education consultancy in Car Nicobar,/study-abroad-consultants-in-car-nicobar,Location,local commercial,4 - long tail local
free study abroad counselling Car Nicobar,/study-abroad-consultants-in-car-nicobar,Location,local commercial,4 - long tail local
study abroad consultants in Leh,/study-abroad-consultants-in-leh,Location,local commercial,4 - long tail local
overseas education consultants in Leh,/study-abroad-consultants-in-leh,Location,local commercial,4 - long tail local
best study abroad consultant in Leh,/study-abroad-consultants-in-leh,Location,local commercial,4 - long tail local
abroad education consultancy in Leh,/study-abroad-consultants-in-leh,Location,local commercial,4 - long tail local
free study abroad counselling Leh,/study-abroad-consultants-in-leh,Location,local commercial,4 - long tail local
study abroad consultants in Kargil,/study-abroad-consultants-in-kargil,Location,local commercial,4 - long tail local
overseas education consultants in Kargil,/study-abroad-consultants-in-kargil,Location,local commercial,4 - long tail local
best study abroad consultant in Kargil,/study-abroad-consultants-in-kargil,Location,local commercial,4 - long tail local
abroad education consultancy in Kargil,/study-abroad-consultants-in-kargil,Location,local commercial,4 - long tail local
free study abroad counselling Kargil,/study-abroad-consultants-in-kargil,Location,local commercial,4 - long tail local
study abroad consultants in Silvassa,/study-abroad-consultants-in-silvassa,Location,local commercial,4 - long tail local
overseas education consultants in Silvassa,/study-abroad-consultants-in-silvassa,Location,local commercial,4 - long tail local
best study abroad consultant in Silvassa,/study-abroad-consultants-in-silvassa,Location,local commercial,4 - long tail local
abroad education consultancy in Silvassa,/study-abroad-consultants-in-silvassa,Location,local commercial,4 - long tail local
free study abroad counselling Silvassa,/study-abroad-consultants-in-silvassa,Location,local commercial,4 - long tail local
study abroad consultants in Daman,/study-abroad-consultants-in-daman,Location,local commercial,4 - long tail local
overseas education consultants in Daman,/study-abroad-consultants-in-daman,Location,local commercial,4 - long tail local
best study abroad consultant in Daman,/study-abroad-consultants-in-daman,Location,local commercial,4 - long tail local
abroad education consultancy in Daman,/study-abroad-consultants-in-daman,Location,local commercial,4 - long tail local
free study abroad counselling Daman,/study-abroad-consultants-in-daman,Location,local commercial,4 - long tail local
study abroad consultants in Diu,/study-abroad-consultants-in-diu,Location,local commercial,4 - long tail local
overseas education consultants in Diu,/study-abroad-consultants-in-diu,Location,local commercial,4 - long tail local
best study abroad consultant in Diu,/study-abroad-consultants-in-diu,Location,local commercial,4 - long tail local
abroad education consultancy in Diu,/study-abroad-consultants-in-diu,Location,local commercial,4 - long tail local
free study abroad counselling Diu,/study-abroad-consultants-in-diu,Location,local commercial,4 - long tail local
study abroad consultants in Maharashtra,state page,Location,local commercial,2 - body
study abroad consultants in Karnataka,state page,Location,local commercial,2 - body
study abroad consultants in Tamil Nadu,state page,Location,local commercial,2 - body
study abroad consultants in Telangana,state page,Location,local commercial,2 - body
study abroad consultants in Delhi,state page,Location,local commercial,2 - body
study abroad consultants in Gujarat,state page,Location,local commercial,2 - body
study abroad consultants in Kerala,state page,Location,local commercial,2 - body
study abroad consultants in West Bengal,state page,Location,local commercial,2 - body
study abroad consultants in Uttar Pradesh,state page,Location,local commercial,2 - body
study abroad consultants in Rajasthan,state page,Location,local commercial,2 - body
study abroad consultants in Madhya Pradesh,state page,Location,local commercial,2 - body
study abroad consultants in Punjab,state page,Location,local commercial,2 - body
study abroad consultants in Haryana,state page,Location,local commercial,2 - body
study abroad consultants in Andhra Pradesh,state page,Location,local commercial,2 - body
study abroad consultants in Bihar,state page,Location,local commercial,2 - body
study abroad consultants in Odisha,state page,Location,local commercial,2 - body
study abroad consultants in Jharkhand,state page,Location,local commercial,2 - body
study abroad consultants in Chhattisgarh,state page,Location,local commercial,2 - body
study abroad consultants in Assam,state page,Location,local commercial,2 - body
study abroad consultants in Uttarakhand,state page,Location,local commercial,2 - body
study abroad consultants in Himachal Pradesh,state page,Location,local commercial,2 - body
study abroad consultants in Goa,state page,Location,local commercial,2 - body
study abroad consultants in Jammu & Kashmir,state page,Location,local commercial,2 - body
study abroad consultants in Chandigarh,state page,Location,local commercial,2 - body
study abroad consultants in Puducherry,state page,Location,local commercial,2 - body
study abroad consultants in Tripura,state page,Location,local commercial,2 - body
study abroad consultants in Manipur,state page,Location,local commercial,2 - body
study abroad consultants in Meghalaya,state page,Location,local commercial,2 - body
study abroad consultants in Nagaland,state page,Location,local commercial,2 - body
study abroad consultants in Mizoram,state page,Location,local commercial,2 - body
study abroad consultants in Arunachal Pradesh,state page,Location,local commercial,2 - body
study abroad consultants in Sikkim,state page,Location,local commercial,2 - body
study abroad consultants in Andaman & Nicobar Islands,state page,Location,local commercial,2 - body
study abroad consultants in Ladakh,state page,Location,local commercial,2 - body
study abroad consultants in Dadra & Nagar Haveli and Daman & Diu,state page,Location,local commercial,2 - body
study in UK for Indian students,/study-in-uk,Destination,commercial,2 - body
cost of studying in UK,/study-in-uk,Destination,commercial,2 - body
UK student visa for Indian students,/study-in-uk,Destination,commercial,2 - body
education loan for UK,/study-in-uk,Destination,commercial,2 - body
scholarships in UK for Indian students,/study-in-uk,Destination,commercial,2 - body
MS in UK,/study-in-uk,Destination,commercial,2 - body
MBA in UK,/study-in-uk,Destination,commercial,2 - body
best universities in UK for Indian students,/study-in-uk,Destination,commercial,2 - body
post study work visa UK,/study-in-uk,Destination,commercial,2 - body
intakes in UK,/study-in-uk,Destination,commercial,2 - body
study in USA for Indian students,/study-in-usa,Destination,commercial,2 - body
cost of studying in USA,/study-in-usa,Destination,commercial,2 - body
USA student visa for Indian students,/study-in-usa,Destination,commercial,2 - body
education loan for USA,/study-in-usa,Destination,commercial,2 - body
scholarships in USA for Indian students,/study-in-usa,Destination,commercial,2 - body
MS in USA,/study-in-usa,Destination,commercial,2 - body
MBA in USA,/study-in-usa,Destination,commercial,2 - body
best universities in USA for Indian students,/study-in-usa,Destination,commercial,2 - body
post study work visa USA,/study-in-usa,Destination,commercial,2 - body
intakes in USA,/study-in-usa,Destination,commercial,2 - body
study in Canada for Indian students,/study-in-canada,Destination,commercial,2 - body
cost of studying in Canada,/study-in-canada,Destination,commercial,2 - body
Canada student visa for Indian students,/study-in-canada,Destination,commercial,2 - body
education loan for Canada,/study-in-canada,Destination,commercial,2 - body
scholarships in Canada for Indian students,/study-in-canada,Destination,commercial,2 - body
MS in Canada,/study-in-canada,Destination,commercial,2 - body
MBA in Canada,/study-in-canada,Destination,commercial,2 - body
best universities in Canada for Indian students,/study-in-canada,Destination,commercial,2 - body
post study work visa Canada,/study-in-canada,Destination,commercial,2 - body
intakes in Canada,/study-in-canada,Destination,commercial,2 - body
study in Australia for Indian students,/study-in-australia,Destination,commercial,2 - body
cost of studying in Australia,/study-in-australia,Destination,commercial,2 - body
Australia student visa for Indian students,/study-in-australia,Destination,commercial,2 - body
education loan for Australia,/study-in-australia,Destination,commercial,2 - body
scholarships in Australia for Indian students,/study-in-australia,Destination,commercial,2 - body
MS in Australia,/study-in-australia,Destination,commercial,2 - body
MBA in Australia,/study-in-australia,Destination,commercial,2 - body
best universities in Australia for Indian students,/study-in-australia,Destination,commercial,2 - body
post study work visa Australia,/study-in-australia,Destination,commercial,2 - body
intakes in Australia,/study-in-australia,Destination,commercial,2 - body
study in Germany for Indian students,/study-in-germany,Destination,commercial,2 - body
cost of studying in Germany,/study-in-germany,Destination,commercial,2 - body
Germany student visa for Indian students,/study-in-germany,Destination,commercial,2 - body
education loan for Germany,/study-in-germany,Destination,commercial,2 - body
scholarships in Germany for Indian students,/study-in-germany,Destination,commercial,2 - body
MS in Germany,/study-in-germany,Destination,commercial,2 - body
MBA in Germany,/study-in-germany,Destination,commercial,2 - body
best universities in Germany for Indian students,/study-in-germany,Destination,commercial,2 - body
post study work visa Germany,/study-in-germany,Destination,commercial,2 - body
intakes in Germany,/study-in-germany,Destination,commercial,2 - body
study in Ireland for Indian students,/study-in-ireland,Destination,commercial,2 - body
cost of studying in Ireland,/study-in-ireland,Destination,commercial,2 - body
Ireland student visa for Indian students,/study-in-ireland,Destination,commercial,2 - body
education loan for Ireland,/study-in-ireland,Destination,commercial,2 - body
scholarships in Ireland for Indian students,/study-in-ireland,Destination,commercial,2 - body
MS in Ireland,/study-in-ireland,Destination,commercial,2 - body
MBA in Ireland,/study-in-ireland,Destination,commercial,2 - body
best universities in Ireland for Indian students,/study-in-ireland,Destination,commercial,2 - body
post study work visa Ireland,/study-in-ireland,Destination,commercial,2 - body
intakes in Ireland,/study-in-ireland,Destination,commercial,2 - body
study in France for Indian students,/study-in-france,Destination,commercial,2 - body
cost of studying in France,/study-in-france,Destination,commercial,2 - body
France student visa for Indian students,/study-in-france,Destination,commercial,2 - body
education loan for France,/study-in-france,Destination,commercial,2 - body
scholarships in France for Indian students,/study-in-france,Destination,commercial,2 - body
MS in France,/study-in-france,Destination,commercial,2 - body
MBA in France,/study-in-france,Destination,commercial,2 - body
best universities in France for Indian students,/study-in-france,Destination,commercial,2 - body
post study work visa France,/study-in-france,Destination,commercial,2 - body
intakes in France,/study-in-france,Destination,commercial,2 - body
study in New Zealand for Indian students,/study-in-new-zealand,Destination,commercial,2 - body
cost of studying in New Zealand,/study-in-new-zealand,Destination,commercial,2 - body
New Zealand student visa for Indian students,/study-in-new-zealand,Destination,commercial,2 - body
education loan for New Zealand,/study-in-new-zealand,Destination,commercial,2 - body
scholarships in New Zealand for Indian students,/study-in-new-zealand,Destination,commercial,2 - body
MS in New Zealand,/study-in-new-zealand,Destination,commercial,2 - body
MBA in New Zealand,/study-in-new-zealand,Destination,commercial,2 - body
best universities in New Zealand for Indian students,/study-in-new-zealand,Destination,commercial,2 - body
post study work visa New Zealand,/study-in-new-zealand,Destination,commercial,2 - body
intakes in New Zealand,/study-in-new-zealand,Destination,commercial,2 - body
study in Netherlands for Indian students,/study-in-netherlands,Destination,commercial,2 - body
cost of studying in Netherlands,/study-in-netherlands,Destination,commercial,2 - body
Netherlands student visa for Indian students,/study-in-netherlands,Destination,commercial,2 - body
education loan for Netherlands,/study-in-netherlands,Destination,commercial,2 - body
scholarships in Netherlands for Indian students,/study-in-netherlands,Destination,commercial,2 - body
MS in Netherlands,/study-in-netherlands,Destination,commercial,2 - body
MBA in Netherlands,/study-in-netherlands,Destination,commercial,2 - body
best universities in Netherlands for Indian students,/study-in-netherlands,Destination,commercial,2 - body
post study work visa Netherlands,/study-in-netherlands,Destination,commercial,2 - body
intakes in Netherlands,/study-in-netherlands,Destination,commercial,2 - body
study in Italy for Indian students,/study-in-italy,Destination,commercial,2 - body
cost of studying in Italy,/study-in-italy,Destination,commercial,2 - body
Italy student visa for Indian students,/study-in-italy,Destination,commercial,2 - body
education loan for Italy,/study-in-italy,Destination,commercial,2 - body
scholarships in Italy for Indian students,/study-in-italy,Destination,commercial,2 - body
MS in Italy,/study-in-italy,Destination,commercial,2 - body
MBA in Italy,/study-in-italy,Destination,commercial,2 - body
best universities in Italy for Indian students,/study-in-italy,Destination,commercial,2 - body
post study work visa Italy,/study-in-italy,Destination,commercial,2 - body
intakes in Italy,/study-in-italy,Destination,commercial,2 - body
study in Spain for Indian students,/study-in-spain,Destination,commercial,2 - body
cost of studying in Spain,/study-in-spain,Destination,commercial,2 - body
Spain student visa for Indian students,/study-in-spain,Destination,commercial,2 - body
education loan for Spain,/study-in-spain,Destination,commercial,2 - body
scholarships in Spain for Indian students,/study-in-spain,Destination,commercial,2 - body
MS in Spain,/study-in-spain,Destination,commercial,2 - body
MBA in Spain,/study-in-spain,Destination,commercial,2 - body
best universities in Spain for Indian students,/study-in-spain,Destination,commercial,2 - body
post study work visa Spain,/study-in-spain,Destination,commercial,2 - body
intakes in Spain,/study-in-spain,Destination,commercial,2 - body
study in Switzerland for Indian students,/study-in-switzerland,Destination,commercial,2 - body
cost of studying in Switzerland,/study-in-switzerland,Destination,commercial,2 - body
Switzerland student visa for Indian students,/study-in-switzerland,Destination,commercial,2 - body
education loan for Switzerland,/study-in-switzerland,Destination,commercial,2 - body
scholarships in Switzerland for Indian students,/study-in-switzerland,Destination,commercial,2 - body
MS in Switzerland,/study-in-switzerland,Destination,commercial,2 - body
MBA in Switzerland,/study-in-switzerland,Destination,commercial,2 - body
best universities in Switzerland for Indian students,/study-in-switzerland,Destination,commercial,2 - body
post study work visa Switzerland,/study-in-switzerland,Destination,commercial,2 - body
intakes in Switzerland,/study-in-switzerland,Destination,commercial,2 - body
study in Singapore for Indian students,/study-in-singapore,Destination,commercial,2 - body
cost of studying in Singapore,/study-in-singapore,Destination,commercial,2 - body
Singapore student visa for Indian students,/study-in-singapore,Destination,commercial,2 - body
education loan for Singapore,/study-in-singapore,Destination,commercial,2 - body
scholarships in Singapore for Indian students,/study-in-singapore,Destination,commercial,2 - body
MS in Singapore,/study-in-singapore,Destination,commercial,2 - body
MBA in Singapore,/study-in-singapore,Destination,commercial,2 - body
best universities in Singapore for Indian students,/study-in-singapore,Destination,commercial,2 - body
post study work visa Singapore,/study-in-singapore,Destination,commercial,2 - body
intakes in Singapore,/study-in-singapore,Destination,commercial,2 - body
study in Malaysia for Indian students,/study-in-malaysia,Destination,commercial,2 - body
cost of studying in Malaysia,/study-in-malaysia,Destination,commercial,2 - body
Malaysia student visa for Indian students,/study-in-malaysia,Destination,commercial,2 - body
education loan for Malaysia,/study-in-malaysia,Destination,commercial,2 - body
scholarships in Malaysia for Indian students,/study-in-malaysia,Destination,commercial,2 - body
MS in Malaysia,/study-in-malaysia,Destination,commercial,2 - body
MBA in Malaysia,/study-in-malaysia,Destination,commercial,2 - body
best universities in Malaysia for Indian students,/study-in-malaysia,Destination,commercial,2 - body
post study work visa Malaysia,/study-in-malaysia,Destination,commercial,2 - body
intakes in Malaysia,/study-in-malaysia,Destination,commercial,2 - body
study in Dubai for Indian students,/study-in-dubai,Destination,commercial,2 - body
cost of studying in Dubai,/study-in-dubai,Destination,commercial,2 - body
Dubai student visa for Indian students,/study-in-dubai,Destination,commercial,2 - body
education loan for Dubai,/study-in-dubai,Destination,commercial,2 - body
scholarships in Dubai for Indian students,/study-in-dubai,Destination,commercial,2 - body
MS in Dubai,/study-in-dubai,Destination,commercial,2 - body
MBA in Dubai,/study-in-dubai,Destination,commercial,2 - body
best universities in Dubai for Indian students,/study-in-dubai,Destination,commercial,2 - body
post study work visa Dubai,/study-in-dubai,Destination,commercial,2 - body
intakes in Dubai,/study-in-dubai,Destination,commercial,2 - body
study in Mauritius for Indian students,/study-in-mauritius,Destination,commercial,2 - body
cost of studying in Mauritius,/study-in-mauritius,Destination,commercial,2 - body
Mauritius student visa for Indian students,/study-in-mauritius,Destination,commercial,2 - body
education loan for Mauritius,/study-in-mauritius,Destination,commercial,2 - body
scholarships in Mauritius for Indian students,/study-in-mauritius,Destination,commercial,2 - body
MS in Mauritius,/study-in-mauritius,Destination,commercial,2 - body
MBA in Mauritius,/study-in-mauritius,Destination,commercial,2 - body
best universities in Mauritius for Indian students,/study-in-mauritius,Destination,commercial,2 - body
post study work visa Mauritius,/study-in-mauritius,Destination,commercial,2 - body
intakes in Mauritius,/study-in-mauritius,Destination,commercial,2 - body
study in Japan for Indian students,/study-in-japan,Destination,commercial,2 - body
cost of studying in Japan,/study-in-japan,Destination,commercial,2 - body
Japan student visa for Indian students,/study-in-japan,Destination,commercial,2 - body
education loan for Japan,/study-in-japan,Destination,commercial,2 - body
scholarships in Japan for Indian students,/study-in-japan,Destination,commercial,2 - body
MS in Japan,/study-in-japan,Destination,commercial,2 - body
MBA in Japan,/study-in-japan,Destination,commercial,2 - body
best universities in Japan for Indian students,/study-in-japan,Destination,commercial,2 - body
post study work visa Japan,/study-in-japan,Destination,commercial,2 - body
intakes in Japan,/study-in-japan,Destination,commercial,2 - body
study in China for Indian students,/study-in-china,Destination,commercial,2 - body
cost of studying in China,/study-in-china,Destination,commercial,2 - body
China student visa for Indian students,/study-in-china,Destination,commercial,2 - body
education loan for China,/study-in-china,Destination,commercial,2 - body
scholarships in China for Indian students,/study-in-china,Destination,commercial,2 - body
MS in China,/study-in-china,Destination,commercial,2 - body
MBA in China,/study-in-china,Destination,commercial,2 - body
best universities in China for Indian students,/study-in-china,Destination,commercial,2 - body
post study work visa China,/study-in-china,Destination,commercial,2 - body
intakes in China,/study-in-china,Destination,commercial,2 - body
study in Russia for Indian students,/study-in-russia,Destination,commercial,2 - body
cost of studying in Russia,/study-in-russia,Destination,commercial,2 - body
Russia student visa for Indian students,/study-in-russia,Destination,commercial,2 - body
education loan for Russia,/study-in-russia,Destination,commercial,2 - body
scholarships in Russia for Indian students,/study-in-russia,Destination,commercial,2 - body
MS in Russia,/study-in-russia,Destination,commercial,2 - body
MBA in Russia,/study-in-russia,Destination,commercial,2 - body
best universities in Russia for Indian students,/study-in-russia,Destination,commercial,2 - body
post study work visa Russia,/study-in-russia,Destination,commercial,2 - body
intakes in Russia,/study-in-russia,Destination,commercial,2 - body
